2026-04-14 03:51:52 INFO  c.a.b.BudgetBuddyApplication - Starting BudgetBuddyApplication using Java 21.0.9 with PID 48680 (C:\Users\alexk\Documents\BudgetBuddy\target\classes started by alexk in C:\Users\alexk\Documents\BudgetBuddy)
2026-04-14 03:51:52 DEBUG c.a.b.BudgetBuddyApplication - Running with Spring Boot v3.3.3, Spring v6.1.12
2026-04-14 03:51:52 INFO  c.a.b.BudgetBuddyApplication - No active profile set, falling back to 1 default profile: "default"
2026-04-14 03:51:52 INFO  o.s.d.r.c.RepositoryConfigurationDelegate - Multiple Spring Data modules found, entering strict repository configuration mode
2026-04-14 03:51:52 INFO  o.s.d.r.c.RepositoryConfigurationDelegate - Bootstrapping Spring Data JPA repositories in DEFAULT mode.
2026-04-14 03:51:52 INFO  o.s.d.r.c.RepositoryConfigurationDelegate - Finished Spring Data repository scanning in 73 ms. Found 40 JPA repository interfaces.
2026-04-14 03:51:52 INFO  o.s.d.r.c.RepositoryConfigurationDelegate - Multiple Spring Data modules found, entering strict repository configuration mode
2026-04-14 03:51:52 INFO  o.s.d.r.c.RepositoryConfigurationDelegate - Bootstrapping Spring Data Redis repositories in DEFAULT mode.
2026-04-14 03:51:52 INFO  o.s.d.r.c.RepositoryConfigurationExtensionSupport - Spring Data Redis - Could not safely identify store assignment for repository candidate interface com.app.budgetbuddy.repositories.AccountRepository; If you want this repository to be a Redis repository, consider annotating your entities with one of these annotations: org.springframework.data.redis.core.RedisHash (preferred), or consider extending one of the following types with your repository: org.springframework.data.keyvalue.repository.KeyValueRepository
2026-04-14 03:51:52 INFO  o.s.d.r.c.RepositoryConfigurationExtensionSupport - Spring Data Redis - Could not safely identify store assignment for repository candidate interface com.app.budgetbuddy.repositories.BPAccountBalanceRepository; If you want this repository to be a Redis repository, consider annotating your entities with one of these annotations: org.springframework.data.redis.core.RedisHash (preferred), or consider extending one of the following types with your repository: org.springframework.data.keyvalue.repository.KeyValueRepository
2026-04-14 03:51:52 INFO  o.s.d.r.c.RepositoryConfigurationExtensionSupport - Spring Data Redis - Could not safely identify store assignment for repository candidate interface com.app.budgetbuddy.repositories.BPBudgetCategoryRepository; If you want this repository to be a Redis repository, consider annotating your entities with one of these annotations: org.springframework.data.redis.core.RedisHash (preferred), or consider extending one of the following types with your repository: org.springframework.data.keyvalue.repository.KeyValueRepository
2026-04-14 03:51:52 INFO  o.s.d.r.c.RepositoryConfigurationExtensionSupport - Spring Data Redis - Could not safely identify store assignment for repository candidate interface com.app.budgetbuddy.repositories.BPCategoryDetailsRepository; If you want this repository to be a Redis repository, consider annotating your entities with one of these annotations: org.springframework.data.redis.core.RedisHash (preferred), or consider extending one of the following types with your repository: org.springframework.data.keyvalue.repository.KeyValueRepository
2026-04-14 03:51:52 INFO  o.s.d.r.c.RepositoryConfigurationExtensionSupport - Spring Data Redis - Could not safely identify store assignment for repository candidate interface com.app.budgetbuddy.repositories.BPCategoryGroupMemberRepository; If you want this repository to be a Redis repository, consider annotating your entities with one of these annotations: org.springframework.data.redis.core.RedisHash (preferred), or consider extending one of the following types with your repository: org.springframework.data.keyvalue.repository.KeyValueRepository
2026-04-14 03:51:52 INFO  o.s.d.r.c.RepositoryConfigurationExtensionSupport - Spring Data Redis - Could not safely identify store assignment for repository candidate interface com.app.budgetbuddy.repositories.BPCategoryGroupRepository; If you want this repository to be a Redis repository, consider annotating your entities with one of these annotations: org.springframework.data.redis.core.RedisHash (preferred), or consider extending one of the following types with your repository: org.springframework.data.keyvalue.repository.KeyValueRepository
2026-04-14 03:51:52 INFO  o.s.d.r.c.RepositoryConfigurationExtensionSupport - Spring Data Redis - Could not safely identify store assignment for repository candidate interface com.app.budgetbuddy.repositories.BPCellRepository; If you want this repository to be a Redis repository, consider annotating your entities with one of these annotations: org.springframework.data.redis.core.RedisHash (preferred), or consider extending one of the following types with your repository: org.springframework.data.keyvalue.repository.KeyValueRepository
2026-04-14 03:51:52 INFO  o.s.d.r.c.RepositoryConfigurationExtensionSupport - Spring Data Redis - Could not safely identify store assignment for repository candidate interface com.app.budgetbuddy.repositories.BPColumnRepository; If you want this repository to be a Redis repository, consider annotating your entities with one of these annotations: org.springframework.data.redis.core.RedisHash (preferred), or consider extending one of the following types with your repository: org.springframework.data.keyvalue.repository.KeyValueRepository
2026-04-14 03:51:52 INFO  o.s.d.r.c.RepositoryConfigurationExtensionSupport - Spring Data Redis - Could not safely identify store assignment for repository candidate interface com.app.budgetbuddy.repositories.BPRowRepository; If you want this repository to be a Redis repository, consider annotating your entities with one of these annotations: org.springframework.data.redis.core.RedisHash (preferred), or consider extending one of the following types with your repository: org.springframework.data.keyvalue.repository.KeyValueRepository
2026-04-14 03:51:52 INFO  o.s.d.r.c.RepositoryConfigurationExtensionSupport - Spring Data Redis - Could not safely identify store assignment for repository candidate interface com.app.budgetbuddy.repositories.BPTemplateDetailsRepository; If you want this repository to be a Redis repository, consider annotating your entities with one of these annotations: org.springframework.data.redis.core.RedisHash (preferred), or consider extending one of the following types with your repository: org.springframework.data.keyvalue.repository.KeyValueRepository
2026-04-14 03:51:52 INFO  o.s.d.r.c.RepositoryConfigurationExtensionSupport - Spring Data Redis - Could not safely identify store assignment for repository candidate interface com.app.budgetbuddy.repositories.BPTemplateRepository; If you want this repository to be a Redis repository, consider annotating your entities with one of these annotations: org.springframework.data.redis.core.RedisHash (preferred), or consider extending one of the following types with your repository: org.springframework.data.keyvalue.repository.KeyValueRepository
2026-04-14 03:51:52 INFO  o.s.d.r.c.RepositoryConfigurationExtensionSupport - Spring Data Redis - Could not safely identify store assignment for repository candidate interface com.app.budgetbuddy.repositories.BPWeekDetailsRepository; If you want this repository to be a Redis repository, consider annotating your entities with one of these annotations: org.springframework.data.redis.core.RedisHash (preferred), or consider extending one of the following types with your repository: org.springframework.data.keyvalue.repository.KeyValueRepository
2026-04-14 03:51:52 INFO  o.s.d.r.c.RepositoryConfigurationExtensionSupport - Spring Data Redis - Could not safely identify store assignment for repository candidate interface com.app.budgetbuddy.repositories.BudgetCategoryRepository; If you want this repository to be a Redis repository, consider annotating your entities with one of these annotations: org.springframework.data.redis.core.RedisHash (preferred), or consider extending one of the following types with your repository: org.springframework.data.keyvalue.repository.KeyValueRepository
2026-04-14 03:51:52 INFO  o.s.d.r.c.RepositoryConfigurationExtensionSupport - Spring Data Redis - Could not safely identify store assignment for repository candidate interface com.app.budgetbuddy.repositories.BudgetEnvelopesRepository; If you want this repository to be a Redis repository, consider annotating your entities with one of these annotations: org.springframework.data.redis.core.RedisHash (preferred), or consider extending one of the following types with your repository: org.springframework.data.keyvalue.repository.KeyValueRepository
2026-04-14 03:51:52 INFO  o.s.d.r.c.RepositoryConfigurationExtensionSupport - Spring Data Redis - Could not safely identify store assignment for repository candidate interface com.app.budgetbuddy.repositories.BudgetGoalsRepository; If you want this repository to be a Redis repository, consider annotating your entities with one of these annotations: org.springframework.data.redis.core.RedisHash (preferred), or consider extending one of the following types with your repository: org.springframework.data.keyvalue.repository.KeyValueRepository
2026-04-14 03:51:52 INFO  o.s.d.r.c.RepositoryConfigurationExtensionSupport - Spring Data Redis - Could not safely identify store assignment for repository candidate interface com.app.budgetbuddy.repositories.BudgetRepository; If you want this repository to be a Redis repository, consider annotating your entities with one of these annotations: org.springframework.data.redis.core.RedisHash (preferred), or consider extending one of the following types with your repository: org.springframework.data.keyvalue.repository.KeyValueRepository
2026-04-14 03:51:52 INFO  o.s.d.r.c.RepositoryConfigurationExtensionSupport - Spring Data Redis - Could not safely identify store assignment for repository candidate interface com.app.budgetbuddy.repositories.BudgetScheduleRangeRepository; If you want this repository to be a Redis repository, consider annotating your entities with one of these annotations: org.springframework.data.redis.core.RedisHash (preferred), or consider extending one of the following types with your repository: org.springframework.data.keyvalue.repository.KeyValueRepository
2026-04-14 03:51:52 INFO  o.s.d.r.c.RepositoryConfigurationExtensionSupport - Spring Data Redis - Could not safely identify store assignment for repository candidate interface com.app.budgetbuddy.repositories.BudgetScheduleRepository; If you want this repository to be a Redis repository, consider annotating your entities with one of these annotations: org.springframework.data.redis.core.RedisHash (preferred), or consider extending one of the following types with your repository: org.springframework.data.keyvalue.repository.KeyValueRepository
2026-04-14 03:51:52 INFO  o.s.d.r.c.RepositoryConfigurationExtensionSupport - Spring Data Redis - Could not safely identify store assignment for repository candidate interface com.app.budgetbuddy.repositories.BudgetStatisticsRepository; If you want this repository to be a Redis repository, consider annotating your entities with one of these annotations: org.springframework.data.redis.core.RedisHash (preferred), or consider extending one of the following types with your repository: org.springframework.data.keyvalue.repository.KeyValueRepository
2026-04-14 03:51:52 INFO  o.s.d.r.c.RepositoryConfigurationExtensionSupport - Spring Data Redis - Could not safely identify store assignment for repository candidate interface com.app.budgetbuddy.repositories.CategoryRepository; If you want this repository to be a Redis repository, consider annotating your entities with one of these annotations: org.springframework.data.redis.core.RedisHash (preferred), or consider extending one of the following types with your repository: org.springframework.data.keyvalue.repository.KeyValueRepository
2026-04-14 03:51:52 INFO  o.s.d.r.c.RepositoryConfigurationExtensionSupport - Spring Data Redis - Could not safely identify store assignment for repository candidate interface com.app.budgetbuddy.repositories.ControlledSpendingCategoryRepository; If you want this repository to be a Redis repository, consider annotating your entities with one of these annotations: org.springframework.data.redis.core.RedisHash (preferred), or consider extending one of the following types with your repository: org.springframework.data.keyvalue.repository.KeyValueRepository
2026-04-14 03:51:52 INFO  o.s.d.r.c.RepositoryConfigurationExtensionSupport - Spring Data Redis - Could not safely identify store assignment for repository candidate interface com.app.budgetbuddy.repositories.CSVAccountRepository; If you want this repository to be a Redis repository, consider annotating your entities with one of these annotations: org.springframework.data.redis.core.RedisHash (preferred), or consider extending one of the following types with your repository: org.springframework.data.keyvalue.repository.KeyValueRepository
2026-04-14 03:51:52 INFO  o.s.d.r.c.RepositoryConfigurationExtensionSupport - Spring Data Redis - Could not safely identify store assignment for repository candidate interface com.app.budgetbuddy.repositories.CSVTransactionRepository; If you want this repository to be a Redis repository, consider annotating your entities with one of these annotations: org.springframework.data.redis.core.RedisHash (preferred), or consider extending one of the following types with your repository: org.springframework.data.keyvalue.repository.KeyValueRepository
2026-04-14 03:51:52 INFO  o.s.d.r.c.RepositoryConfigurationExtensionSupport - Spring Data Redis - Could not safely identify store assignment for repository candidate interface com.app.budgetbuddy.repositories.GroceryBudgetRepository; If you want this repository to be a Redis repository, consider annotating your entities with one of these annotations: org.springframework.data.redis.core.RedisHash (preferred), or consider extending one of the following types with your repository: org.springframework.data.keyvalue.repository.KeyValueRepository
2026-04-14 03:51:52 INFO  o.s.d.r.c.RepositoryConfigurationExtensionSupport - Spring Data Redis - Could not safely identify store assignment for repository candidate interface com.app.budgetbuddy.repositories.GroceryListRepository; If you want this repository to be a Redis repository, consider annotating your entities with one of these annotations: org.springframework.data.redis.core.RedisHash (preferred), or consider extending one of the following types with your repository: org.springframework.data.keyvalue.repository.KeyValueRepository
2026-04-14 03:51:52 INFO  o.s.d.r.c.RepositoryConfigurationExtensionSupport - Spring Data Redis - Could not safely identify store assignment for repository candidate interface com.app.budgetbuddy.repositories.GroceryReceiptRepository; If you want this repository to be a Redis repository, consider annotating your entities with one of these annotations: org.springframework.data.redis.core.RedisHash (preferred), or consider extending one of the following types with your repository: org.springframework.data.keyvalue.repository.KeyValueRepository
2026-04-14 03:51:52 INFO  o.s.d.r.c.RepositoryConfigurationExtensionSupport - Spring Data Redis - Could not safely identify store assignment for repository candidate interface com.app.budgetbuddy.repositories.PlaidCategoriesRepository; If you want this repository to be a Redis repository, consider annotating your entities with one of these annotations: org.springframework.data.redis.core.RedisHash (preferred), or consider extending one of the following types with your repository: org.springframework.data.keyvalue.repository.KeyValueRepository
2026-04-14 03:51:52 INFO  o.s.d.r.c.RepositoryConfigurationExtensionSupport - Spring Data Redis - Could not safely identify store assignment for repository candidate interface com.app.budgetbuddy.repositories.PlaidCursorRepository; If you want this repository to be a Redis repository, consider annotating your entities with one of these annotations: org.springframework.data.redis.core.RedisHash (preferred), or consider extending one of the following types with your repository: org.springframework.data.keyvalue.repository.KeyValueRepository
2026-04-14 03:51:52 INFO  o.s.d.r.c.RepositoryConfigurationExtensionSupport - Spring Data Redis - Could not safely identify store assignment for repository candidate interface com.app.budgetbuddy.repositories.PlaidLinkRepository; If you want this repository to be a Redis repository, consider annotating your entities with one of these annotations: org.springframework.data.redis.core.RedisHash (preferred), or consider extending one of the following types with your repository: org.springframework.data.keyvalue.repository.KeyValueRepository
2026-04-14 03:51:52 INFO  o.s.d.r.c.RepositoryConfigurationExtensionSupport - Spring Data Redis - Could not safely identify store assignment for repository candidate interface com.app.budgetbuddy.repositories.PreCalculationCategoryRepository; If you want this repository to be a Redis repository, consider annotating your entities with one of these annotations: org.springframework.data.redis.core.RedisHash (preferred), or consider extending one of the following types with your repository: org.springframework.data.keyvalue.repository.KeyValueRepository
2026-04-14 03:51:52 INFO  o.s.d.r.c.RepositoryConfigurationExtensionSupport - Spring Data Redis - Could not safely identify store assignment for repository candidate interface com.app.budgetbuddy.repositories.RecurringTransactionsRepository; If you want this repository to be a Redis repository, consider annotating your entities with one of these annotations: org.springframework.data.redis.core.RedisHash (preferred), or consider extending one of the following types with your repository: org.springframework.data.keyvalue.repository.KeyValueRepository
2026-04-14 03:51:52 INFO  o.s.d.r.c.RepositoryConfigurationExtensionSupport - Spring Data Redis - Could not safely identify store assignment for repository candidate interface com.app.budgetbuddy.repositories.SubBudgetGoalsRepository; If you want this repository to be a Redis repository, consider annotating your entities with one of these annotations: org.springframework.data.redis.core.RedisHash (preferred), or consider extending one of the following types with your repository: org.springframework.data.keyvalue.repository.KeyValueRepository
2026-04-14 03:51:52 INFO  o.s.d.r.c.RepositoryConfigurationExtensionSupport - Spring Data Redis - Could not safely identify store assignment for repository candidate interface com.app.budgetbuddy.repositories.SubBudgetRepository; If you want this repository to be a Redis repository, consider annotating your entities with one of these annotations: org.springframework.data.redis.core.RedisHash (preferred), or consider extending one of the following types with your repository: org.springframework.data.keyvalue.repository.KeyValueRepository
2026-04-14 03:51:52 INFO  o.s.d.r.c.RepositoryConfigurationExtensionSupport - Spring Data Redis - Could not safely identify store assignment for repository candidate interface com.app.budgetbuddy.repositories.SystemCategoryRulesRepository; If you want this repository to be a Redis repository, consider annotating your entities with one of these annotations: org.springframework.data.redis.core.RedisHash (preferred), or consider extending one of the following types with your repository: org.springframework.data.keyvalue.repository.KeyValueRepository
2026-04-14 03:51:52 INFO  o.s.d.r.c.RepositoryConfigurationExtensionSupport - Spring Data Redis - Could not safely identify store assignment for repository candidate interface com.app.budgetbuddy.repositories.TransactionCategoryRepository; If you want this repository to be a Redis repository, consider annotating your entities with one of these annotations: org.springframework.data.redis.core.RedisHash (preferred), or consider extending one of the following types with your repository: org.springframework.data.keyvalue.repository.KeyValueRepository
2026-04-14 03:51:52 INFO  o.s.d.r.c.RepositoryConfigurationExtensionSupport - Spring Data Redis - Could not safely identify store assignment for repository candidate interface com.app.budgetbuddy.repositories.TransactionRepository; If you want this repository to be a Redis repository, consider annotating your entities with one of these annotations: org.springframework.data.redis.core.RedisHash (preferred), or consider extending one of the following types with your repository: org.springframework.data.keyvalue.repository.KeyValueRepository
2026-04-14 03:51:52 INFO  o.s.d.r.c.RepositoryConfigurationExtensionSupport - Spring Data Redis - Could not safely identify store assignment for repository candidate interface com.app.budgetbuddy.repositories.TransactionRuleRepository; If you want this repository to be a Redis repository, consider annotating your entities with one of these annotations: org.springframework.data.redis.core.RedisHash (preferred), or consider extending one of the following types with your repository: org.springframework.data.keyvalue.repository.KeyValueRepository
2026-04-14 03:51:52 INFO  o.s.d.r.c.RepositoryConfigurationExtensionSupport - Spring Data Redis - Could not safely identify store assignment for repository candidate interface com.app.budgetbuddy.repositories.UserCategoryRepository; If you want this repository to be a Redis repository, consider annotating your entities with one of these annotations: org.springframework.data.redis.core.RedisHash (preferred), or consider extending one of the following types with your repository: org.springframework.data.keyvalue.repository.KeyValueRepository
2026-04-14 03:51:52 INFO  o.s.d.r.c.RepositoryConfigurationExtensionSupport - Spring Data Redis - Could not safely identify store assignment for repository candidate interface com.app.budgetbuddy.repositories.UserLogRepository; If you want this repository to be a Redis repository, consider annotating your entities with one of these annotations: org.springframework.data.redis.core.RedisHash (preferred), or consider extending one of the following types with your repository: org.springframework.data.keyvalue.repository.KeyValueRepository
2026-04-14 03:51:52 INFO  o.s.d.r.c.RepositoryConfigurationExtensionSupport - Spring Data Redis - Could not safely identify store assignment for repository candidate interface com.app.budgetbuddy.repositories.UserRepository; If you want this repository to be a Redis repository, consider annotating your entities with one of these annotations: org.springframework.data.redis.core.RedisHash (preferred), or consider extending one of the following types with your repository: org.springframework.data.keyvalue.repository.KeyValueRepository
2026-04-14 03:51:52 INFO  o.s.d.r.c.RepositoryConfigurationDelegate - Finished Spring Data repository scanning in 8 ms. Found 0 Redis repository interfaces.
2026-04-14 03:51:52 INFO  o.s.b.w.e.tomcat.TomcatWebServer - Tomcat initialized with port 8080 (http)
2026-04-14 03:51:52 INFO  o.a.coyote.http11.Http11NioProtocol - Initializing ProtocolHandler ["http-nio-8080"]
2026-04-14 03:51:52 INFO  o.a.catalina.core.StandardService - Starting service [Tomcat]
2026-04-14 03:51:52 INFO  o.a.catalina.core.StandardEngine - Starting Servlet engine: [Apache Tomcat/10.1.28]
2026-04-14 03:51:52 INFO  o.a.c.c.C.[Tomcat].[localhost].[/] - Initializing Spring embedded WebApplicationContext
2026-04-14 03:51:52 INFO  o.s.b.w.s.c.ServletWebServerApplicationContext - Root WebApplicationContext: initialization completed in 397 ms
2026-04-14 03:51:52 INFO  o.h.jpa.internal.util.LogHelper - HHH000204: Processing PersistenceUnitInfo [name: default]
2026-04-14 03:51:52 INFO  o.h.c.i.RegionFactoryInitiator - HHH000026: Second-level cache disabled
2026-04-14 03:51:52 INFO  o.s.o.j.p.SpringPersistenceUnitInfo - No LoadTimeWeaver setup: ignoring JPA class transformer
2026-04-14 03:51:52 WARN  org.hibernate.orm.deprecation - HHH90000025: PostgreSQLDialect does not need to be specified explicitly using 'hibernate.dialect' (remove the property setting and it will be selected by default)
2026-04-14 03:51:53 DEBUG o.h.t.d.sql.spi.DdlTypeRegistry - addDescriptor(2003, org.hibernate.type.descriptor.sql.internal.ArrayDdlTypeImpl@6c002b0f) replaced previous registration(org.hibernate.type.descriptor.sql.internal.ArrayDdlTypeImpl@321ceec2)
2026-04-14 03:51:53 DEBUG o.h.t.d.sql.spi.DdlTypeRegistry - addDescriptor(6, org.hibernate.type.descriptor.sql.internal.CapacityDependentDdlType@44d32261) replaced previous registration(org.hibernate.type.descriptor.sql.internal.DdlTypeImpl@70da4d19)
2026-04-14 03:51:53 INFO  o.h.e.t.j.p.i.JtaPlatformInitiator - HHH000489: No JTA platform available (set 'hibernate.transaction.jta.platform' to enable JTA platform integration)
2026-04-14 03:51:53 INFO  o.s.o.j.LocalContainerEntityManagerFactoryBean - Initialized JPA EntityManagerFactory for persistence unit 'default'
2026-04-14 03:51:53 WARN  o.s.b.a.o.j.JpaBaseConfiguration$JpaWebConfiguration - spring.jpa.open-in-view is enabled by default. Therefore, database queries may be performed during view rendering. Explicitly configure spring.jpa.open-in-view to disable this warning
2026-04-14 03:51:53 INFO  o.s.s.c.a.a.c.InitializeAuthenticationProviderBeanManagerConfigurer$InitializeAuthenticationProviderManagerConfigurer - Global AuthenticationManager configured with AuthenticationProvider bean with name authenticationService
2026-04-14 03:51:53 WARN  o.s.s.c.a.a.c.InitializeUserDetailsBeanManagerConfigurer$InitializeUserDetailsManagerConfigurer - Global AuthenticationManager configured with an AuthenticationProvider bean. UserDetailsService beans will not be used for username/password login. Consider removing the AuthenticationProvider bean. Alternatively, consider using the UserDetailsService in a manually instantiated DaoAuthenticationProvider.
2026-04-14 03:51:54 INFO  org.quartz.impl.StdSchedulerFactory - Using default implementation for ThreadExecutor
2026-04-14 03:51:54 INFO  o.quartz.core.SchedulerSignalerImpl - Initialized Scheduler Signaller of type: class org.quartz.core.SchedulerSignalerImpl
2026-04-14 03:51:54 INFO  org.quartz.core.QuartzScheduler - Quartz Scheduler v.2.3.2 created.
2026-04-14 03:51:54 INFO  org.quartz.simpl.RAMJobStore - RAMJobStore initialized.
2026-04-14 03:51:54 INFO  org.quartz.core.QuartzScheduler - Scheduler meta-data: Quartz Scheduler (v2.3.2) 'quartzScheduler' with instanceId 'NON_CLUSTERED'
  Scheduler class: 'org.quartz.core.QuartzScheduler' - running locally.
  NOT STARTED.
  Currently in standby mode.
  Number of jobs executed: 0
  Using thread pool 'org.quartz.simpl.SimpleThreadPool' - with 10 threads.
  Using job-store 'org.quartz.simpl.RAMJobStore' - which does not support persistence. and is not clustered.

2026-04-14 03:51:54 INFO  org.quartz.impl.StdSchedulerFactory - Quartz scheduler 'quartzScheduler' initialized from an externally provided properties instance.
2026-04-14 03:51:54 INFO  org.quartz.impl.StdSchedulerFactory - Quartz scheduler version: 2.3.2
2026-04-14 03:51:54 INFO  org.quartz.core.QuartzScheduler - JobFactory set to: org.springframework.scheduling.quartz.SpringBeanJobFactory@2e691b8d
2026-04-14 03:51:54 INFO  o.s.b.d.a.OptionalLiveReloadServer - LiveReload server is running on port 35729
2026-04-14 03:51:54 INFO  o.a.coyote.http11.Http11NioProtocol - Starting ProtocolHandler ["http-nio-8080"]
2026-04-14 03:51:54 INFO  o.s.b.w.e.tomcat.TomcatWebServer - Tomcat started on port 8080 (http) with context path '/'
2026-04-14 03:51:54 INFO  o.s.s.quartz.SchedulerFactoryBean - Starting Quartz Scheduler now
2026-04-14 03:51:54 INFO  org.quartz.core.QuartzScheduler - Scheduler quartzScheduler_$_NON_CLUSTERED started.
2026-04-14 03:51:54 INFO  c.a.b.BudgetBuddyApplication - Started BudgetBuddyApplication in 1.64 seconds (process running for 1777.364)
2026-04-14 03:51:54 INFO  o.s.b.d.a.ConditionEvaluationDeltaLoggingListener - Condition evaluation unchanged
2026-04-14 03:55:05 INFO  o.a.c.c.C.[Tomcat].[localhost].[/] - Initializing Spring DispatcherServlet 'dispatcherServlet'
2026-04-14 03:55:05 INFO  o.s.web.servlet.DispatcherServlet - Initializing Servlet 'dispatcherServlet'
2026-04-14 03:55:05 INFO  o.s.web.servlet.DispatcherServlet - Completed initialization in 1 ms
2026-04-14 03:55:05 INFO  c.a.b.services.BudgetServiceImpl - UserID: 1
2026-04-14 03:55:05 INFO  c.a.b.services.BudgetServiceImpl - Year: 2026
2026-04-14 03:55:05 INFO  c.a.b.services.BudgetServiceImpl - Budget exists for year 2026: true
2026-04-14 03:55:05 INFO  c.a.b.controllers.BudgetController - Budget exists: true
2026-04-14 03:55:05 WARN  o.s.w.s.m.s.DefaultHandlerExceptionResolver - Ignoring exception, response committed already: org.springframework.http.converter.HttpMessageNotWritableException: Could not write JSON: Document nesting depth (1001) exceeds the maximum allowed (1000, from `StreamWriteConstraints.getMaxNestingDepth()`)
2026-04-14 03:55:05 WARN  o.s.w.s.m.s.DefaultHandlerExceptionResolver - Resolved [org.springframework.http.converter.HttpMessageNotWritableException: Could not write JSON: Document nesting depth (1001) exceeds the maximum allowed (1000, from `StreamWriteConstraints.getMaxNestingDepth()`)]
2026-04-14 03:55:05 INFO  c.a.b.services.BudgetServiceImpl - UserID: 1
2026-04-14 03:55:05 INFO  c.a.b.services.BudgetServiceImpl - Year: 2026
2026-04-14 03:55:05 INFO  c.a.b.services.BudgetServiceImpl - Budget exists for year 2026: true
2026-04-14 03:55:05 INFO  c.a.b.controllers.BudgetController - Budget exists: true
2026-04-14 03:55:05 WARN  o.s.w.s.m.s.DefaultHandlerExceptionResolver - Ignoring exception, response committed already: org.springframework.http.converter.HttpMessageNotWritableException: Could not write JSON: Document nesting depth (1001) exceeds the maximum allowed (1000, from `StreamWriteConstraints.getMaxNestingDepth()`)
2026-04-14 03:55:05 WARN  o.s.w.s.m.s.DefaultHandlerExceptionResolver - Resolved [org.springframework.http.converter.HttpMessageNotWritableException: Could not write JSON: Document nesting depth (1001) exceeds the maximum allowed (1000, from `StreamWriteConstraints.getMaxNestingDepth()`)]
2026-04-14 03:55:05 INFO  c.a.b.c.TransactionCategoryController - Found 0 new transaction categories
2026-04-14 03:55:05 INFO  c.a.b.c.TransactionCategoryController - Found 0 new transaction categories
2026-04-14 03:55:05 INFO  c.a.b.c.TransactionCategoryController - Found 0 new transaction categories
2026-04-14 03:55:05 INFO  c.a.b.workbench.runner.BudgetRunner - Starting monthly budget process for user 1 between 2026-04-01 and 2026-04-30
2026-04-14 03:55:05 INFO  c.a.b.c.TransactionCategoryController - Found 0 new transaction categories
2026-04-14 03:55:05 INFO  c.a.b.workbench.runner.BudgetRunner - Found Budget: com.app.budgetbuddy.domain.Budget@636d7d37
2026-04-14 03:55:05 INFO  c.a.b.w.budget.BudgetScheduleUtil - Retrieving Budget Schedule Ranges: [com.app.budgetbuddy.entities.BudgetScheduleRangeEntity@268ee17b, com.app.budgetbuddy.entities.BudgetScheduleRangeEntity@7b6453f, com.app.budgetbuddy.entities.BudgetScheduleRangeEntity@7d610e4b, com.app.budgetbuddy.entities.BudgetScheduleRangeEntity@30050cb, com.app.budgetbuddy.entities.BudgetScheduleRangeEntity@1cec5e62], size: 5
2026-04-14 03:55:05 INFO  c.a.b.workbench.runner.BudgetRunner - Processing SubBudget ID: 16 with Budget Schedule ID: 16
2026-04-14 03:55:05 INFO  c.a.b.w.b.SubBudgetStatisticsServiceImpl - SubBudget Savings Target: 875.00
2026-04-14 03:55:05 INFO  c.a.b.w.b.SubBudgetStatisticsServiceImpl - Budget Amount: 3095.08
2026-04-14 03:55:05 INFO  c.a.b.w.b.SubBudgetStatisticsServiceImpl - Total Spent: 2219.63
2026-04-14 03:55:05 INFO  c.a.b.w.b.SubBudgetStatisticsServiceImpl - Remaining: 875.45
2026-04-14 03:55:05 INFO  c.a.b.w.b.SubBudgetStatisticsServiceImpl - Savings: 875.45
2026-04-14 03:55:05 INFO  c.a.b.w.b.SubBudgetHealthScoreImpl - Allocated amount for sub-budget 16 is 3095.08
2026-04-14 03:55:05 INFO  c.a.b.w.b.SubBudgetHealthScoreImpl - Spent on sub-budget 16 is 18.26
2026-04-14 03:55:05 INFO  c.a.b.w.b.SubBudgetHealthScoreImpl - Spending ratio for sub-budget 16 is 0.01
2026-04-14 03:55:05 INFO  c.a.b.w.b.SubBudgetHealthScoreImpl - Spending ratio for sub-budget 16 is 0.01
2026-04-14 03:55:05 INFO  c.a.b.w.b.SubBudgetHealthScoreImpl - Variance for sub-budget 16 is 3076.82
2026-04-14 03:55:05 INFO  c.a.b.w.b.SubBudgetHealthScoreImpl - Savings ratio for sub-budget 16 is 0.03
2026-04-14 03:55:05 INFO  c.a.b.w.b.SubBudgetHealthScoreImpl - Final Score: 102.50
2026-04-14 03:55:05 INFO  c.a.b.w.b.SubBudgetHealthScoreImpl - Health score for sub-budget 16 is 100
2026-04-14 03:55:05 INFO  c.a.b.w.b.SubBudgetStatisticsServiceImpl - SubBudget Stats: BudgetStats(budgetId=16, totalBudget=3095.08, totalSpent=2219.63, remaining=875.45, totalSaved=875.45, averageSpendingPerDay=76.54, dateRange=DateRange(startDate=2026-04-01, endDate=2026-04-30), healthScore=100, monthlyProjection=null)
2026-04-14 03:55:05 INFO  c.a.b.workbench.runner.BudgetRunner - Budget Stats for SubBudget 16: [BudgetStats(budgetId=16, totalBudget=3095.08, totalSpent=2219.63, remaining=875.45, totalSaved=875.45, averageSpendingPerDay=76.54, dateRange=DateRange(startDate=2026-04-01, endDate=2026-04-30), healthScore=100, monthlyProjection=null)]
2026-04-14 03:55:05 INFO  c.a.b.w.b.BudgetPeriodCategoryHandlerFactory - Getting budget period handler for period: MONTHLY
2026-04-14 03:55:05 INFO  c.a.b.workbench.runner.BudgetRunner - Retrieved 8 budget period categories for SubBudget ID: 16
2026-04-14 03:55:05 INFO  c.a.b.workbench.runner.BudgetRunner - BudgetPeriodCategory: BudgetPeriodCategory(category=Electric, budgeted=44.61, actual=74.87, remaining=0, dateRange=DateRange(startDate=2026-04-01, endDate=2026-04-30), biWeekRanges=null, isOverBudget=true, spendingPercentage=1.6783232459089892, budgetStatus=OVER_BUDGET)
2026-04-14 03:55:05 INFO  c.a.b.workbench.runner.BudgetRunner - BudgetPeriodCategory: BudgetPeriodCategory(category=Gas, budgeted=56.43, actual=24.63, remaining=31.80, dateRange=DateRange(startDate=2026-04-01, endDate=2026-04-30), biWeekRanges=null, isOverBudget=false, spendingPercentage=0.43646996278575223, budgetStatus=UNDER_UTILIZED)
2026-04-14 03:55:05 INFO  c.a.b.workbench.runner.BudgetRunner - BudgetPeriodCategory: BudgetPeriodCategory(category=Groceries, budgeted=512.9, actual=316.01, remaining=196.89, dateRange=DateRange(startDate=2026-04-01, endDate=2026-04-30), biWeekRanges=null, isOverBudget=false, spendingPercentage=0.6161240007798792, budgetStatus=UNDER_UTILIZED)
2026-04-14 03:55:05 INFO  c.a.b.workbench.runner.BudgetRunner - BudgetPeriodCategory: BudgetPeriodCategory(category=Order Out, budgeted=117.48, actual=77.47, remaining=40.01, dateRange=DateRange(startDate=2026-04-01, endDate=2026-04-30), biWeekRanges=null, isOverBudget=false, spendingPercentage=0.65943139257746, budgetStatus=UNDER_UTILIZED)
2026-04-14 03:55:05 INFO  c.a.b.workbench.runner.BudgetRunner - BudgetPeriodCategory: BudgetPeriodCategory(category=Other, budgeted=185.24, actual=135.4, remaining=49.84, dateRange=DateRange(startDate=2026-04-01, endDate=2026-04-30), biWeekRanges=null, isOverBudget=false, spendingPercentage=0.7309436406823581, budgetStatus=UNDER_UTILIZED)
2026-04-14 03:55:05 INFO  c.a.b.workbench.runner.BudgetRunner - BudgetPeriodCategory: BudgetPeriodCategory(category=Payment, budgeted=427.71, actual=222.15, remaining=205.56, dateRange=DateRange(startDate=2026-04-01, endDate=2026-04-30), biWeekRanges=null, isOverBudget=false, spendingPercentage=0.5193939819036263, budgetStatus=UNDER_UTILIZED)
2026-04-14 03:55:05 INFO  c.a.b.workbench.runner.BudgetRunner - BudgetPeriodCategory: BudgetPeriodCategory(category=Rent, budgeted=798.19, actual=1220.03, remaining=0, dateRange=DateRange(startDate=2026-04-01, endDate=2026-04-30), biWeekRanges=null, isOverBudget=true, spendingPercentage=1.528495721570052, budgetStatus=OVER_BUDGET)
2026-04-14 03:55:05 INFO  c.a.b.workbench.runner.BudgetRunner - BudgetPeriodCategory: BudgetPeriodCategory(category=Subscription, budgeted=73.07, actual=86.76, remaining=0, dateRange=DateRange(startDate=2026-04-01, endDate=2026-04-30), biWeekRanges=null, isOverBudget=true, spendingPercentage=1.187354591487615, budgetStatus=OVER_BUDGET)
2026-04-14 03:55:05 INFO  c.a.b.workbench.runner.BudgetRunner - Retrieved 5 top five expenses for SubBudget ID: 16
2026-04-14 03:55:05 INFO  c.a.b.workbench.runner.BudgetRunner - Retrieved Optional[ExpenseCategory(category=Expense, budgetedExpenses=3095.0800000000000000, actualExpenses=2157.32, remainingExpenses=937.7600000000000000, isActive=true, startDate=2026-04-01, endDate=2026-04-30, isVariable=false)] expense categories for SubBudget ID: 16
2026-04-14 03:55:05 INFO  c.a.b.w.b.SubBudgetMonthOverviewServiceImpl - Adjusted start date from 2026-04-01 to 2026-03-29 to include end of previous year
2026-04-14 03:55:05 INFO  c.a.b.w.b.SubBudgetMonthOverviewServiceImpl - SubBudgetIds: [16, 15]
2026-04-14 03:55:05 INFO  c.a.b.w.b.SubBudgetMonthOverviewServiceImpl - Previous sub budget id is 15
2026-04-14 03:55:05 INFO  c.a.b.workbench.runner.BudgetRunner - Retrieved Optional[IncomeCategory(category=Income, budgetedIncome=3971.0000000000000000, actualBudgetedIncome=2012.97, remainingIncome=1958.03, startMonth=null, endMonth=null, isActive=false)] income category for SubBudget ID: 16
2026-04-14 03:55:05 INFO  c.a.b.workbench.runner.BudgetRunner - Retrieved Optional[com.app.budgetbuddy.domain.SavingsCategory@3545e94b] savings category for SubBudget ID: 16
2026-04-14 03:55:05 INFO  c.a.b.workbench.runner.BudgetRunner - Budget Runner Result: {budgetScheduleRanges=[BudgetScheduleRange(id=null, budgetScheduleId=77, spentOnRange=0.000, budgetedAmount=619.020, budgetDateRange=DateRange(startDate=2026-04-22, endDate=2026-04-28), rangeType=Week, isActive=false, startRange=2026-04-22, endRange=2026-04-28, isSingleDate=false), BudgetScheduleRange(id=null, budgetScheduleId=75, spentOnRange=0.000, budgetedAmount=619.020, budgetDateRange=DateRange(startDate=2026-04-08, endDate=2026-04-14), rangeType=Week, isActive=false, startRange=2026-04-08, endRange=2026-04-14, isSingleDate=false), BudgetScheduleRange(id=null, budgetScheduleId=76, spentOnRange=0.000, budgetedAmount=619.020, budgetDateRange=DateRange(startDate=2026-04-15, endDate=2026-04-21), rangeType=Week, isActive=false, startRange=2026-04-15, endRange=2026-04-21, isSingleDate=false), BudgetScheduleRange(id=null, budgetScheduleId=78, spentOnRange=0.000, budgetedAmount=619.020, budgetDateRange=DateRange(startDate=2026-04-29, endDate=2026-04-30), rangeType=Week, isActive=false, startRange=2026-04-29, endRange=2026-04-30, isSingleDate=false), BudgetScheduleRange(id=null, budgetScheduleId=74, spentOnRange=0.000, budgetedAmount=619.020, budgetDateRange=DateRange(startDate=2026-04-01, endDate=2026-04-07), rangeType=Week, isActive=false, startRange=2026-04-01, endRange=2026-04-07, isSingleDate=false)], isOverBudget=false, budget=com.app.budgetbuddy.domain.Budget@636d7d37, subBudget=SubBudget(id=16, subBudgetName=April 2026 - Budget, allocatedAmount=3095.08, subSavingsTarget=875.00, subSavingsAmount=99.22, spentOnBudget=18.26, budget=com.app.budgetbuddy.domain.Budget@5f8f2454, startDate=2026-04-01, endDate=2026-04-30, year=0, subBudgetGoals=null, budgetSchedule=[BudgetSchedule{budgetScheduleId=16, subBudgetId=16, startDate=2026-04-01, endDate=2026-04-30, scheduleRange=DateRange(startDate=2026-04-01, endDate=2026-04-30), budgetScheduleRanges=[BudgetScheduleRange(id=null, budgetScheduleId=77, spentOnRange=0.000, budgetedAmount=619.020, budgetDateRange=DateRange(startDate=2026-04-22, endDate=2026-04-28), rangeType=Week, isActive=false, startRange=2026-04-22, endRange=2026-04-28, isSingleDate=false), BudgetScheduleRange(id=null, budgetScheduleId=75, spentOnRange=0.000, budgetedAmount=619.020, budgetDateRange=DateRange(startDate=2026-04-08, endDate=2026-04-14), rangeType=Week, isActive=false, startRange=2026-04-08, endRange=2026-04-14, isSingleDate=false), BudgetScheduleRange(id=null, budgetScheduleId=76, spentOnRange=0.000, budgetedAmount=619.020, budgetDateRange=DateRange(startDate=2026-04-15, endDate=2026-04-21), rangeType=Week, isActive=false, startRange=2026-04-15, endRange=2026-04-21, isSingleDate=false), BudgetScheduleRange(id=null, budgetScheduleId=78, spentOnRange=0.000, budgetedAmount=619.020, budgetDateRange=DateRange(startDate=2026-04-29, endDate=2026-04-30), rangeType=Week, isActive=false, startRange=2026-04-29, endRange=2026-04-30, isSingleDate=false), BudgetScheduleRange(id=null, budgetScheduleId=74, spentOnRange=0.000, budgetedAmount=619.020, budgetDateRange=DateRange(startDate=2026-04-01, endDate=2026-04-07), rangeType=Week, isActive=false, startRange=2026-04-01, endRange=2026-04-07, isSingleDate=false)], periodType='MONTHLY', totalPeriods=5, status='ACTIVE', createdDate=null}], controlledBudgetCategory=null, isActive=true), budgetSchedule=BudgetSchedule{budgetScheduleId=16, subBudgetId=16, startDate=2026-04-01, endDate=2026-04-30, scheduleRange=DateRange(startDate=2026-04-01, endDate=2026-04-30), budgetScheduleRanges=[BudgetScheduleRange(id=null, budgetScheduleId=77, spentOnRange=0.000, budgetedAmount=619.020, budgetDateRange=DateRange(startDate=2026-04-22, endDate=2026-04-28), rangeType=Week, isActive=false, startRange=2026-04-22, endRange=2026-04-28, isSingleDate=false), BudgetScheduleRange(id=null, budgetScheduleId=75, spentOnRange=0.000, budgetedAmount=619.020, budgetDateRange=DateRange(startDate=2026-04-08, endDate=2026-04-14), rangeType=Week, isActive=false, startRange=2026-04-08, endRange=2026-04-14, isSingleDate=false), BudgetScheduleRange(id=null, budgetScheduleId=76, spentOnRange=0.000, budgetedAmount=619.020, budgetDateRange=DateRange(startDate=2026-04-15, endDate=2026-04-21), rangeType=Week, isActive=false, startRange=2026-04-15, endRange=2026-04-21, isSingleDate=false), BudgetScheduleRange(id=null, budgetScheduleId=78, spentOnRange=0.000, budgetedAmount=619.020, budgetDateRange=DateRange(startDate=2026-04-29, endDate=2026-04-30), rangeType=Week, isActive=false, startRange=2026-04-29, endRange=2026-04-30, isSingleDate=false), BudgetScheduleRange(id=null, budgetScheduleId=74, spentOnRange=0.000, budgetedAmount=619.020, budgetDateRange=DateRange(startDate=2026-04-01, endDate=2026-04-07), rangeType=Week, isActive=false, startRange=2026-04-01, endRange=2026-04-07, isSingleDate=false)], periodType='MONTHLY', totalPeriods=5, status='ACTIVE', createdDate=null}, processDate=2026-04-14T03:55:05.912797200, remainingAmount=37140.96, spendingPercentage=0.0000}
2026-04-14 03:55:05 INFO  c.a.b.workbench.runner.BudgetRunner - Starting monthly budget process for user 1 between 2026-04-01 and 2026-04-30
2026-04-14 03:55:06 INFO  c.a.b.workbench.runner.BudgetRunner - Found Budget: com.app.budgetbuddy.domain.Budget@159973d9
2026-04-14 03:55:06 INFO  c.a.b.w.budget.BudgetScheduleUtil - Retrieving Budget Schedule Ranges: [com.app.budgetbuddy.entities.BudgetScheduleRangeEntity@54011a37, com.app.budgetbuddy.entities.BudgetScheduleRangeEntity@770a53c2, com.app.budgetbuddy.entities.BudgetScheduleRangeEntity@693104c8, com.app.budgetbuddy.entities.BudgetScheduleRangeEntity@6a252b6c, com.app.budgetbuddy.entities.BudgetScheduleRangeEntity@4f94f1a9], size: 5
2026-04-14 03:55:06 INFO  c.a.b.workbench.runner.BudgetRunner - Processing SubBudget ID: 16 with Budget Schedule ID: 16
2026-04-14 03:55:06 INFO  c.a.b.w.b.SubBudgetStatisticsServiceImpl - SubBudget Savings Target: 875.00
2026-04-14 03:55:06 INFO  c.a.b.w.b.SubBudgetStatisticsServiceImpl - Budget Amount: 3095.08
2026-04-14 03:55:06 INFO  c.a.b.w.b.SubBudgetStatisticsServiceImpl - Total Spent: 2219.63
2026-04-14 03:55:06 INFO  c.a.b.w.b.SubBudgetStatisticsServiceImpl - Remaining: 875.45
2026-04-14 03:55:06 INFO  c.a.b.w.b.SubBudgetStatisticsServiceImpl - Savings: 875.45
2026-04-14 03:55:06 INFO  c.a.b.w.b.SubBudgetHealthScoreImpl - Allocated amount for sub-budget 16 is 3095.08
2026-04-14 03:55:06 INFO  c.a.b.w.b.SubBudgetHealthScoreImpl - Spent on sub-budget 16 is 18.26
2026-04-14 03:55:06 INFO  c.a.b.w.b.SubBudgetHealthScoreImpl - Spending ratio for sub-budget 16 is 0.01
2026-04-14 03:55:06 INFO  c.a.b.w.b.SubBudgetHealthScoreImpl - Spending ratio for sub-budget 16 is 0.01
2026-04-14 03:55:06 INFO  c.a.b.w.b.SubBudgetHealthScoreImpl - Variance for sub-budget 16 is 3076.82
2026-04-14 03:55:06 INFO  c.a.b.w.b.SubBudgetHealthScoreImpl - Savings ratio for sub-budget 16 is 0.03
2026-04-14 03:55:06 INFO  c.a.b.w.b.SubBudgetHealthScoreImpl - Final Score: 102.50
2026-04-14 03:55:06 INFO  c.a.b.w.b.SubBudgetHealthScoreImpl - Health score for sub-budget 16 is 100
2026-04-14 03:55:06 INFO  c.a.b.w.b.SubBudgetStatisticsServiceImpl - SubBudget Stats: BudgetStats(budgetId=16, totalBudget=3095.08, totalSpent=2219.63, remaining=875.45, totalSaved=875.45, averageSpendingPerDay=76.54, dateRange=DateRange(startDate=2026-04-01, endDate=2026-04-30), healthScore=100, monthlyProjection=null)
2026-04-14 03:55:06 INFO  c.a.b.workbench.runner.BudgetRunner - Budget Stats for SubBudget 16: [BudgetStats(budgetId=16, totalBudget=3095.08, totalSpent=2219.63, remaining=875.45, totalSaved=875.45, averageSpendingPerDay=76.54, dateRange=DateRange(startDate=2026-04-01, endDate=2026-04-30), healthScore=100, monthlyProjection=null)]
2026-04-14 03:55:06 INFO  c.a.b.w.b.BudgetPeriodCategoryHandlerFactory - Getting budget period handler for period: MONTHLY
2026-04-14 03:55:06 INFO  c.a.b.workbench.runner.BudgetRunner - Retrieved 8 budget period categories for SubBudget ID: 16
2026-04-14 03:55:06 INFO  c.a.b.workbench.runner.BudgetRunner - BudgetPeriodCategory: BudgetPeriodCategory(category=Electric, budgeted=44.61, actual=74.87, remaining=0, dateRange=DateRange(startDate=2026-04-01, endDate=2026-04-30), biWeekRanges=null, isOverBudget=true, spendingPercentage=1.6783232459089892, budgetStatus=OVER_BUDGET)
2026-04-14 03:55:06 INFO  c.a.b.workbench.runner.BudgetRunner - BudgetPeriodCategory: BudgetPeriodCategory(category=Gas, budgeted=56.43, actual=24.63, remaining=31.80, dateRange=DateRange(startDate=2026-04-01, endDate=2026-04-30), biWeekRanges=null, isOverBudget=false, spendingPercentage=0.43646996278575223, budgetStatus=UNDER_UTILIZED)
2026-04-14 03:55:06 INFO  c.a.b.workbench.runner.BudgetRunner - BudgetPeriodCategory: BudgetPeriodCategory(category=Groceries, budgeted=512.9, actual=316.01, remaining=196.89, dateRange=DateRange(startDate=2026-04-01, endDate=2026-04-30), biWeekRanges=null, isOverBudget=false, spendingPercentage=0.6161240007798792, budgetStatus=UNDER_UTILIZED)
2026-04-14 03:55:06 INFO  c.a.b.workbench.runner.BudgetRunner - BudgetPeriodCategory: BudgetPeriodCategory(category=Order Out, budgeted=117.48, actual=77.47, remaining=40.01, dateRange=DateRange(startDate=2026-04-01, endDate=2026-04-30), biWeekRanges=null, isOverBudget=false, spendingPercentage=0.65943139257746, budgetStatus=UNDER_UTILIZED)
2026-04-14 03:55:06 INFO  c.a.b.workbench.runner.BudgetRunner - BudgetPeriodCategory: BudgetPeriodCategory(category=Other, budgeted=185.24, actual=135.4, remaining=49.84, dateRange=DateRange(startDate=2026-04-01, endDate=2026-04-30), biWeekRanges=null, isOverBudget=false, spendingPercentage=0.7309436406823581, budgetStatus=UNDER_UTILIZED)
2026-04-14 03:55:06 INFO  c.a.b.workbench.runner.BudgetRunner - BudgetPeriodCategory: BudgetPeriodCategory(category=Payment, budgeted=427.71, actual=222.15, remaining=205.56, dateRange=DateRange(startDate=2026-04-01, endDate=2026-04-30), biWeekRanges=null, isOverBudget=false, spendingPercentage=0.5193939819036263, budgetStatus=UNDER_UTILIZED)
2026-04-14 03:55:06 INFO  c.a.b.workbench.runner.BudgetRunner - BudgetPeriodCategory: BudgetPeriodCategory(category=Rent, budgeted=798.19, actual=1220.03, remaining=0, dateRange=DateRange(startDate=2026-04-01, endDate=2026-04-30), biWeekRanges=null, isOverBudget=true, spendingPercentage=1.528495721570052, budgetStatus=OVER_BUDGET)
2026-04-14 03:55:06 INFO  c.a.b.workbench.runner.BudgetRunner - BudgetPeriodCategory: BudgetPeriodCategory(category=Subscription, budgeted=73.07, actual=86.76, remaining=0, dateRange=DateRange(startDate=2026-04-01, endDate=2026-04-30), biWeekRanges=null, isOverBudget=true, spendingPercentage=1.187354591487615, budgetStatus=OVER_BUDGET)
2026-04-14 03:55:06 INFO  c.a.b.workbench.runner.BudgetRunner - Retrieved 5 top five expenses for SubBudget ID: 16
2026-04-14 03:55:06 INFO  c.a.b.workbench.runner.BudgetRunner - Retrieved Optional[ExpenseCategory(category=Expense, budgetedExpenses=3095.0800000000000000, actualExpenses=2157.32, remainingExpenses=937.7600000000000000, isActive=true, startDate=2026-04-01, endDate=2026-04-30, isVariable=false)] expense categories for SubBudget ID: 16
2026-04-14 03:55:06 INFO  c.a.b.w.b.SubBudgetMonthOverviewServiceImpl - Adjusted start date from 2026-04-01 to 2026-03-29 to include end of previous year
2026-04-14 03:55:06 INFO  c.a.b.w.b.SubBudgetMonthOverviewServiceImpl - SubBudgetIds: [16, 15]
2026-04-14 03:55:06 INFO  c.a.b.w.b.SubBudgetMonthOverviewServiceImpl - Previous sub budget id is 15
2026-04-14 03:55:06 INFO  c.a.b.workbench.runner.BudgetRunner - Retrieved Optional[IncomeCategory(category=Income, budgetedIncome=3971.0000000000000000, actualBudgetedIncome=2012.97, remainingIncome=1958.03, startMonth=null, endMonth=null, isActive=false)] income category for SubBudget ID: 16
2026-04-14 03:55:06 INFO  c.a.b.workbench.runner.BudgetRunner - Retrieved Optional[com.app.budgetbuddy.domain.SavingsCategory@12cadfab] savings category for SubBudget ID: 16
2026-04-14 03:55:06 INFO  c.a.b.workbench.runner.BudgetRunner - Budget Runner Result: {budgetScheduleRanges=[BudgetScheduleRange(id=null, budgetScheduleId=77, spentOnRange=0.000, budgetedAmount=619.020, budgetDateRange=DateRange(startDate=2026-04-22, endDate=2026-04-28), rangeType=Week, isActive=false, startRange=2026-04-22, endRange=2026-04-28, isSingleDate=false), BudgetScheduleRange(id=null, budgetScheduleId=75, spentOnRange=0.000, budgetedAmount=619.020, budgetDateRange=DateRange(startDate=2026-04-08, endDate=2026-04-14), rangeType=Week, isActive=false, startRange=2026-04-08, endRange=2026-04-14, isSingleDate=false), BudgetScheduleRange(id=null, budgetScheduleId=76, spentOnRange=0.000, budgetedAmount=619.020, budgetDateRange=DateRange(startDate=2026-04-15, endDate=2026-04-21), rangeType=Week, isActive=false, startRange=2026-04-15, endRange=2026-04-21, isSingleDate=false), BudgetScheduleRange(id=null, budgetScheduleId=78, spentOnRange=0.000, budgetedAmount=619.020, budgetDateRange=DateRange(startDate=2026-04-29, endDate=2026-04-30), rangeType=Week, isActive=false, startRange=2026-04-29, endRange=2026-04-30, isSingleDate=false), BudgetScheduleRange(id=null, budgetScheduleId=74, spentOnRange=0.000, budgetedAmount=619.020, budgetDateRange=DateRange(startDate=2026-04-01, endDate=2026-04-07), rangeType=Week, isActive=false, startRange=2026-04-01, endRange=2026-04-07, isSingleDate=false)], isOverBudget=false, budget=com.app.budgetbuddy.domain.Budget@159973d9, subBudget=SubBudget(id=16, subBudgetName=April 2026 - Budget, allocatedAmount=3095.08, subSavingsTarget=875.00, subSavingsAmount=99.22, spentOnBudget=18.26, budget=com.app.budgetbuddy.domain.Budget@7b1d8641, startDate=2026-04-01, endDate=2026-04-30, year=0, subBudgetGoals=null, budgetSchedule=[BudgetSchedule{budgetScheduleId=16, subBudgetId=16, startDate=2026-04-01, endDate=2026-04-30, scheduleRange=DateRange(startDate=2026-04-01, endDate=2026-04-30), budgetScheduleRanges=[BudgetScheduleRange(id=null, budgetScheduleId=77, spentOnRange=0.000, budgetedAmount=619.020, budgetDateRange=DateRange(startDate=2026-04-22, endDate=2026-04-28), rangeType=Week, isActive=false, startRange=2026-04-22, endRange=2026-04-28, isSingleDate=false), BudgetScheduleRange(id=null, budgetScheduleId=75, spentOnRange=0.000, budgetedAmount=619.020, budgetDateRange=DateRange(startDate=2026-04-08, endDate=2026-04-14), rangeType=Week, isActive=false, startRange=2026-04-08, endRange=2026-04-14, isSingleDate=false), BudgetScheduleRange(id=null, budgetScheduleId=76, spentOnRange=0.000, budgetedAmount=619.020, budgetDateRange=DateRange(startDate=2026-04-15, endDate=2026-04-21), rangeType=Week, isActive=false, startRange=2026-04-15, endRange=2026-04-21, isSingleDate=false), BudgetScheduleRange(id=null, budgetScheduleId=78, spentOnRange=0.000, budgetedAmount=619.020, budgetDateRange=DateRange(startDate=2026-04-29, endDate=2026-04-30), rangeType=Week, isActive=false, startRange=2026-04-29, endRange=2026-04-30, isSingleDate=false), BudgetScheduleRange(id=null, budgetScheduleId=74, spentOnRange=0.000, budgetedAmount=619.020, budgetDateRange=DateRange(startDate=2026-04-01, endDate=2026-04-07), rangeType=Week, isActive=false, startRange=2026-04-01, endRange=2026-04-07, isSingleDate=false)], periodType='MONTHLY', totalPeriods=5, status='ACTIVE', createdDate=null}], controlledBudgetCategory=null, isActive=true), budgetSchedule=BudgetSchedule{budgetScheduleId=16, subBudgetId=16, startDate=2026-04-01, endDate=2026-04-30, scheduleRange=DateRange(startDate=2026-04-01, endDate=2026-04-30), budgetScheduleRanges=[BudgetScheduleRange(id=null, budgetScheduleId=77, spentOnRange=0.000, budgetedAmount=619.020, budgetDateRange=DateRange(startDate=2026-04-22, endDate=2026-04-28), rangeType=Week, isActive=false, startRange=2026-04-22, endRange=2026-04-28, isSingleDate=false), BudgetScheduleRange(id=null, budgetScheduleId=75, spentOnRange=0.000, budgetedAmount=619.020, budgetDateRange=DateRange(startDate=2026-04-08, endDate=2026-04-14), rangeType=Week, isActive=false, startRange=2026-04-08, endRange=2026-04-14, isSingleDate=false), BudgetScheduleRange(id=null, budgetScheduleId=76, spentOnRange=0.000, budgetedAmount=619.020, budgetDateRange=DateRange(startDate=2026-04-15, endDate=2026-04-21), rangeType=Week, isActive=false, startRange=2026-04-15, endRange=2026-04-21, isSingleDate=false), BudgetScheduleRange(id=null, budgetScheduleId=78, spentOnRange=0.000, budgetedAmount=619.020, budgetDateRange=DateRange(startDate=2026-04-29, endDate=2026-04-30), rangeType=Week, isActive=false, startRange=2026-04-29, endRange=2026-04-30, isSingleDate=false), BudgetScheduleRange(id=null, budgetScheduleId=74, spentOnRange=0.000, budgetedAmount=619.020, budgetDateRange=DateRange(startDate=2026-04-01, endDate=2026-04-07), rangeType=Week, isActive=false, startRange=2026-04-01, endRange=2026-04-07, isSingleDate=false)], periodType='MONTHLY', totalPeriods=5, status='ACTIVE', createdDate=null}, processDate=2026-04-14T03:55:06.018797100, remainingAmount=37140.96, spendingPercentage=0.0000}
2026-04-14 03:55:06 INFO  c.a.b.w.budget.BudgetScheduleUtil - Retrieving Budget Schedule Ranges: [com.app.budgetbuddy.entities.BudgetScheduleRangeEntity@63a365f3, com.app.budgetbuddy.entities.BudgetScheduleRangeEntity@2d566513, com.app.budgetbuddy.entities.BudgetScheduleRangeEntity@6c4308ea, com.app.budgetbuddy.entities.BudgetScheduleRangeEntity@7b424d29, com.app.budgetbuddy.entities.BudgetScheduleRangeEntity@14136f8e], size: 5
2026-04-14 03:55:06 INFO  c.a.b.w.budget.BudgetPeriodQueries - Getting budget period query data for userId: 1
2026-04-14 03:55:06 INFO  c.a.b.w.b.BudgetPeriodCategoryHandlerFactory - Getting budget period handler for period: MONTHLY
2026-04-14 03:55:06 INFO  c.a.b.w.budget.BudgetScheduleUtil - Retrieving Budget Schedule Ranges: [com.app.budgetbuddy.entities.BudgetScheduleRangeEntity@31f51c45, com.app.budgetbuddy.entities.BudgetScheduleRangeEntity@356339c5, com.app.budgetbuddy.entities.BudgetScheduleRangeEntity@662c26b7, com.app.budgetbuddy.entities.BudgetScheduleRangeEntity@1df4a6af, com.app.budgetbuddy.entities.BudgetScheduleRangeEntity@7ec72f2], size: 5
2026-04-14 03:55:06 INFO  c.a.b.w.budget.BudgetPeriodQueries - Getting budget period query data for userId: 1
2026-04-14 03:55:06 INFO  c.a.b.w.b.BudgetPeriodCategoryHandlerFactory - Getting budget period handler for period: MONTHLY
2026-04-14 03:55:06 INFO  c.a.b.c.TransactionCategoryController - Found 0 new transaction categories
2026-04-14 03:55:06 INFO  c.a.b.c.TransactionCategoryController - Found 0 new transaction categories
2026-04-14 03:55:06 INFO  c.a.b.workbench.runner.BudgetRunner - Starting monthly budget process for user 1 between 2026-03-01 and 2026-03-31
2026-04-14 03:55:06 INFO  c.a.b.workbench.runner.BudgetRunner - Found Budget: com.app.budgetbuddy.domain.Budget@6c6cc96
2026-04-14 03:55:06 INFO  c.a.b.w.budget.BudgetScheduleUtil - Retrieving Budget Schedule Ranges: [com.app.budgetbuddy.entities.BudgetScheduleRangeEntity@304630d4, com.app.budgetbuddy.entities.BudgetScheduleRangeEntity@d3fea1a, com.app.budgetbuddy.entities.BudgetScheduleRangeEntity@6b101888, com.app.budgetbuddy.entities.BudgetScheduleRangeEntity@443f3f66, com.app.budgetbuddy.entities.BudgetScheduleRangeEntity@2530819f], size: 5
2026-04-14 03:55:06 INFO  c.a.b.workbench.runner.BudgetRunner - Processing SubBudget ID: 15 with Budget Schedule ID: 15
2026-04-14 03:55:06 INFO  c.a.b.w.b.SubBudgetStatisticsServiceImpl - SubBudget Savings Target: 875.00
2026-04-14 03:55:06 INFO  c.a.b.w.b.SubBudgetStatisticsServiceImpl - Budget Amount: 3095.08
2026-04-14 03:55:06 INFO  c.a.b.w.b.SubBudgetStatisticsServiceImpl - Total Spent: 4052.39
2026-04-14 03:55:06 INFO  c.a.b.w.b.SubBudgetStatisticsServiceImpl - Remaining: -957.31
2026-04-14 03:55:06 INFO  c.a.b.w.b.SubBudgetStatisticsServiceImpl - Savings: 0
2026-04-14 03:55:06 INFO  c.a.b.w.b.SubBudgetHealthScoreImpl - Allocated amount for sub-budget 15 is 3095.08
2026-04-14 03:55:06 INFO  c.a.b.w.b.SubBudgetHealthScoreImpl - Spent on sub-budget 15 is 483.85
2026-04-14 03:55:06 INFO  c.a.b.w.b.SubBudgetHealthScoreImpl - Spending ratio for sub-budget 15 is 0.16
2026-04-14 03:55:06 INFO  c.a.b.w.b.SubBudgetHealthScoreImpl - Spending ratio for sub-budget 15 is 0.16
2026-04-14 03:55:06 INFO  c.a.b.w.b.SubBudgetHealthScoreImpl - Variance for sub-budget 15 is 2611.23
2026-04-14 03:55:06 INFO  c.a.b.w.b.SubBudgetHealthScoreImpl - Savings ratio for sub-budget 15 is -0.02
2026-04-14 03:55:06 INFO  c.a.b.w.b.SubBudgetHealthScoreImpl - Final Score: 90.00
2026-04-14 03:55:06 INFO  c.a.b.w.b.SubBudgetHealthScoreImpl - Health score for sub-budget 15 is 90.00
2026-04-14 03:55:06 INFO  c.a.b.w.b.SubBudgetStatisticsServiceImpl - SubBudget Stats: BudgetStats(budgetId=15, totalBudget=3095.08, totalSpent=4052.39, remaining=-957.31, totalSaved=0, averageSpendingPerDay=135.08, dateRange=DateRange(startDate=2026-03-01, endDate=2026-03-31), healthScore=90.00, monthlyProjection=null)
2026-04-14 03:55:06 INFO  c.a.b.workbench.runner.BudgetRunner - Budget Stats for SubBudget 15: [BudgetStats(budgetId=15, totalBudget=3095.08, totalSpent=4052.39, remaining=-957.31, totalSaved=0, averageSpendingPerDay=135.08, dateRange=DateRange(startDate=2026-03-01, endDate=2026-03-31), healthScore=90.00, monthlyProjection=null)]
2026-04-14 03:55:06 INFO  c.a.b.w.b.BudgetPeriodCategoryHandlerFactory - Getting budget period handler for period: MONTHLY
2026-04-14 03:55:06 INFO  c.a.b.workbench.runner.BudgetRunner - Retrieved 11 budget period categories for SubBudget ID: 15
2026-04-14 03:55:06 INFO  c.a.b.workbench.runner.BudgetRunner - BudgetPeriodCategory: BudgetPeriodCategory(category=Utilities, budgeted=161.58, actual=131.26, remaining=30.32, dateRange=DateRange(startDate=2026-03-01, endDate=2026-03-31), biWeekRanges=null, isOverBudget=false, spendingPercentage=0.8123530139868794, budgetStatus=GOOD)
2026-04-14 03:55:06 INFO  c.a.b.workbench.runner.BudgetRunner - BudgetPeriodCategory: BudgetPeriodCategory(category=Haircut, budgeted=39.5, actual=83.0, remaining=0, dateRange=DateRange(startDate=2026-03-01, endDate=2026-03-31), biWeekRanges=null, isOverBudget=true, spendingPercentage=2.1012658227848102, budgetStatus=OVER_BUDGET)
2026-04-14 03:55:06 INFO  c.a.b.workbench.runner.BudgetRunner - BudgetPeriodCategory: BudgetPeriodCategory(category=Order Out, budgeted=117.48, actual=161.97, remaining=0, dateRange=DateRange(startDate=2026-03-01, endDate=2026-03-31), biWeekRanges=null, isOverBudget=true, spendingPercentage=1.378702757916241, budgetStatus=OVER_BUDGET)
2026-04-14 03:55:06 INFO  c.a.b.workbench.runner.BudgetRunner - BudgetPeriodCategory: BudgetPeriodCategory(category=Other, budgeted=185.24, actual=52.68, remaining=132.56, dateRange=DateRange(startDate=2026-03-01, endDate=2026-03-31), biWeekRanges=null, isOverBudget=false, spendingPercentage=0.28438782120492334, budgetStatus=UNDER_UTILIZED)
2026-04-14 03:55:06 INFO  c.a.b.workbench.runner.BudgetRunner - BudgetPeriodCategory: BudgetPeriodCategory(category=Groceries, budgeted=512.9, actual=411.08, remaining=101.82, dateRange=DateRange(startDate=2026-03-01, endDate=2026-03-31), biWeekRanges=null, isOverBudget=false, spendingPercentage=0.8014817703255995, budgetStatus=GOOD)
2026-04-14 03:55:06 INFO  c.a.b.workbench.runner.BudgetRunner - BudgetPeriodCategory: BudgetPeriodCategory(category=Gas, budgeted=56.43, actual=97.85, remaining=0, dateRange=DateRange(startDate=2026-03-01, endDate=2026-03-31), biWeekRanges=null, isOverBudget=true, spendingPercentage=1.734006734006734, budgetStatus=OVER_BUDGET)
2026-04-14 03:55:06 INFO  c.a.b.workbench.runner.BudgetRunner - BudgetPeriodCategory: BudgetPeriodCategory(category=Subscription, budgeted=73.07, actual=219.51, remaining=0, dateRange=DateRange(startDate=2026-03-01, endDate=2026-03-31), biWeekRanges=null, isOverBudget=true, spendingPercentage=3.004105652114411, budgetStatus=OVER_BUDGET)
2026-04-14 03:55:06 INFO  c.a.b.workbench.runner.BudgetRunner - BudgetPeriodCategory: BudgetPeriodCategory(category=Insurance, budgeted=74.76, actual=140.2, remaining=0, dateRange=DateRange(startDate=2026-03-01, endDate=2026-03-31), biWeekRanges=null, isOverBudget=true, spendingPercentage=1.8753344034242907, budgetStatus=OVER_BUDGET)
2026-04-14 03:55:06 INFO  c.a.b.workbench.runner.BudgetRunner - BudgetPeriodCategory: BudgetPeriodCategory(category=Rent, budgeted=798.19, actual=1220.03, remaining=0, dateRange=DateRange(startDate=2026-03-01, endDate=2026-03-31), biWeekRanges=null, isOverBudget=true, spendingPercentage=1.528495721570052, budgetStatus=OVER_BUDGET)
2026-04-14 03:55:06 INFO  c.a.b.workbench.runner.BudgetRunner - BudgetPeriodCategory: BudgetPeriodCategory(category=Gas Bill, budgeted=31.28, actual=35.41, remaining=0, dateRange=DateRange(startDate=2026-03-01, endDate=2026-03-31), biWeekRanges=null, isOverBudget=true, spendingPercentage=1.1320332480818414, budgetStatus=OVER_BUDGET)
2026-04-14 03:55:06 INFO  c.a.b.workbench.runner.BudgetRunner - BudgetPeriodCategory: BudgetPeriodCategory(category=Payment, budgeted=427.71, actual=430.83, remaining=0, dateRange=DateRange(startDate=2026-03-01, endDate=2026-03-31), biWeekRanges=null, isOverBudget=true, spendingPercentage=1.0072946622711652, budgetStatus=OVER_BUDGET)
2026-04-14 03:55:06 INFO  c.a.b.workbench.runner.BudgetRunner - Retrieved 5 top five expenses for SubBudget ID: 15
2026-04-14 03:55:06 INFO  c.a.b.workbench.runner.BudgetRunner - Retrieved Optional[ExpenseCategory(category=Expense, budgetedExpenses=3095.0800000000000000, actualExpenses=2983.82, remainingExpenses=111.2600000000000000, isActive=true, startDate=2026-03-01, endDate=2026-03-31, isVariable=false)] expense categories for SubBudget ID: 15
2026-04-14 03:55:06 INFO  c.a.b.w.b.SubBudgetMonthOverviewServiceImpl - Adjusted start date from 2026-03-01 to 2026-02-26 to include end of previous year
2026-04-14 03:55:06 INFO  c.a.b.w.b.SubBudgetMonthOverviewServiceImpl - SubBudgetIds: [15, 14]
2026-04-14 03:55:06 INFO  c.a.b.w.b.SubBudgetMonthOverviewServiceImpl - Previous sub budget id is 14
2026-04-14 03:55:06 INFO  c.a.b.workbench.runner.BudgetRunner - Retrieved Optional[IncomeCategory(category=Income, budgetedIncome=3971.0000000000000000, actualBudgetedIncome=1988.27, remainingIncome=1982.73, startMonth=null, endMonth=null, isActive=false)] income category for SubBudget ID: 15
2026-04-14 03:55:06 INFO  c.a.b.workbench.runner.BudgetRunner - Retrieved Optional[com.app.budgetbuddy.domain.SavingsCategory@6dd01dda] savings category for SubBudget ID: 15
2026-04-14 03:55:06 INFO  c.a.b.workbench.runner.BudgetRunner - Budget Runner Result: {budgetScheduleRanges=[BudgetScheduleRange(id=null, budgetScheduleId=73, spentOnRange=0.000, budgetedAmount=619.020, budgetDateRange=DateRange(startDate=2026-03-29, endDate=2026-03-31), rangeType=Week, isActive=false, startRange=2026-03-29, endRange=2026-03-31, isSingleDate=false), BudgetScheduleRange(id=null, budgetScheduleId=69, spentOnRange=0.000, budgetedAmount=238.090, budgetDateRange=DateRange(startDate=2026-03-01, endDate=2026-03-07), rangeType=Week, isActive=false, startRange=2026-03-01, endRange=2026-03-07, isSingleDate=false), BudgetScheduleRange(id=null, budgetScheduleId=70, spentOnRange=0.000, budgetedAmount=238.090, budgetDateRange=DateRange(startDate=2026-03-08, endDate=2026-03-14), rangeType=Week, isActive=false, startRange=2026-03-08, endRange=2026-03-14, isSingleDate=false), BudgetScheduleRange(id=null, budgetScheduleId=71, spentOnRange=0.000, budgetedAmount=238.090, budgetDateRange=DateRange(startDate=2026-03-15, endDate=2026-03-21), rangeType=Week, isActive=false, startRange=2026-03-15, endRange=2026-03-21, isSingleDate=false), BudgetScheduleRange(id=null, budgetScheduleId=72, spentOnRange=0.000, budgetedAmount=238.090, budgetDateRange=DateRange(startDate=2026-03-22, endDate=2026-03-28), rangeType=Week, isActive=false, startRange=2026-03-22, endRange=2026-03-28, isSingleDate=false)], isOverBudget=false, budget=com.app.budgetbuddy.domain.Budget@6c6cc96, subBudget=SubBudget(id=15, subBudgetName=March 2026 - Budget, allocatedAmount=3095.08, subSavingsTarget=875.00, subSavingsAmount=-64.86, spentOnBudget=483.85, budget=com.app.budgetbuddy.domain.Budget@6dd73c68, startDate=2026-03-01, endDate=2026-03-31, year=0, subBudgetGoals=null, budgetSchedule=[BudgetSchedule{budgetScheduleId=15, subBudgetId=15, startDate=2026-03-01, endDate=2026-03-31, scheduleRange=DateRange(startDate=2026-03-01, endDate=2026-03-31), budgetScheduleRanges=[BudgetScheduleRange(id=null, budgetScheduleId=73, spentOnRange=0.000, budgetedAmount=619.020, budgetDateRange=DateRange(startDate=2026-03-29, endDate=2026-03-31), rangeType=Week, isActive=false, startRange=2026-03-29, endRange=2026-03-31, isSingleDate=false), BudgetScheduleRange(id=null, budgetScheduleId=69, spentOnRange=0.000, budgetedAmount=238.090, budgetDateRange=DateRange(startDate=2026-03-01, endDate=2026-03-07), rangeType=Week, isActive=false, startRange=2026-03-01, endRange=2026-03-07, isSingleDate=false), BudgetScheduleRange(id=null, budgetScheduleId=70, spentOnRange=0.000, budgetedAmount=238.090, budgetDateRange=DateRange(startDate=2026-03-08, endDate=2026-03-14), rangeType=Week, isActive=false, startRange=2026-03-08, endRange=2026-03-14, isSingleDate=false), BudgetScheduleRange(id=null, budgetScheduleId=71, spentOnRange=0.000, budgetedAmount=238.090, budgetDateRange=DateRange(startDate=2026-03-15, endDate=2026-03-21), rangeType=Week, isActive=false, startRange=2026-03-15, endRange=2026-03-21, isSingleDate=false), BudgetScheduleRange(id=null, budgetScheduleId=72, spentOnRange=0.000, budgetedAmount=238.090, budgetDateRange=DateRange(startDate=2026-03-22, endDate=2026-03-28), rangeType=Week, isActive=false, startRange=2026-03-22, endRange=2026-03-28, isSingleDate=false)], periodType='MONTHLY', totalPeriods=5, status='ACTIVE', createdDate=null}], controlledBudgetCategory=null, isActive=true), budgetSchedule=BudgetSchedule{budgetScheduleId=15, subBudgetId=15, startDate=2026-03-01, endDate=2026-03-31, scheduleRange=DateRange(startDate=2026-03-01, endDate=2026-03-31), budgetScheduleRanges=[BudgetScheduleRange(id=null, budgetScheduleId=73, spentOnRange=0.000, budgetedAmount=619.020, budgetDateRange=DateRange(startDate=2026-03-29, endDate=2026-03-31), rangeType=Week, isActive=false, startRange=2026-03-29, endRange=2026-03-31, isSingleDate=false), BudgetScheduleRange(id=null, budgetScheduleId=69, spentOnRange=0.000, budgetedAmount=238.090, budgetDateRange=DateRange(startDate=2026-03-01, endDate=2026-03-07), rangeType=Week, isActive=false, startRange=2026-03-01, endRange=2026-03-07, isSingleDate=false), BudgetScheduleRange(id=null, budgetScheduleId=70, spentOnRange=0.000, budgetedAmount=238.090, budgetDateRange=DateRange(startDate=2026-03-08, endDate=2026-03-14), rangeType=Week, isActive=false, startRange=2026-03-08, endRange=2026-03-14, isSingleDate=false), BudgetScheduleRange(id=null, budgetScheduleId=71, spentOnRange=0.000, budgetedAmount=238.090, budgetDateRange=DateRange(startDate=2026-03-15, endDate=2026-03-21), rangeType=Week, isActive=false, startRange=2026-03-15, endRange=2026-03-21, isSingleDate=false), BudgetScheduleRange(id=null, budgetScheduleId=72, spentOnRange=0.000, budgetedAmount=238.090, budgetDateRange=DateRange(startDate=2026-03-22, endDate=2026-03-28), rangeType=Week, isActive=false, startRange=2026-03-22, endRange=2026-03-28, isSingleDate=false)], periodType='MONTHLY', totalPeriods=5, status='ACTIVE', createdDate=null}, processDate=2026-04-14T03:55:06.978559300, remainingAmount=37140.96, spendingPercentage=0.0000}
2026-04-14 03:55:07 INFO  c.a.b.w.budget.BudgetScheduleUtil - Retrieving Budget Schedule Ranges: [com.app.budgetbuddy.entities.BudgetScheduleRangeEntity@66d66d76, com.app.budgetbuddy.entities.BudgetScheduleRangeEntity@248b2ccb, com.app.budgetbuddy.entities.BudgetScheduleRangeEntity@54c44431, com.app.budgetbuddy.entities.BudgetScheduleRangeEntity@4943a45e, com.app.budgetbuddy.entities.BudgetScheduleRangeEntity@52180f75], size: 5
2026-04-14 03:55:07 INFO  c.a.b.w.budget.BudgetPeriodQueries - Getting budget period query data for userId: 1
2026-04-14 03:55:07 INFO  c.a.b.w.b.BudgetPeriodCategoryHandlerFactory - Getting budget period handler for period: MONTHLY
2026-04-14 03:55:07 INFO  c.a.b.c.TransactionCategoryController - Found 0 new transaction categories
2026-04-14 03:55:07 INFO  c.a.b.c.TransactionCategoryController - Found 0 new transaction categories
2026-04-14 03:55:07 INFO  c.a.b.workbench.runner.BudgetRunner - Starting monthly budget process for user 1 between 2026-02-01 and 2026-02-28
2026-04-14 03:55:07 INFO  c.a.b.workbench.runner.BudgetRunner - Found Budget: com.app.budgetbuddy.domain.Budget@5f09df0d
2026-04-14 03:55:07 INFO  c.a.b.w.budget.BudgetScheduleUtil - Retrieving Budget Schedule Ranges: [com.app.budgetbuddy.entities.BudgetScheduleRangeEntity@7efbc79b, com.app.budgetbuddy.entities.BudgetScheduleRangeEntity@3af26d82, com.app.budgetbuddy.entities.BudgetScheduleRangeEntity@3eb59a4e, com.app.budgetbuddy.entities.BudgetScheduleRangeEntity@790c4800], size: 4
2026-04-14 03:55:07 INFO  c.a.b.workbench.runner.BudgetRunner - Processing SubBudget ID: 14 with Budget Schedule ID: 14
2026-04-14 03:55:07 INFO  c.a.b.w.b.SubBudgetStatisticsServiceImpl - SubBudget Savings Target: 875.00
2026-04-14 03:55:07 INFO  c.a.b.w.b.SubBudgetStatisticsServiceImpl - Budget Amount: 3095.08
2026-04-14 03:55:07 INFO  c.a.b.w.b.SubBudgetStatisticsServiceImpl - Total Spent: 6710.59
2026-04-14 03:55:07 INFO  c.a.b.w.b.SubBudgetStatisticsServiceImpl - Remaining: -3615.51
2026-04-14 03:55:07 INFO  c.a.b.w.b.SubBudgetStatisticsServiceImpl - Savings: 0
2026-04-14 03:55:07 INFO  c.a.b.w.b.SubBudgetHealthScoreImpl - Allocated amount for sub-budget 14 is 3095.08
2026-04-14 03:55:07 INFO  c.a.b.w.b.SubBudgetHealthScoreImpl - Spent on sub-budget 14 is 259.35
2026-04-14 03:55:07 INFO  c.a.b.w.b.SubBudgetHealthScoreImpl - Spending ratio for sub-budget 14 is 0.08
2026-04-14 03:55:07 INFO  c.a.b.w.b.SubBudgetHealthScoreImpl - Spending ratio for sub-budget 14 is 0.08
2026-04-14 03:55:07 INFO  c.a.b.w.b.SubBudgetHealthScoreImpl - Variance for sub-budget 14 is 2835.73
2026-04-14 03:55:07 INFO  c.a.b.w.b.SubBudgetHealthScoreImpl - Savings ratio for sub-budget 14 is 0.01
2026-04-14 03:55:07 INFO  c.a.b.w.b.SubBudgetHealthScoreImpl - Final Score: 97.00
2026-04-14 03:55:07 INFO  c.a.b.w.b.SubBudgetHealthScoreImpl - Health score for sub-budget 14 is 97.00
2026-04-14 03:55:07 INFO  c.a.b.w.b.SubBudgetStatisticsServiceImpl - SubBudget Stats: BudgetStats(budgetId=14, totalBudget=3095.08, totalSpent=6710.59, remaining=-3615.51, totalSaved=0, averageSpendingPerDay=248.54, dateRange=DateRange(startDate=2026-02-01, endDate=2026-02-28), healthScore=97.00, monthlyProjection=null)
2026-04-14 03:55:07 INFO  c.a.b.workbench.runner.BudgetRunner - Budget Stats for SubBudget 14: [BudgetStats(budgetId=14, totalBudget=3095.08, totalSpent=6710.59, remaining=-3615.51, totalSaved=0, averageSpendingPerDay=248.54, dateRange=DateRange(startDate=2026-02-01, endDate=2026-02-28), healthScore=97.00, monthlyProjection=null)]
2026-04-14 03:55:07 INFO  c.a.b.w.b.BudgetPeriodCategoryHandlerFactory - Getting budget period handler for period: MONTHLY
2026-04-14 03:55:07 INFO  c.a.b.workbench.runner.BudgetRunner - Retrieved 12 budget period categories for SubBudget ID: 14
2026-04-14 03:55:07 INFO  c.a.b.workbench.runner.BudgetRunner - BudgetPeriodCategory: BudgetPeriodCategory(category=Utilities, budgeted=127.08, actual=265.08, remaining=0, dateRange=DateRange(startDate=2026-02-01, endDate=2026-02-28), biWeekRanges=null, isOverBudget=true, spendingPercentage=2.085930122757318, budgetStatus=OVER_BUDGET)
2026-04-14 03:55:07 INFO  c.a.b.workbench.runner.BudgetRunner - BudgetPeriodCategory: BudgetPeriodCategory(category=Order Out, budgeted=117.84, actual=105.79, remaining=12.05, dateRange=DateRange(startDate=2026-02-01, endDate=2026-02-28), biWeekRanges=null, isOverBudget=false, spendingPercentage=0.8977427019687713, budgetStatus=GOOD)
2026-04-14 03:55:07 INFO  c.a.b.workbench.runner.BudgetRunner - BudgetPeriodCategory: BudgetPeriodCategory(category=Groceries, budgeted=513.98, actual=497.44, remaining=16.54, dateRange=DateRange(startDate=2026-02-01, endDate=2026-02-28), biWeekRanges=null, isOverBudget=false, spendingPercentage=0.9678197595237168, budgetStatus=GOOD)
2026-04-14 03:55:07 INFO  c.a.b.workbench.runner.BudgetRunner - BudgetPeriodCategory: BudgetPeriodCategory(category=Other, budgeted=238.83, actual=34.95, remaining=203.88, dateRange=DateRange(startDate=2026-02-01, endDate=2026-02-28), biWeekRanges=null, isOverBudget=false, spendingPercentage=0.14633839969853035, budgetStatus=UNDER_UTILIZED)
2026-04-14 03:55:07 INFO  c.a.b.workbench.runner.BudgetRunner - BudgetPeriodCategory: BudgetPeriodCategory(category=Subscription, budgeted=55.61, actual=105.19, remaining=0, dateRange=DateRange(startDate=2026-02-01, endDate=2026-02-28), biWeekRanges=null, isOverBudget=true, spendingPercentage=1.891566265060241, budgetStatus=OVER_BUDGET)
2026-04-14 03:55:07 INFO  c.a.b.workbench.runner.BudgetRunner - BudgetPeriodCategory: BudgetPeriodCategory(category=Gas, budgeted=57.5, actual=76.05, remaining=0, dateRange=DateRange(startDate=2026-02-01, endDate=2026-02-28), biWeekRanges=null, isOverBudget=true, spendingPercentage=1.3226086956521739, budgetStatus=OVER_BUDGET)
2026-04-14 03:55:07 INFO  c.a.b.workbench.runner.BudgetRunner - BudgetPeriodCategory: BudgetPeriodCategory(category=Gas Bill, budgeted=24.12, actual=52.75, remaining=0, dateRange=DateRange(startDate=2026-02-01, endDate=2026-02-28), biWeekRanges=null, isOverBudget=true, spendingPercentage=2.1869817578772803, budgetStatus=OVER_BUDGET)
2026-04-14 03:55:07 INFO  c.a.b.workbench.runner.BudgetRunner - BudgetPeriodCategory: BudgetPeriodCategory(category=Insurance, budgeted=77.29, actual=67.14, remaining=10.15, dateRange=DateRange(startDate=2026-02-01, endDate=2026-02-28), biWeekRanges=null, isOverBudget=false, spendingPercentage=0.8686764135075689, budgetStatus=GOOD)
2026-04-14 03:55:07 INFO  c.a.b.workbench.runner.BudgetRunner - BudgetPeriodCategory: BudgetPeriodCategory(category=Rent, budgeted=614.61, actual=1927.03, remaining=0, dateRange=DateRange(startDate=2026-02-01, endDate=2026-02-28), biWeekRanges=null, isOverBudget=true, spendingPercentage=3.1353703974878377, budgetStatus=OVER_BUDGET)
2026-04-14 03:55:07 INFO  c.a.b.workbench.runner.BudgetRunner - BudgetPeriodCategory: BudgetPeriodCategory(category=Electric, budgeted=41.89, actual=52.77, remaining=0, dateRange=DateRange(startDate=2026-02-01, endDate=2026-02-28), biWeekRanges=null, isOverBudget=true, spendingPercentage=1.2597278586774887, budgetStatus=OVER_BUDGET)
2026-04-14 03:55:07 INFO  c.a.b.workbench.runner.BudgetRunner - BudgetPeriodCategory: BudgetPeriodCategory(category=Payment, budgeted=450.82, actual=351.97, remaining=98.85, dateRange=DateRange(startDate=2026-02-01, endDate=2026-02-28), biWeekRanges=null, isOverBudget=false, spendingPercentage=0.7807328867397189, budgetStatus=UNDER_UTILIZED)
2026-04-14 03:55:07 INFO  c.a.b.workbench.runner.BudgetRunner - BudgetPeriodCategory: BudgetPeriodCategory(category=To Go, budgeted=1.97, actual=8.43, remaining=0, dateRange=DateRange(startDate=2026-02-01, endDate=2026-02-28), biWeekRanges=null, isOverBudget=true, spendingPercentage=4.279187817258883, budgetStatus=OVER_BUDGET)
2026-04-14 03:55:07 INFO  c.a.b.workbench.runner.BudgetRunner - Retrieved 5 top five expenses for SubBudget ID: 14
2026-04-14 03:55:07 INFO  c.a.b.workbench.runner.BudgetRunner - Retrieved Optional[ExpenseCategory(category=Expense, budgetedExpenses=3095.0800000000000000, actualExpenses=3544.59, remainingExpenses=-449.5100000000000000, isActive=true, startDate=2026-02-01, endDate=2026-02-28, isVariable=false)] expense categories for SubBudget ID: 14
2026-04-14 03:55:07 INFO  c.a.b.w.b.SubBudgetMonthOverviewServiceImpl - Adjusted start date from 2026-02-01 to 2026-01-29 to include end of previous year
2026-04-14 03:55:07 INFO  c.a.b.w.b.SubBudgetMonthOverviewServiceImpl - SubBudgetIds: [14, 13]
2026-04-14 03:55:07 INFO  c.a.b.w.b.SubBudgetMonthOverviewServiceImpl - Previous sub budget id is 13
2026-04-14 03:55:07 INFO  c.a.b.workbench.runner.BudgetRunner - Retrieved Optional[IncomeCategory(category=Income, budgetedIncome=3971.0000000000000000, actualBudgetedIncome=3938.5, remainingIncome=32.5, startMonth=null, endMonth=null, isActive=false)] income category for SubBudget ID: 14
2026-04-14 03:55:07 INFO  c.a.b.workbench.runner.BudgetRunner - Retrieved Optional[com.app.budgetbuddy.domain.SavingsCategory@557e2595] savings category for SubBudget ID: 14
2026-04-14 03:55:07 INFO  c.a.b.workbench.runner.BudgetRunner - Budget Runner Result: {budgetScheduleRanges=[BudgetScheduleRange(id=null, budgetScheduleId=68, spentOnRange=0.000, budgetedAmount=773.770, budgetDateRange=DateRange(startDate=2026-02-22, endDate=2026-02-28), rangeType=Week, isActive=false, startRange=2026-02-22, endRange=2026-02-28, isSingleDate=false), BudgetScheduleRange(id=null, budgetScheduleId=67, spentOnRange=0.000, budgetedAmount=773.770, budgetDateRange=DateRange(startDate=2026-02-15, endDate=2026-02-21), rangeType=Week, isActive=false, startRange=2026-02-15, endRange=2026-02-21, isSingleDate=false), BudgetScheduleRange(id=null, budgetScheduleId=66, spentOnRange=0.000, budgetedAmount=773.770, budgetDateRange=DateRange(startDate=2026-02-08, endDate=2026-02-14), rangeType=Week, isActive=false, startRange=2026-02-08, endRange=2026-02-14, isSingleDate=false), BudgetScheduleRange(id=null, budgetScheduleId=65, spentOnRange=0.000, budgetedAmount=773.770, budgetDateRange=DateRange(startDate=2026-02-01, endDate=2026-02-07), rangeType=Week, isActive=false, startRange=2026-02-01, endRange=2026-02-07, isSingleDate=false)], isOverBudget=false, budget=com.app.budgetbuddy.domain.Budget@5f09df0d, subBudget=SubBudget(id=14, subBudgetName=February 2026 - Budget, allocatedAmount=3095.08, subSavingsTarget=875.00, subSavingsAmount=44.95, spentOnBudget=259.35, budget=com.app.budgetbuddy.domain.Budget@bbf841c, startDate=2026-02-01, endDate=2026-02-28, year=0, subBudgetGoals=null, budgetSchedule=[BudgetSchedule{budgetScheduleId=14, subBudgetId=14, startDate=2026-02-01, endDate=2026-02-28, scheduleRange=DateRange(startDate=2026-02-01, endDate=2026-02-28), budgetScheduleRanges=[BudgetScheduleRange(id=null, budgetScheduleId=68, spentOnRange=0.000, budgetedAmount=773.770, budgetDateRange=DateRange(startDate=2026-02-22, endDate=2026-02-28), rangeType=Week, isActive=false, startRange=2026-02-22, endRange=2026-02-28, isSingleDate=false), BudgetScheduleRange(id=null, budgetScheduleId=67, spentOnRange=0.000, budgetedAmount=773.770, budgetDateRange=DateRange(startDate=2026-02-15, endDate=2026-02-21), rangeType=Week, isActive=false, startRange=2026-02-15, endRange=2026-02-21, isSingleDate=false), BudgetScheduleRange(id=null, budgetScheduleId=66, spentOnRange=0.000, budgetedAmount=773.770, budgetDateRange=DateRange(startDate=2026-02-08, endDate=2026-02-14), rangeType=Week, isActive=false, startRange=2026-02-08, endRange=2026-02-14, isSingleDate=false), BudgetScheduleRange(id=null, budgetScheduleId=65, spentOnRange=0.000, budgetedAmount=773.770, budgetDateRange=DateRange(startDate=2026-02-01, endDate=2026-02-07), rangeType=Week, isActive=false, startRange=2026-02-01, endRange=2026-02-07, isSingleDate=false)], periodType='MONTHLY', totalPeriods=4, status='ACTIVE', createdDate=null}], controlledBudgetCategory=null, isActive=true), budgetSchedule=BudgetSchedule{budgetScheduleId=14, subBudgetId=14, startDate=2026-02-01, endDate=2026-02-28, scheduleRange=DateRange(startDate=2026-02-01, endDate=2026-02-28), budgetScheduleRanges=[BudgetScheduleRange(id=null, budgetScheduleId=68, spentOnRange=0.000, budgetedAmount=773.770, budgetDateRange=DateRange(startDate=2026-02-22, endDate=2026-02-28), rangeType=Week, isActive=false, startRange=2026-02-22, endRange=2026-02-28, isSingleDate=false), BudgetScheduleRange(id=null, budgetScheduleId=67, spentOnRange=0.000, budgetedAmount=773.770, budgetDateRange=DateRange(startDate=2026-02-15, endDate=2026-02-21), rangeType=Week, isActive=false, startRange=2026-02-15, endRange=2026-02-21, isSingleDate=false), BudgetScheduleRange(id=null, budgetScheduleId=66, spentOnRange=0.000, budgetedAmount=773.770, budgetDateRange=DateRange(startDate=2026-02-08, endDate=2026-02-14), rangeType=Week, isActive=false, startRange=2026-02-08, endRange=2026-02-14, isSingleDate=false), BudgetScheduleRange(id=null, budgetScheduleId=65, spentOnRange=0.000, budgetedAmount=773.770, budgetDateRange=DateRange(startDate=2026-02-01, endDate=2026-02-07), rangeType=Week, isActive=false, startRange=2026-02-01, endRange=2026-02-07, isSingleDate=false)], periodType='MONTHLY', totalPeriods=4, status='ACTIVE', createdDate=null}, processDate=2026-04-14T03:55:07.732487400, remainingAmount=37140.96, spendingPercentage=0.0000}
2026-04-14 03:55:07 INFO  c.a.b.w.budget.BudgetScheduleUtil - Retrieving Budget Schedule Ranges: [com.app.budgetbuddy.entities.BudgetScheduleRangeEntity@625d3358, com.app.budgetbuddy.entities.BudgetScheduleRangeEntity@1b7fa334, com.app.budgetbuddy.entities.BudgetScheduleRangeEntity@4e3118fa, com.app.budgetbuddy.entities.BudgetScheduleRangeEntity@1528d103], size: 4
2026-04-14 03:55:07 INFO  c.a.b.w.budget.BudgetPeriodQueries - Getting budget period query data for userId: 1
2026-04-14 03:55:07 INFO  c.a.b.w.b.BudgetPeriodCategoryHandlerFactory - Getting budget period handler for period: MONTHLY
2026-04-14 03:55:23 WARN  o.s.w.s.m.s.DefaultHandlerExceptionResolver - Ignoring exception, response committed already: org.springframework.http.converter.HttpMessageNotWritableException: Could not write JSON: Document nesting depth (1001) exceeds the maximum allowed (1000, from `StreamWriteConstraints.getMaxNestingDepth()`)
2026-04-14 03:55:23 WARN  o.s.w.s.m.s.DefaultHandlerExceptionResolver - Resolved [org.springframework.http.converter.HttpMessageNotWritableException: Could not write JSON: Document nesting depth (1001) exceeds the maximum allowed (1000, from `StreamWriteConstraints.getMaxNestingDepth()`)]
2026-04-14 03:55:23 INFO  c.a.b.c.BudgetPlannerController - Budget templates: [BPTemplate(id=1, templateType=MONTHLY_STD, period=MONTHLY, bpGoalsDetail=null, bpTemplateDetail=BPTemplateDetail(id=1, templateId=1, layoutGrid=BPLayoutGrid[columns=[BPColumn(columnIndex=0, dateRange=DateRange(startDate=2025-11-01, endDate=2025-11-30), period=MONTHLY, columnType=ACTUAL, isHeader=false), BPColumn(columnIndex=1, dateRange=DateRange(startDate=2025-12-01, endDate=2025-12-31), period=MONTHLY, columnType=ACTUAL, isHeader=false), BPColumn(columnIndex=2, dateRange=DateRange(startDate=2026-01-01, endDate=2026-01-31), period=MONTHLY, columnType=ACTUAL, isHeader=false), BPColumn(columnIndex=3, dateRange=DateRange(startDate=2026-02-01, endDate=2026-02-28), period=MONTHLY, columnType=ACTUAL, isHeader=false), BPColumn(columnIndex=4, dateRange=DateRange(startDate=2026-03-01, endDate=2026-03-31), period=MONTHLY, columnType=ACTUAL, isHeader=false), BPColumn(columnIndex=5, dateRange=DateRange(startDate=2026-04-01, endDate=2026-04-30), period=MONTHLY, columnType=ACTUAL, isHeader=false)], rows=[BPGridRow[category=Gas, type=BUDGET, cells=[BPGridCell[columnIndex=0, dateRange=DateRange(startDate=2025-11-01, endDate=2025-11-30), actual=13.37, budgeted=0.00, isBalance=true, isEditable=true], BPGridCell[columnIndex=1, dateRange=DateRange(startDate=2025-12-01, endDate=2025-12-31), actual=28.39, budgeted=73.12, isBalance=true, isEditable=true], BPGridCell[columnIndex=2, dateRange=DateRange(startDate=2026-01-01, endDate=2026-01-31), actual=18.91, budgeted=59.92, isBalance=true, isEditable=true], BPGridCell[columnIndex=3, dateRange=DateRange(startDate=2026-02-01, endDate=2026-02-28), actual=17.55, budgeted=57.50, isBalance=true, isEditable=true], BPGridCell[columnIndex=4, dateRange=DateRange(startDate=2026-03-01, endDate=2026-03-31), actual=17.07, budgeted=56.43, isBalance=true, isEditable=true], BPGridCell[columnIndex=5, dateRange=DateRange(startDate=2026-04-01, endDate=2026-04-30), actual=24.63, budgeted=56.43, isBalance=true, isEditable=true]]], BPGridRow[category=Gas Bill, type=BUDGET, cells=[BPGridCell[columnIndex=0, dateRange=DateRange(startDate=2025-11-01, endDate=2025-11-30), actual=16.50, budgeted=0.00, isBalance=true, isEditable=true], BPGridCell[columnIndex=1, dateRange=DateRange(startDate=2025-12-01, endDate=2025-12-31), actual=20.75, budgeted=16.50, isBalance=true, isEditable=true], BPGridCell[columnIndex=2, dateRange=DateRange(startDate=2026-01-01, endDate=2026-01-31), actual=35.11, budgeted=18.63, isBalance=true, isEditable=true], BPGridCell[columnIndex=3, dateRange=DateRange(startDate=2026-02-01, endDate=2026-02-28), actual=52.75, budgeted=24.12, isBalance=true, isEditable=true], BPGridCell[columnIndex=4, dateRange=DateRange(startDate=2026-03-01, endDate=2026-03-31), actual=35.41, budgeted=31.28, isBalance=true, isEditable=true]]], BPGridRow[category=Groceries, type=BUDGET, cells=[BPGridCell[columnIndex=0, dateRange=DateRange(startDate=2025-11-01, endDate=2025-11-30), actual=111.86, budgeted=0.00, isBalance=true, isEditable=true], BPGridCell[columnIndex=1, dateRange=DateRange(startDate=2025-12-01, endDate=2025-12-31), actual=211.65, budgeted=506.81, isBalance=true, isEditable=true], BPGridCell[columnIndex=2, dateRange=DateRange(startDate=2026-01-01, endDate=2026-01-31), actual=256.99, budgeted=454.11, isBalance=true, isEditable=true], BPGridCell[columnIndex=3, dateRange=DateRange(startDate=2026-02-01, endDate=2026-02-28), actual=9.27, budgeted=513.98, isBalance=true, isEditable=true], BPGridCell[columnIndex=4, dateRange=DateRange(startDate=2026-03-01, endDate=2026-03-31), actual=81.87, budgeted=512.90, isBalance=true, isEditable=true], BPGridCell[columnIndex=5, dateRange=DateRange(startDate=2026-04-01, endDate=2026-04-30), actual=170.51, budgeted=512.90, isBalance=true, isEditable=true]]], BPGridRow[category=Haircut, type=BUDGET, cells=[BPGridCell[columnIndex=0, dateRange=DateRange(startDate=2025-11-01, endDate=2025-11-30), actual=26.00, budgeted=0.00, isBalance=true, isEditable=true], BPGridCell[columnIndex=1, dateRange=DateRange(startDate=2025-12-01, endDate=2025-12-31), actual=26.00, budgeted=52.00, isBalance=true, isEditable=true], BPGridCell[columnIndex=2, dateRange=DateRange(startDate=2026-01-01, endDate=2026-01-31), actual=27.00, budgeted=52.00, isBalance=true, isEditable=true], BPGridCell[columnIndex=4, dateRange=DateRange(startDate=2026-03-01, endDate=2026-03-31), actual=27.00, budgeted=39.50, isBalance=true, isEditable=true]]], BPGridRow[category=Insurance, type=BUDGET, cells=[BPGridCell[columnIndex=0, dateRange=DateRange(startDate=2025-11-01, endDate=2025-11-30), actual=80.07, budgeted=0.00, isBalance=true, isEditable=true], BPGridCell[columnIndex=1, dateRange=DateRange(startDate=2025-12-01, endDate=2025-12-31), actual=77.29, budgeted=80.07, isBalance=true, isEditable=true], BPGridCell[columnIndex=2, dateRange=DateRange(startDate=2026-01-01, endDate=2026-01-31), actual=74.52, budgeted=78.68, isBalance=true, isEditable=true], BPGridCell[columnIndex=3, dateRange=DateRange(startDate=2026-02-01, endDate=2026-02-28), actual=67.14, budgeted=77.29, isBalance=true, isEditable=true], BPGridCell[columnIndex=4, dateRange=DateRange(startDate=2026-03-01, endDate=2026-03-31), actual=140.20, budgeted=74.76, isBalance=true, isEditable=true]]], BPGridRow[category=Order Out, type=BUDGET, cells=[BPGridCell[columnIndex=0, dateRange=DateRange(startDate=2025-11-01, endDate=2025-11-30), actual=64.95, budgeted=0.00, isBalance=true, isEditable=true], BPGridCell[columnIndex=1, dateRange=DateRange(startDate=2025-12-01, endDate=2025-12-31), actual=71.30, budgeted=195.57, isBalance=true, isEditable=true], BPGridCell[columnIndex=2, dateRange=DateRange(startDate=2026-01-01, endDate=2026-01-31), actual=50.62, budgeted=100.82, isBalance=true, isEditable=true], BPGridCell[columnIndex=3, dateRange=DateRange(startDate=2026-02-01, endDate=2026-02-28), actual=38.89, budgeted=117.84, isBalance=true, isEditable=true], BPGridCell[columnIndex=4, dateRange=DateRange(startDate=2026-03-01, endDate=2026-03-31), actual=43.21, budgeted=117.48, isBalance=true, isEditable=true], BPGridCell[columnIndex=5, dateRange=DateRange(startDate=2026-04-01, endDate=2026-04-30), actual=36.78, budgeted=117.48, isBalance=true, isEditable=true]]], BPGridRow[category=Other, type=BUDGET, cells=[BPGridCell[columnIndex=0, dateRange=DateRange(startDate=2025-11-01, endDate=2025-11-30), actual=219.38, budgeted=0.00, isBalance=true, isEditable=true], BPGridCell[columnIndex=1, dateRange=DateRange(startDate=2025-12-01, endDate=2025-12-31), actual=89.05, budgeted=149.72, isBalance=true, isEditable=true], BPGridCell[columnIndex=2, dateRange=DateRange(startDate=2026-01-01, endDate=2026-01-31), actual=79.73, budgeted=288.88, isBalance=true, isEditable=true], BPGridCell[columnIndex=3, dateRange=DateRange(startDate=2026-02-01, endDate=2026-02-28), actual=10.72, budgeted=238.83, isBalance=true, isEditable=true], BPGridCell[columnIndex=4, dateRange=DateRange(startDate=2026-03-01, endDate=2026-03-31), actual=1.20, budgeted=185.24, isBalance=true, isEditable=true], BPGridCell[columnIndex=5, dateRange=DateRange(startDate=2026-04-01, endDate=2026-04-30), actual=50.72, budgeted=185.24, isBalance=true, isEditable=true]]], BPGridRow[category=Payment, type=BUDGET, cells=[BPGridCell[columnIndex=0, dateRange=DateRange(startDate=2025-11-01, endDate=2025-11-30), actual=112.81, budgeted=0.00, isBalance=true, isEditable=true], BPGridCell[columnIndex=1, dateRange=DateRange(startDate=2025-12-01, endDate=2025-12-31), actual=240.62, budgeted=271.96, isBalance=true, isEditable=true], BPGridCell[columnIndex=2, dateRange=DateRange(startDate=2026-01-01, endDate=2026-01-31), actual=148.23, budgeted=501.74, isBalance=true, isEditable=true], BPGridCell[columnIndex=3, dateRange=DateRange(startDate=2026-02-01, endDate=2026-02-28), actual=284.26, budgeted=450.82, isBalance=true, isEditable=true], BPGridCell[columnIndex=4, dateRange=DateRange(startDate=2026-03-01, endDate=2026-03-31), actual=248.44, budgeted=427.71, isBalance=true, isEditable=true], BPGridCell[columnIndex=5, dateRange=DateRange(startDate=2026-04-01, endDate=2026-04-30), actual=62.15, budgeted=427.71, isBalance=true, isEditable=true]]], BPGridRow[category=Subscription, type=BUDGET, cells=[BPGridCell[columnIndex=0, dateRange=DateRange(startDate=2025-11-01, endDate=2025-11-30), actual=7.43, budgeted=0.00, isBalance=true, isEditable=true], BPGridCell[columnIndex=1, dateRange=DateRange(startDate=2025-12-01, endDate=2025-12-31), actual=53.62, budgeted=40.21, isBalance=true, isEditable=true], BPGridCell[columnIndex=2, dateRange=DateRange(startDate=2026-01-01, endDate=2026-01-31), actual=68.76, budgeted=29.48, isBalance=true, isEditable=true], BPGridCell[columnIndex=3, dateRange=DateRange(startDate=2026-02-01, endDate=2026-02-28), actual=76.25, budgeted=55.61, isBalance=true, isEditable=true], BPGridCell[columnIndex=4, dateRange=DateRange(startDate=2026-03-01, endDate=2026-03-31), actual=75.08, budgeted=73.07, isBalance=true, isEditable=true], BPGridCell[columnIndex=5, dateRange=DateRange(startDate=2026-04-01, endDate=2026-04-30), actual=33.15, budgeted=73.07, isBalance=true, isEditable=true]]], BPGridRow[category=Utilities, type=BUDGET, cells=[BPGridCell[columnIndex=0, dateRange=DateRange(startDate=2025-11-01, endDate=2025-11-30), actual=129.93, budgeted=0.00, isBalance=true, isEditable=true], BPGridCell[columnIndex=1, dateRange=DateRange(startDate=2025-12-01, endDate=2025-12-31), actual=123.60, budgeted=129.93, isBalance=true, isEditable=true], BPGridCell[columnIndex=2, dateRange=DateRange(startDate=2026-01-01, endDate=2026-01-31), actual=127.71, budgeted=126.77, isBalance=true, isEditable=true], BPGridCell[columnIndex=3, dateRange=DateRange(startDate=2026-02-01, endDate=2026-02-28), actual=134.30, budgeted=127.08, isBalance=true, isEditable=true], BPGridCell[columnIndex=4, dateRange=DateRange(startDate=2026-03-01, endDate=2026-03-31), actual=131.26, budgeted=161.58, isBalance=true, isEditable=true]]], BPGridRow[category=Electric, type=BUDGET, cells=[BPGridCell[columnIndex=1, dateRange=DateRange(startDate=2025-12-01, endDate=2025-12-31), actual=61.77, budgeted=0.00, isBalance=true, isEditable=true], BPGridCell[columnIndex=2, dateRange=DateRange(startDate=2026-01-01, endDate=2026-01-31), actual=63.89, budgeted=30.89, isBalance=true, isEditable=true], BPGridCell[columnIndex=3, dateRange=DateRange(startDate=2026-02-01, endDate=2026-02-28), actual=52.77, budgeted=41.89, isBalance=true, isEditable=true], BPGridCell[columnIndex=5, dateRange=DateRange(startDate=2026-04-01, endDate=2026-04-30), actual=74.87, budgeted=44.61, isBalance=true, isEditable=true]]], BPGridRow[category=To Go, type=BUDGET, cells=[BPGridCell[columnIndex=2, dateRange=DateRange(startDate=2026-01-01, endDate=2026-01-31), actual=8.43, budgeted=0.00, isBalance=true, isEditable=true], BPGridCell[columnIndex=3, dateRange=DateRange(startDate=2026-02-01, endDate=2026-02-28), actual=8.43, budgeted=1.97, isBalance=true, isEditable=true]]], BPGridRow[category=Rent, type=BUDGET, cells=[BPGridCell[columnIndex=3, dateRange=DateRange(startDate=2026-02-01, endDate=2026-02-28), actual=1220.03, budgeted=614.61, isBalance=true, isEditable=true], BPGridCell[columnIndex=4, dateRange=DateRange(startDate=2026-03-01, endDate=2026-03-31), actual=1220.03, budgeted=798.19, isBalance=true, isEditable=true], BPGridCell[columnIndex=5, dateRange=DateRange(startDate=2026-04-01, endDate=2026-04-30), actual=1220.03, budgeted=798.19, isBalance=true, isEditable=true]]], BPGridRow[category=Salary, type=INCOME, cells=[BPGridCell[columnIndex=0, dateRange=DateRange(startDate=2025-11-01, endDate=2025-11-30), actual=4387.81, budgeted=0.00, isBalance=true, isEditable=true], BPGridCell[columnIndex=1, dateRange=DateRange(startDate=2025-12-01, endDate=2025-12-31), actual=5896.54, budgeted=0.00, isBalance=true, isEditable=true], BPGridCell[columnIndex=2, dateRange=DateRange(startDate=2026-01-01, endDate=2026-01-31), actual=3909.06, budgeted=0.00, isBalance=true, isEditable=true], BPGridCell[columnIndex=3, dateRange=DateRange(startDate=2026-02-01, endDate=2026-02-28), actual=3937.09, budgeted=0.00, isBalance=true, isEditable=true], BPGridCell[columnIndex=4, dateRange=DateRange(startDate=2026-03-01, endDate=2026-03-31), actual=1988.27, budgeted=0.00, isBalance=true, isEditable=true], BPGridCell[columnIndex=5, dateRange=DateRange(startDate=2026-04-01, endDate=2026-04-30), actual=2012.97, budgeted=0.00, isBalance=true, isEditable=true]]], BPGridRow[category=Expenses, type=EXPENSE, cells=[BPGridCell[columnIndex=0, dateRange=DateRange(startDate=2025-11-01, endDate=2025-11-30), actual=2721.88, budgeted=0.00, isBalance=true, isEditable=true], BPGridCell[columnIndex=1, dateRange=DateRange(startDate=2025-12-01, endDate=2025-12-31), actual=3090.88, budgeted=0.00, isBalance=true, isEditable=true], BPGridCell[columnIndex=2, dateRange=DateRange(startDate=2026-01-01, endDate=2026-01-31), actual=2412.01, budgeted=0.00, isBalance=true, isEditable=true], BPGridCell[columnIndex=3, dateRange=DateRange(startDate=2026-02-01, endDate=2026-02-28), actual=3544.59, budgeted=0.00, isBalance=true, isEditable=true], BPGridCell[columnIndex=4, dateRange=DateRange(startDate=2026-03-01, endDate=2026-03-31), actual=2983.82, budgeted=0.00, isBalance=true, isEditable=true], BPGridCell[columnIndex=5, dateRange=DateRange(startDate=2026-04-01, endDate=2026-04-30), actual=1930.72, budgeted=0.00, isBalance=true, isEditable=true]]], BPGridRow[category=Balance, type=BALANCE, cells=[BPGridCell[columnIndex=0, dateRange=DateRange(startDate=2025-11-01, endDate=2025-11-30), actual=0.00, budgeted=1665.93, isBalance=true, isEditable=true], BPGridCell[columnIndex=1, dateRange=DateRange(startDate=2025-12-01, endDate=2025-12-31), actual=0.00, budgeted=2805.66, isBalance=true, isEditable=true], BPGridCell[columnIndex=2, dateRange=DateRange(startDate=2026-01-01, endDate=2026-01-31), actual=0.00, budgeted=1497.05, isBalance=true, isEditable=true], BPGridCell[columnIndex=3, dateRange=DateRange(startDate=2026-02-01, endDate=2026-02-28), actual=0.00, budgeted=392.50, isBalance=true, isEditable=true], BPGridCell[columnIndex=4, dateRange=DateRange(startDate=2026-03-01, endDate=2026-03-31), actual=0.00, budgeted=-995.55, isBalance=true, isEditable=true], BPGridCell[columnIndex=5, dateRange=DateRange(startDate=2026-04-01, endDate=2026-04-30), actual=0.00, budgeted=82.25, isBalance=true, isEditable=true]]]]], layoutType=CLASSIC, lastUpdated=null, createdAt=null), active=true, isSaved=true)]
2026-04-14 03:55:23 WARN  o.s.w.s.m.s.DefaultHandlerExceptionResolver - Ignoring exception, response committed already: org.springframework.http.converter.HttpMessageNotWritableException: Could not write JSON: Document nesting depth (1001) exceeds the maximum allowed (1000, from `StreamWriteConstraints.getMaxNestingDepth()`)
2026-04-14 03:55:23 WARN  o.s.w.s.m.s.DefaultHandlerExceptionResolver - Resolved [org.springframework.http.converter.HttpMessageNotWritableException: Could not write JSON: Document nesting depth (1001) exceeds the maximum allowed (1000, from `StreamWriteConstraints.getMaxNestingDepth()`)]
2026-04-14 03:55:23 INFO  c.a.b.c.BudgetPlannerController - Budget templates: [BPTemplate(id=1, templateType=MONTHLY_STD, period=MONTHLY, bpGoalsDetail=null, bpTemplateDetail=BPTemplateDetail(id=1, templateId=1, layoutGrid=BPLayoutGrid[columns=[BPColumn(columnIndex=0, dateRange=DateRange(startDate=2025-11-01, endDate=2025-11-30), period=MONTHLY, columnType=ACTUAL, isHeader=false), BPColumn(columnIndex=1, dateRange=DateRange(startDate=2025-12-01, endDate=2025-12-31), period=MONTHLY, columnType=ACTUAL, isHeader=false), BPColumn(columnIndex=2, dateRange=DateRange(startDate=2026-01-01, endDate=2026-01-31), period=MONTHLY, columnType=ACTUAL, isHeader=false), BPColumn(columnIndex=3, dateRange=DateRange(startDate=2026-02-01, endDate=2026-02-28), period=MONTHLY, columnType=ACTUAL, isHeader=false), BPColumn(columnIndex=4, dateRange=DateRange(startDate=2026-03-01, endDate=2026-03-31), period=MONTHLY, columnType=ACTUAL, isHeader=false), BPColumn(columnIndex=5, dateRange=DateRange(startDate=2026-04-01, endDate=2026-04-30), period=MONTHLY, columnType=ACTUAL, isHeader=false)], rows=[BPGridRow[category=Gas, type=BUDGET, cells=[BPGridCell[columnIndex=0, dateRange=DateRange(startDate=2025-11-01, endDate=2025-11-30), actual=13.37, budgeted=0.00, isBalance=true, isEditable=true], BPGridCell[columnIndex=1, dateRange=DateRange(startDate=2025-12-01, endDate=2025-12-31), actual=28.39, budgeted=73.12, isBalance=true, isEditable=true], BPGridCell[columnIndex=2, dateRange=DateRange(startDate=2026-01-01, endDate=2026-01-31), actual=18.91, budgeted=59.92, isBalance=true, isEditable=true], BPGridCell[columnIndex=3, dateRange=DateRange(startDate=2026-02-01, endDate=2026-02-28), actual=17.55, budgeted=57.50, isBalance=true, isEditable=true], BPGridCell[columnIndex=4, dateRange=DateRange(startDate=2026-03-01, endDate=2026-03-31), actual=17.07, budgeted=56.43, isBalance=true, isEditable=true], BPGridCell[columnIndex=5, dateRange=DateRange(startDate=2026-04-01, endDate=2026-04-30), actual=24.63, budgeted=56.43, isBalance=true, isEditable=true]]], BPGridRow[category=Gas Bill, type=BUDGET, cells=[BPGridCell[columnIndex=0, dateRange=DateRange(startDate=2025-11-01, endDate=2025-11-30), actual=16.50, budgeted=0.00, isBalance=true, isEditable=true], BPGridCell[columnIndex=1, dateRange=DateRange(startDate=2025-12-01, endDate=2025-12-31), actual=20.75, budgeted=16.50, isBalance=true, isEditable=true], BPGridCell[columnIndex=2, dateRange=DateRange(startDate=2026-01-01, endDate=2026-01-31), actual=35.11, budgeted=18.63, isBalance=true, isEditable=true], BPGridCell[columnIndex=3, dateRange=DateRange(startDate=2026-02-01, endDate=2026-02-28), actual=52.75, budgeted=24.12, isBalance=true, isEditable=true], BPGridCell[columnIndex=4, dateRange=DateRange(startDate=2026-03-01, endDate=2026-03-31), actual=35.41, budgeted=31.28, isBalance=true, isEditable=true]]], BPGridRow[category=Groceries, type=BUDGET, cells=[BPGridCell[columnIndex=0, dateRange=DateRange(startDate=2025-11-01, endDate=2025-11-30), actual=111.86, budgeted=0.00, isBalance=true, isEditable=true], BPGridCell[columnIndex=1, dateRange=DateRange(startDate=2025-12-01, endDate=2025-12-31), actual=211.65, budgeted=506.81, isBalance=true, isEditable=true], BPGridCell[columnIndex=2, dateRange=DateRange(startDate=2026-01-01, endDate=2026-01-31), actual=256.99, budgeted=454.11, isBalance=true, isEditable=true], BPGridCell[columnIndex=3, dateRange=DateRange(startDate=2026-02-01, endDate=2026-02-28), actual=9.27, budgeted=513.98, isBalance=true, isEditable=true], BPGridCell[columnIndex=4, dateRange=DateRange(startDate=2026-03-01, endDate=2026-03-31), actual=81.87, budgeted=512.90, isBalance=true, isEditable=true], BPGridCell[columnIndex=5, dateRange=DateRange(startDate=2026-04-01, endDate=2026-04-30), actual=170.51, budgeted=512.90, isBalance=true, isEditable=true]]], BPGridRow[category=Haircut, type=BUDGET, cells=[BPGridCell[columnIndex=0, dateRange=DateRange(startDate=2025-11-01, endDate=2025-11-30), actual=26.00, budgeted=0.00, isBalance=true, isEditable=true], BPGridCell[columnIndex=1, dateRange=DateRange(startDate=2025-12-01, endDate=2025-12-31), actual=26.00, budgeted=52.00, isBalance=true, isEditable=true], BPGridCell[columnIndex=2, dateRange=DateRange(startDate=2026-01-01, endDate=2026-01-31), actual=27.00, budgeted=52.00, isBalance=true, isEditable=true], BPGridCell[columnIndex=4, dateRange=DateRange(startDate=2026-03-01, endDate=2026-03-31), actual=27.00, budgeted=39.50, isBalance=true, isEditable=true]]], BPGridRow[category=Insurance, type=BUDGET, cells=[BPGridCell[columnIndex=0, dateRange=DateRange(startDate=2025-11-01, endDate=2025-11-30), actual=80.07, budgeted=0.00, isBalance=true, isEditable=true], BPGridCell[columnIndex=1, dateRange=DateRange(startDate=2025-12-01, endDate=2025-12-31), actual=77.29, budgeted=80.07, isBalance=true, isEditable=true], BPGridCell[columnIndex=2, dateRange=DateRange(startDate=2026-01-01, endDate=2026-01-31), actual=74.52, budgeted=78.68, isBalance=true, isEditable=true], BPGridCell[columnIndex=3, dateRange=DateRange(startDate=2026-02-01, endDate=2026-02-28), actual=67.14, budgeted=77.29, isBalance=true, isEditable=true], BPGridCell[columnIndex=4, dateRange=DateRange(startDate=2026-03-01, endDate=2026-03-31), actual=140.20, budgeted=74.76, isBalance=true, isEditable=true]]], BPGridRow[category=Order Out, type=BUDGET, cells=[BPGridCell[columnIndex=0, dateRange=DateRange(startDate=2025-11-01, endDate=2025-11-30), actual=64.95, budgeted=0.00, isBalance=true, isEditable=true], BPGridCell[columnIndex=1, dateRange=DateRange(startDate=2025-12-01, endDate=2025-12-31), actual=71.30, budgeted=195.57, isBalance=true, isEditable=true], BPGridCell[columnIndex=2, dateRange=DateRange(startDate=2026-01-01, endDate=2026-01-31), actual=50.62, budgeted=100.82, isBalance=true, isEditable=true], BPGridCell[columnIndex=3, dateRange=DateRange(startDate=2026-02-01, endDate=2026-02-28), actual=38.89, budgeted=117.84, isBalance=true, isEditable=true], BPGridCell[columnIndex=4, dateRange=DateRange(startDate=2026-03-01, endDate=2026-03-31), actual=43.21, budgeted=117.48, isBalance=true, isEditable=true], BPGridCell[columnIndex=5, dateRange=DateRange(startDate=2026-04-01, endDate=2026-04-30), actual=36.78, budgeted=117.48, isBalance=true, isEditable=true]]], BPGridRow[category=Other, type=BUDGET, cells=[BPGridCell[columnIndex=0, dateRange=DateRange(startDate=2025-11-01, endDate=2025-11-30), actual=219.38, budgeted=0.00, isBalance=true, isEditable=true], BPGridCell[columnIndex=1, dateRange=DateRange(startDate=2025-12-01, endDate=2025-12-31), actual=89.05, budgeted=149.72, isBalance=true, isEditable=true], BPGridCell[columnIndex=2, dateRange=DateRange(startDate=2026-01-01, endDate=2026-01-31), actual=79.73, budgeted=288.88, isBalance=true, isEditable=true], BPGridCell[columnIndex=3, dateRange=DateRange(startDate=2026-02-01, endDate=2026-02-28), actual=10.72, budgeted=238.83, isBalance=true, isEditable=true], BPGridCell[columnIndex=4, dateRange=DateRange(startDate=2026-03-01, endDate=2026-03-31), actual=1.20, budgeted=185.24, isBalance=true, isEditable=true], BPGridCell[columnIndex=5, dateRange=DateRange(startDate=2026-04-01, endDate=2026-04-30), actual=50.72, budgeted=185.24, isBalance=true, isEditable=true]]], BPGridRow[category=Payment, type=BUDGET, cells=[BPGridCell[columnIndex=0, dateRange=DateRange(startDate=2025-11-01, endDate=2025-11-30), actual=112.81, budgeted=0.00, isBalance=true, isEditable=true], BPGridCell[columnIndex=1, dateRange=DateRange(startDate=2025-12-01, endDate=2025-12-31), actual=240.62, budgeted=271.96, isBalance=true, isEditable=true], BPGridCell[columnIndex=2, dateRange=DateRange(startDate=2026-01-01, endDate=2026-01-31), actual=148.23, budgeted=501.74, isBalance=true, isEditable=true], BPGridCell[columnIndex=3, dateRange=DateRange(startDate=2026-02-01, endDate=2026-02-28), actual=284.26, budgeted=450.82, isBalance=true, isEditable=true], BPGridCell[columnIndex=4, dateRange=DateRange(startDate=2026-03-01, endDate=2026-03-31), actual=248.44, budgeted=427.71, isBalance=true, isEditable=true], BPGridCell[columnIndex=5, dateRange=DateRange(startDate=2026-04-01, endDate=2026-04-30), actual=62.15, budgeted=427.71, isBalance=true, isEditable=true]]], BPGridRow[category=Subscription, type=BUDGET, cells=[BPGridCell[columnIndex=0, dateRange=DateRange(startDate=2025-11-01, endDate=2025-11-30), actual=7.43, budgeted=0.00, isBalance=true, isEditable=true], BPGridCell[columnIndex=1, dateRange=DateRange(startDate=2025-12-01, endDate=2025-12-31), actual=53.62, budgeted=40.21, isBalance=true, isEditable=true], BPGridCell[columnIndex=2, dateRange=DateRange(startDate=2026-01-01, endDate=2026-01-31), actual=68.76, budgeted=29.48, isBalance=true, isEditable=true], BPGridCell[columnIndex=3, dateRange=DateRange(startDate=2026-02-01, endDate=2026-02-28), actual=76.25, budgeted=55.61, isBalance=true, isEditable=true], BPGridCell[columnIndex=4, dateRange=DateRange(startDate=2026-03-01, endDate=2026-03-31), actual=75.08, budgeted=73.07, isBalance=true, isEditable=true], BPGridCell[columnIndex=5, dateRange=DateRange(startDate=2026-04-01, endDate=2026-04-30), actual=33.15, budgeted=73.07, isBalance=true, isEditable=true]]], BPGridRow[category=Utilities, type=BUDGET, cells=[BPGridCell[columnIndex=0, dateRange=DateRange(startDate=2025-11-01, endDate=2025-11-30), actual=129.93, budgeted=0.00, isBalance=true, isEditable=true], BPGridCell[columnIndex=1, dateRange=DateRange(startDate=2025-12-01, endDate=2025-12-31), actual=123.60, budgeted=129.93, isBalance=true, isEditable=true], BPGridCell[columnIndex=2, dateRange=DateRange(startDate=2026-01-01, endDate=2026-01-31), actual=127.71, budgeted=126.77, isBalance=true, isEditable=true], BPGridCell[columnIndex=3, dateRange=DateRange(startDate=2026-02-01, endDate=2026-02-28), actual=134.30, budgeted=127.08, isBalance=true, isEditable=true], BPGridCell[columnIndex=4, dateRange=DateRange(startDate=2026-03-01, endDate=2026-03-31), actual=131.26, budgeted=161.58, isBalance=true, isEditable=true]]], BPGridRow[category=Electric, type=BUDGET, cells=[BPGridCell[columnIndex=1, dateRange=DateRange(startDate=2025-12-01, endDate=2025-12-31), actual=61.77, budgeted=0.00, isBalance=true, isEditable=true], BPGridCell[columnIndex=2, dateRange=DateRange(startDate=2026-01-01, endDate=2026-01-31), actual=63.89, budgeted=30.89, isBalance=true, isEditable=true], BPGridCell[columnIndex=3, dateRange=DateRange(startDate=2026-02-01, endDate=2026-02-28), actual=52.77, budgeted=41.89, isBalance=true, isEditable=true], BPGridCell[columnIndex=5, dateRange=DateRange(startDate=2026-04-01, endDate=2026-04-30), actual=74.87, budgeted=44.61, isBalance=true, isEditable=true]]], BPGridRow[category=To Go, type=BUDGET, cells=[BPGridCell[columnIndex=2, dateRange=DateRange(startDate=2026-01-01, endDate=2026-01-31), actual=8.43, budgeted=0.00, isBalance=true, isEditable=true], BPGridCell[columnIndex=3, dateRange=DateRange(startDate=2026-02-01, endDate=2026-02-28), actual=8.43, budgeted=1.97, isBalance=true, isEditable=true]]], BPGridRow[category=Rent, type=BUDGET, cells=[BPGridCell[columnIndex=3, dateRange=DateRange(startDate=2026-02-01, endDate=2026-02-28), actual=1220.03, budgeted=614.61, isBalance=true, isEditable=true], BPGridCell[columnIndex=4, dateRange=DateRange(startDate=2026-03-01, endDate=2026-03-31), actual=1220.03, budgeted=798.19, isBalance=true, isEditable=true], BPGridCell[columnIndex=5, dateRange=DateRange(startDate=2026-04-01, endDate=2026-04-30), actual=1220.03, budgeted=798.19, isBalance=true, isEditable=true]]], BPGridRow[category=Salary, type=INCOME, cells=[BPGridCell[columnIndex=0, dateRange=DateRange(startDate=2025-11-01, endDate=2025-11-30), actual=4387.81, budgeted=0.00, isBalance=true, isEditable=true], BPGridCell[columnIndex=1, dateRange=DateRange(startDate=2025-12-01, endDate=2025-12-31), actual=5896.54, budgeted=0.00, isBalance=true, isEditable=true], BPGridCell[columnIndex=2, dateRange=DateRange(startDate=2026-01-01, endDate=2026-01-31), actual=3909.06, budgeted=0.00, isBalance=true, isEditable=true], BPGridCell[columnIndex=3, dateRange=DateRange(startDate=2026-02-01, endDate=2026-02-28), actual=3937.09, budgeted=0.00, isBalance=true, isEditable=true], BPGridCell[columnIndex=4, dateRange=DateRange(startDate=2026-03-01, endDate=2026-03-31), actual=1988.27, budgeted=0.00, isBalance=true, isEditable=true], BPGridCell[columnIndex=5, dateRange=DateRange(startDate=2026-04-01, endDate=2026-04-30), actual=2012.97, budgeted=0.00, isBalance=true, isEditable=true]]], BPGridRow[category=Expenses, type=EXPENSE, cells=[BPGridCell[columnIndex=0, dateRange=DateRange(startDate=2025-11-01, endDate=2025-11-30), actual=2721.88, budgeted=0.00, isBalance=true, isEditable=true], BPGridCell[columnIndex=1, dateRange=DateRange(startDate=2025-12-01, endDate=2025-12-31), actual=3090.88, budgeted=0.00, isBalance=true, isEditable=true], BPGridCell[columnIndex=2, dateRange=DateRange(startDate=2026-01-01, endDate=2026-01-31), actual=2412.01, budgeted=0.00, isBalance=true, isEditable=true], BPGridCell[columnIndex=3, dateRange=DateRange(startDate=2026-02-01, endDate=2026-02-28), actual=3544.59, budgeted=0.00, isBalance=true, isEditable=true], BPGridCell[columnIndex=4, dateRange=DateRange(startDate=2026-03-01, endDate=2026-03-31), actual=2983.82, budgeted=0.00, isBalance=true, isEditable=true], BPGridCell[columnIndex=5, dateRange=DateRange(startDate=2026-04-01, endDate=2026-04-30), actual=1930.72, budgeted=0.00, isBalance=true, isEditable=true]]], BPGridRow[category=Balance, type=BALANCE, cells=[BPGridCell[columnIndex=0, dateRange=DateRange(startDate=2025-11-01, endDate=2025-11-30), actual=0.00, budgeted=1665.93, isBalance=true, isEditable=true], BPGridCell[columnIndex=1, dateRange=DateRange(startDate=2025-12-01, endDate=2025-12-31), actual=0.00, budgeted=2805.66, isBalance=true, isEditable=true], BPGridCell[columnIndex=2, dateRange=DateRange(startDate=2026-01-01, endDate=2026-01-31), actual=0.00, budgeted=1497.05, isBalance=true, isEditable=true], BPGridCell[columnIndex=3, dateRange=DateRange(startDate=2026-02-01, endDate=2026-02-28), actual=0.00, budgeted=392.50, isBalance=true, isEditable=true], BPGridCell[columnIndex=4, dateRange=DateRange(startDate=2026-03-01, endDate=2026-03-31), actual=0.00, budgeted=-995.55, isBalance=true, isEditable=true], BPGridCell[columnIndex=5, dateRange=DateRange(startDate=2026-04-01, endDate=2026-04-30), actual=0.00, budgeted=82.25, isBalance=true, isEditable=true]]]]], layoutType=CLASSIC, lastUpdated=null, createdAt=null), active=true, isSaved=true)]
2026-04-14 04:08:04 INFO  org.quartz.core.QuartzScheduler - Scheduler quartzScheduler_$_NON_CLUSTERED paused.
2026-04-14 04:08:04 INFO  o.s.s.quartz.SchedulerFactoryBean - Shutting down Quartz Scheduler
2026-04-14 04:08:04 INFO  org.quartz.core.QuartzScheduler - Scheduler quartzScheduler_$_NON_CLUSTERED shutting down.
2026-04-14 04:08:04 INFO  org.quartz.core.QuartzScheduler - Scheduler quartzScheduler_$_NON_CLUSTERED paused.
2026-04-14 04:08:04 INFO  org.quartz.core.QuartzScheduler - Scheduler quartzScheduler_$_NON_CLUSTERED shutdown complete.
2026-04-14 04:08:04 INFO  o.s.o.j.LocalContainerEntityManagerFactoryBean - Closing JPA EntityManagerFactory for persistence unit 'default'
