2026-04-18 10:28:51 INFO  c.a.b.BudgetBuddyApplication - Starting BudgetBuddyApplication using Java 21.0.9 with PID 3760 (C:\Users\alexk\Documents\BudgetBuddy\target\classes started by alexk in C:\Users\alexk\Documents\BudgetBuddy)
2026-04-18 10:28:51 DEBUG c.a.b.BudgetBuddyApplication - Running with Spring Boot v3.3.3, Spring v6.1.12
2026-04-18 10:28:51 INFO  c.a.b.BudgetBuddyApplication - No active profile set, falling back to 1 default profile: "default"
2026-04-18 10:28:51 INFO  o.s.d.r.c.RepositoryConfigurationDelegate - Multiple Spring Data modules found, entering strict repository configuration mode
2026-04-18 10:28:51 INFO  o.s.d.r.c.RepositoryConfigurationDelegate - Bootstrapping Spring Data JPA repositories in DEFAULT mode.
2026-04-18 10:28:51 INFO  o.s.d.r.c.RepositoryConfigurationDelegate - Finished Spring Data repository scanning in 54 ms. Found 40 JPA repository interfaces.
2026-04-18 10:28:51 INFO  o.s.d.r.c.RepositoryConfigurationDelegate - Multiple Spring Data modules found, entering strict repository configuration mode
2026-04-18 10:28:51 INFO  o.s.d.r.c.RepositoryConfigurationDelegate - Bootstrapping Spring Data Redis repositories in DEFAULT mode.
2026-04-18 10:28:51 INFO  o.s.d.r.c.RepositoryConfigurationExtensionSupport - Spring Data Redis - Could not safely identify store assignment for repository candidate interface com.app.budgetbuddy.repositories.AccountRepository; If you want this repository to be a Redis repository, consider annotating your entities with one of these annotations: org.springframework.data.redis.core.RedisHash (preferred), or consider extending one of the following types with your repository: org.springframework.data.keyvalue.repository.KeyValueRepository
2026-04-18 10:28:51 INFO  o.s.d.r.c.RepositoryConfigurationExtensionSupport - Spring Data Redis - Could not safely identify store assignment for repository candidate interface com.app.budgetbuddy.repositories.BPAccountBalanceRepository; If you want this repository to be a Redis repository, consider annotating your entities with one of these annotations: org.springframework.data.redis.core.RedisHash (preferred), or consider extending one of the following types with your repository: org.springframework.data.keyvalue.repository.KeyValueRepository
2026-04-18 10:28:51 INFO  o.s.d.r.c.RepositoryConfigurationExtensionSupport - Spring Data Redis - Could not safely identify store assignment for repository candidate interface com.app.budgetbuddy.repositories.BPBudgetCategoryRepository; If you want this repository to be a Redis repository, consider annotating your entities with one of these annotations: org.springframework.data.redis.core.RedisHash (preferred), or consider extending one of the following types with your repository: org.springframework.data.keyvalue.repository.KeyValueRepository
2026-04-18 10:28:51 INFO  o.s.d.r.c.RepositoryConfigurationExtensionSupport - Spring Data Redis - Could not safely identify store assignment for repository candidate interface com.app.budgetbuddy.repositories.BPCategoryDetailsRepository; If you want this repository to be a Redis repository, consider annotating your entities with one of these annotations: org.springframework.data.redis.core.RedisHash (preferred), or consider extending one of the following types with your repository: org.springframework.data.keyvalue.repository.KeyValueRepository
2026-04-18 10:28:51 INFO  o.s.d.r.c.RepositoryConfigurationExtensionSupport - Spring Data Redis - Could not safely identify store assignment for repository candidate interface com.app.budgetbuddy.repositories.BPCategoryGroupMemberRepository; If you want this repository to be a Redis repository, consider annotating your entities with one of these annotations: org.springframework.data.redis.core.RedisHash (preferred), or consider extending one of the following types with your repository: org.springframework.data.keyvalue.repository.KeyValueRepository
2026-04-18 10:28:51 INFO  o.s.d.r.c.RepositoryConfigurationExtensionSupport - Spring Data Redis - Could not safely identify store assignment for repository candidate interface com.app.budgetbuddy.repositories.BPCategoryGroupRepository; If you want this repository to be a Redis repository, consider annotating your entities with one of these annotations: org.springframework.data.redis.core.RedisHash (preferred), or consider extending one of the following types with your repository: org.springframework.data.keyvalue.repository.KeyValueRepository
2026-04-18 10:28:51 INFO  o.s.d.r.c.RepositoryConfigurationExtensionSupport - Spring Data Redis - Could not safely identify store assignment for repository candidate interface com.app.budgetbuddy.repositories.BPCellRepository; If you want this repository to be a Redis repository, consider annotating your entities with one of these annotations: org.springframework.data.redis.core.RedisHash (preferred), or consider extending one of the following types with your repository: org.springframework.data.keyvalue.repository.KeyValueRepository
2026-04-18 10:28:51 INFO  o.s.d.r.c.RepositoryConfigurationExtensionSupport - Spring Data Redis - Could not safely identify store assignment for repository candidate interface com.app.budgetbuddy.repositories.BPColumnRepository; If you want this repository to be a Redis repository, consider annotating your entities with one of these annotations: org.springframework.data.redis.core.RedisHash (preferred), or consider extending one of the following types with your repository: org.springframework.data.keyvalue.repository.KeyValueRepository
2026-04-18 10:28:51 INFO  o.s.d.r.c.RepositoryConfigurationExtensionSupport - Spring Data Redis - Could not safely identify store assignment for repository candidate interface com.app.budgetbuddy.repositories.BPRowRepository; If you want this repository to be a Redis repository, consider annotating your entities with one of these annotations: org.springframework.data.redis.core.RedisHash (preferred), or consider extending one of the following types with your repository: org.springframework.data.keyvalue.repository.KeyValueRepository
2026-04-18 10:28:51 INFO  o.s.d.r.c.RepositoryConfigurationExtensionSupport - Spring Data Redis - Could not safely identify store assignment for repository candidate interface com.app.budgetbuddy.repositories.BPTemplateDetailsRepository; If you want this repository to be a Redis repository, consider annotating your entities with one of these annotations: org.springframework.data.redis.core.RedisHash (preferred), or consider extending one of the following types with your repository: org.springframework.data.keyvalue.repository.KeyValueRepository
2026-04-18 10:28:51 INFO  o.s.d.r.c.RepositoryConfigurationExtensionSupport - Spring Data Redis - Could not safely identify store assignment for repository candidate interface com.app.budgetbuddy.repositories.BPTemplateRepository; If you want this repository to be a Redis repository, consider annotating your entities with one of these annotations: org.springframework.data.redis.core.RedisHash (preferred), or consider extending one of the following types with your repository: org.springframework.data.keyvalue.repository.KeyValueRepository
2026-04-18 10:28:51 INFO  o.s.d.r.c.RepositoryConfigurationExtensionSupport - Spring Data Redis - Could not safely identify store assignment for repository candidate interface com.app.budgetbuddy.repositories.BPWeekDetailsRepository; If you want this repository to be a Redis repository, consider annotating your entities with one of these annotations: org.springframework.data.redis.core.RedisHash (preferred), or consider extending one of the following types with your repository: org.springframework.data.keyvalue.repository.KeyValueRepository
2026-04-18 10:28:51 INFO  o.s.d.r.c.RepositoryConfigurationExtensionSupport - Spring Data Redis - Could not safely identify store assignment for repository candidate interface com.app.budgetbuddy.repositories.BudgetCategoryRepository; If you want this repository to be a Redis repository, consider annotating your entities with one of these annotations: org.springframework.data.redis.core.RedisHash (preferred), or consider extending one of the following types with your repository: org.springframework.data.keyvalue.repository.KeyValueRepository
2026-04-18 10:28:51 INFO  o.s.d.r.c.RepositoryConfigurationExtensionSupport - Spring Data Redis - Could not safely identify store assignment for repository candidate interface com.app.budgetbuddy.repositories.BudgetEnvelopesRepository; If you want this repository to be a Redis repository, consider annotating your entities with one of these annotations: org.springframework.data.redis.core.RedisHash (preferred), or consider extending one of the following types with your repository: org.springframework.data.keyvalue.repository.KeyValueRepository
2026-04-18 10:28:51 INFO  o.s.d.r.c.RepositoryConfigurationExtensionSupport - Spring Data Redis - Could not safely identify store assignment for repository candidate interface com.app.budgetbuddy.repositories.BudgetGoalsRepository; If you want this repository to be a Redis repository, consider annotating your entities with one of these annotations: org.springframework.data.redis.core.RedisHash (preferred), or consider extending one of the following types with your repository: org.springframework.data.keyvalue.repository.KeyValueRepository
2026-04-18 10:28:51 INFO  o.s.d.r.c.RepositoryConfigurationExtensionSupport - Spring Data Redis - Could not safely identify store assignment for repository candidate interface com.app.budgetbuddy.repositories.BudgetRepository; If you want this repository to be a Redis repository, consider annotating your entities with one of these annotations: org.springframework.data.redis.core.RedisHash (preferred), or consider extending one of the following types with your repository: org.springframework.data.keyvalue.repository.KeyValueRepository
2026-04-18 10:28:51 INFO  o.s.d.r.c.RepositoryConfigurationExtensionSupport - Spring Data Redis - Could not safely identify store assignment for repository candidate interface com.app.budgetbuddy.repositories.BudgetScheduleRangeRepository; If you want this repository to be a Redis repository, consider annotating your entities with one of these annotations: org.springframework.data.redis.core.RedisHash (preferred), or consider extending one of the following types with your repository: org.springframework.data.keyvalue.repository.KeyValueRepository
2026-04-18 10:28:51 INFO  o.s.d.r.c.RepositoryConfigurationExtensionSupport - Spring Data Redis - Could not safely identify store assignment for repository candidate interface com.app.budgetbuddy.repositories.BudgetScheduleRepository; If you want this repository to be a Redis repository, consider annotating your entities with one of these annotations: org.springframework.data.redis.core.RedisHash (preferred), or consider extending one of the following types with your repository: org.springframework.data.keyvalue.repository.KeyValueRepository
2026-04-18 10:28:51 INFO  o.s.d.r.c.RepositoryConfigurationExtensionSupport - Spring Data Redis - Could not safely identify store assignment for repository candidate interface com.app.budgetbuddy.repositories.BudgetStatisticsRepository; If you want this repository to be a Redis repository, consider annotating your entities with one of these annotations: org.springframework.data.redis.core.RedisHash (preferred), or consider extending one of the following types with your repository: org.springframework.data.keyvalue.repository.KeyValueRepository
2026-04-18 10:28:51 INFO  o.s.d.r.c.RepositoryConfigurationExtensionSupport - Spring Data Redis - Could not safely identify store assignment for repository candidate interface com.app.budgetbuddy.repositories.CategoryRepository; If you want this repository to be a Redis repository, consider annotating your entities with one of these annotations: org.springframework.data.redis.core.RedisHash (preferred), or consider extending one of the following types with your repository: org.springframework.data.keyvalue.repository.KeyValueRepository
2026-04-18 10:28:51 INFO  o.s.d.r.c.RepositoryConfigurationExtensionSupport - Spring Data Redis - Could not safely identify store assignment for repository candidate interface com.app.budgetbuddy.repositories.ControlledSpendingCategoryRepository; If you want this repository to be a Redis repository, consider annotating your entities with one of these annotations: org.springframework.data.redis.core.RedisHash (preferred), or consider extending one of the following types with your repository: org.springframework.data.keyvalue.repository.KeyValueRepository
2026-04-18 10:28:51 INFO  o.s.d.r.c.RepositoryConfigurationExtensionSupport - Spring Data Redis - Could not safely identify store assignment for repository candidate interface com.app.budgetbuddy.repositories.CSVAccountRepository; If you want this repository to be a Redis repository, consider annotating your entities with one of these annotations: org.springframework.data.redis.core.RedisHash (preferred), or consider extending one of the following types with your repository: org.springframework.data.keyvalue.repository.KeyValueRepository
2026-04-18 10:28:51 INFO  o.s.d.r.c.RepositoryConfigurationExtensionSupport - Spring Data Redis - Could not safely identify store assignment for repository candidate interface com.app.budgetbuddy.repositories.CSVTransactionRepository; If you want this repository to be a Redis repository, consider annotating your entities with one of these annotations: org.springframework.data.redis.core.RedisHash (preferred), or consider extending one of the following types with your repository: org.springframework.data.keyvalue.repository.KeyValueRepository
2026-04-18 10:28:51 INFO  o.s.d.r.c.RepositoryConfigurationExtensionSupport - Spring Data Redis - Could not safely identify store assignment for repository candidate interface com.app.budgetbuddy.repositories.GroceryBudgetRepository; If you want this repository to be a Redis repository, consider annotating your entities with one of these annotations: org.springframework.data.redis.core.RedisHash (preferred), or consider extending one of the following types with your repository: org.springframework.data.keyvalue.repository.KeyValueRepository
2026-04-18 10:28:51 INFO  o.s.d.r.c.RepositoryConfigurationExtensionSupport - Spring Data Redis - Could not safely identify store assignment for repository candidate interface com.app.budgetbuddy.repositories.GroceryListRepository; If you want this repository to be a Redis repository, consider annotating your entities with one of these annotations: org.springframework.data.redis.core.RedisHash (preferred), or consider extending one of the following types with your repository: org.springframework.data.keyvalue.repository.KeyValueRepository
2026-04-18 10:28:51 INFO  o.s.d.r.c.RepositoryConfigurationExtensionSupport - Spring Data Redis - Could not safely identify store assignment for repository candidate interface com.app.budgetbuddy.repositories.GroceryReceiptRepository; If you want this repository to be a Redis repository, consider annotating your entities with one of these annotations: org.springframework.data.redis.core.RedisHash (preferred), or consider extending one of the following types with your repository: org.springframework.data.keyvalue.repository.KeyValueRepository
2026-04-18 10:28:51 INFO  o.s.d.r.c.RepositoryConfigurationExtensionSupport - Spring Data Redis - Could not safely identify store assignment for repository candidate interface com.app.budgetbuddy.repositories.PlaidCategoriesRepository; If you want this repository to be a Redis repository, consider annotating your entities with one of these annotations: org.springframework.data.redis.core.RedisHash (preferred), or consider extending one of the following types with your repository: org.springframework.data.keyvalue.repository.KeyValueRepository
2026-04-18 10:28:51 INFO  o.s.d.r.c.RepositoryConfigurationExtensionSupport - Spring Data Redis - Could not safely identify store assignment for repository candidate interface com.app.budgetbuddy.repositories.PlaidCursorRepository; If you want this repository to be a Redis repository, consider annotating your entities with one of these annotations: org.springframework.data.redis.core.RedisHash (preferred), or consider extending one of the following types with your repository: org.springframework.data.keyvalue.repository.KeyValueRepository
2026-04-18 10:28:51 INFO  o.s.d.r.c.RepositoryConfigurationExtensionSupport - Spring Data Redis - Could not safely identify store assignment for repository candidate interface com.app.budgetbuddy.repositories.PlaidLinkRepository; If you want this repository to be a Redis repository, consider annotating your entities with one of these annotations: org.springframework.data.redis.core.RedisHash (preferred), or consider extending one of the following types with your repository: org.springframework.data.keyvalue.repository.KeyValueRepository
2026-04-18 10:28:51 INFO  o.s.d.r.c.RepositoryConfigurationExtensionSupport - Spring Data Redis - Could not safely identify store assignment for repository candidate interface com.app.budgetbuddy.repositories.PreCalculationCategoryRepository; If you want this repository to be a Redis repository, consider annotating your entities with one of these annotations: org.springframework.data.redis.core.RedisHash (preferred), or consider extending one of the following types with your repository: org.springframework.data.keyvalue.repository.KeyValueRepository
2026-04-18 10:28:51 INFO  o.s.d.r.c.RepositoryConfigurationExtensionSupport - Spring Data Redis - Could not safely identify store assignment for repository candidate interface com.app.budgetbuddy.repositories.RecurringTransactionsRepository; If you want this repository to be a Redis repository, consider annotating your entities with one of these annotations: org.springframework.data.redis.core.RedisHash (preferred), or consider extending one of the following types with your repository: org.springframework.data.keyvalue.repository.KeyValueRepository
2026-04-18 10:28:51 INFO  o.s.d.r.c.RepositoryConfigurationExtensionSupport - Spring Data Redis - Could not safely identify store assignment for repository candidate interface com.app.budgetbuddy.repositories.SubBudgetGoalsRepository; If you want this repository to be a Redis repository, consider annotating your entities with one of these annotations: org.springframework.data.redis.core.RedisHash (preferred), or consider extending one of the following types with your repository: org.springframework.data.keyvalue.repository.KeyValueRepository
2026-04-18 10:28:51 INFO  o.s.d.r.c.RepositoryConfigurationExtensionSupport - Spring Data Redis - Could not safely identify store assignment for repository candidate interface com.app.budgetbuddy.repositories.SubBudgetRepository; If you want this repository to be a Redis repository, consider annotating your entities with one of these annotations: org.springframework.data.redis.core.RedisHash (preferred), or consider extending one of the following types with your repository: org.springframework.data.keyvalue.repository.KeyValueRepository
2026-04-18 10:28:51 INFO  o.s.d.r.c.RepositoryConfigurationExtensionSupport - Spring Data Redis - Could not safely identify store assignment for repository candidate interface com.app.budgetbuddy.repositories.SystemCategoryRulesRepository; If you want this repository to be a Redis repository, consider annotating your entities with one of these annotations: org.springframework.data.redis.core.RedisHash (preferred), or consider extending one of the following types with your repository: org.springframework.data.keyvalue.repository.KeyValueRepository
2026-04-18 10:28:51 INFO  o.s.d.r.c.RepositoryConfigurationExtensionSupport - Spring Data Redis - Could not safely identify store assignment for repository candidate interface com.app.budgetbuddy.repositories.TransactionCategoryRepository; If you want this repository to be a Redis repository, consider annotating your entities with one of these annotations: org.springframework.data.redis.core.RedisHash (preferred), or consider extending one of the following types with your repository: org.springframework.data.keyvalue.repository.KeyValueRepository
2026-04-18 10:28:51 INFO  o.s.d.r.c.RepositoryConfigurationExtensionSupport - Spring Data Redis - Could not safely identify store assignment for repository candidate interface com.app.budgetbuddy.repositories.TransactionRepository; If you want this repository to be a Redis repository, consider annotating your entities with one of these annotations: org.springframework.data.redis.core.RedisHash (preferred), or consider extending one of the following types with your repository: org.springframework.data.keyvalue.repository.KeyValueRepository
2026-04-18 10:28:51 INFO  o.s.d.r.c.RepositoryConfigurationExtensionSupport - Spring Data Redis - Could not safely identify store assignment for repository candidate interface com.app.budgetbuddy.repositories.TransactionRuleRepository; If you want this repository to be a Redis repository, consider annotating your entities with one of these annotations: org.springframework.data.redis.core.RedisHash (preferred), or consider extending one of the following types with your repository: org.springframework.data.keyvalue.repository.KeyValueRepository
2026-04-18 10:28:51 INFO  o.s.d.r.c.RepositoryConfigurationExtensionSupport - Spring Data Redis - Could not safely identify store assignment for repository candidate interface com.app.budgetbuddy.repositories.UserCategoryRepository; If you want this repository to be a Redis repository, consider annotating your entities with one of these annotations: org.springframework.data.redis.core.RedisHash (preferred), or consider extending one of the following types with your repository: org.springframework.data.keyvalue.repository.KeyValueRepository
2026-04-18 10:28:51 INFO  o.s.d.r.c.RepositoryConfigurationExtensionSupport - Spring Data Redis - Could not safely identify store assignment for repository candidate interface com.app.budgetbuddy.repositories.UserLogRepository; If you want this repository to be a Redis repository, consider annotating your entities with one of these annotations: org.springframework.data.redis.core.RedisHash (preferred), or consider extending one of the following types with your repository: org.springframework.data.keyvalue.repository.KeyValueRepository
2026-04-18 10:28:51 INFO  o.s.d.r.c.RepositoryConfigurationExtensionSupport - Spring Data Redis - Could not safely identify store assignment for repository candidate interface com.app.budgetbuddy.repositories.UserRepository; If you want this repository to be a Redis repository, consider annotating your entities with one of these annotations: org.springframework.data.redis.core.RedisHash (preferred), or consider extending one of the following types with your repository: org.springframework.data.keyvalue.repository.KeyValueRepository
2026-04-18 10:28:51 INFO  o.s.d.r.c.RepositoryConfigurationDelegate - Finished Spring Data repository scanning in 7 ms. Found 0 Redis repository interfaces.
2026-04-18 10:28:51 INFO  o.s.b.w.e.tomcat.TomcatWebServer - Tomcat initialized with port 8080 (http)
2026-04-18 10:28:51 INFO  o.a.coyote.http11.Http11NioProtocol - Initializing ProtocolHandler ["http-nio-8080"]
2026-04-18 10:28:51 INFO  o.a.catalina.core.StandardService - Starting service [Tomcat]
2026-04-18 10:28:51 INFO  o.a.catalina.core.StandardEngine - Starting Servlet engine: [Apache Tomcat/10.1.28]
2026-04-18 10:28:51 INFO  o.a.c.c.C.[Tomcat].[localhost].[/] - Initializing Spring embedded WebApplicationContext
2026-04-18 10:28:51 INFO  o.s.b.w.s.c.ServletWebServerApplicationContext - Root WebApplicationContext: initialization completed in 320 ms
2026-04-18 10:28:51 INFO  o.h.jpa.internal.util.LogHelper - HHH000204: Processing PersistenceUnitInfo [name: default]
2026-04-18 10:28:51 INFO  o.h.c.i.RegionFactoryInitiator - HHH000026: Second-level cache disabled
2026-04-18 10:28:51 INFO  o.s.o.j.p.SpringPersistenceUnitInfo - No LoadTimeWeaver setup: ignoring JPA class transformer
2026-04-18 10:28:51 WARN  org.hibernate.orm.deprecation - HHH90000025: PostgreSQLDialect does not need to be specified explicitly using 'hibernate.dialect' (remove the property setting and it will be selected by default)
2026-04-18 10:28:51 DEBUG o.h.t.d.sql.spi.DdlTypeRegistry - addDescriptor(2003, org.hibernate.type.descriptor.sql.internal.ArrayDdlTypeImpl@41aba4a1) replaced previous registration(org.hibernate.type.descriptor.sql.internal.ArrayDdlTypeImpl@6fad0006)
2026-04-18 10:28:51 DEBUG o.h.t.d.sql.spi.DdlTypeRegistry - addDescriptor(6, org.hibernate.type.descriptor.sql.internal.CapacityDependentDdlType@1440e997) replaced previous registration(org.hibernate.type.descriptor.sql.internal.DdlTypeImpl@44f34280)
2026-04-18 10:28:52 INFO  o.h.e.t.j.p.i.JtaPlatformInitiator - HHH000489: No JTA platform available (set 'hibernate.transaction.jta.platform' to enable JTA platform integration)
2026-04-18 10:28:52 INFO  o.s.o.j.LocalContainerEntityManagerFactoryBean - Initialized JPA EntityManagerFactory for persistence unit 'default'
2026-04-18 10:28:52 WARN  o.s.b.a.o.j.JpaBaseConfiguration$JpaWebConfiguration - spring.jpa.open-in-view is enabled by default. Therefore, database queries may be performed during view rendering. Explicitly configure spring.jpa.open-in-view to disable this warning
2026-04-18 10:28:52 INFO  o.s.s.c.a.a.c.InitializeAuthenticationProviderBeanManagerConfigurer$InitializeAuthenticationProviderManagerConfigurer - Global AuthenticationManager configured with AuthenticationProvider bean with name authenticationService
2026-04-18 10:28:52 WARN  o.s.s.c.a.a.c.InitializeUserDetailsBeanManagerConfigurer$InitializeUserDetailsManagerConfigurer - Global AuthenticationManager configured with an AuthenticationProvider bean. UserDetailsService beans will not be used for username/password login. Consider removing the AuthenticationProvider bean. Alternatively, consider using the UserDetailsService in a manually instantiated DaoAuthenticationProvider.
2026-04-18 10:28:52 WARN  o.s.w.s.m.m.a.RequestMappingHandlerMapping - Multiple @RequestMapping annotations found on public org.springframework.http.ResponseEntity com.app.budgetbuddy.controllers.BudgetCategoryController.createBudgetCategoriesForDate(java.lang.Long,java.time.LocalDate), but only the first will be used: [@org.springframework.web.bind.annotation.PutMapping(consumes={}, headers={}, name="", params={}, path={"/update"}, produces={}, value={"/update"}), @org.springframework.web.bind.annotation.GetMapping(consumes={}, headers={}, name="", params={}, path={"/create-date"}, produces={}, value={"/create-date"})]
2026-04-18 10:28:52 INFO  org.quartz.impl.StdSchedulerFactory - Using default implementation for ThreadExecutor
2026-04-18 10:28:52 INFO  o.quartz.core.SchedulerSignalerImpl - Initialized Scheduler Signaller of type: class org.quartz.core.SchedulerSignalerImpl
2026-04-18 10:28:52 INFO  org.quartz.core.QuartzScheduler - Quartz Scheduler v.2.3.2 created.
2026-04-18 10:28:52 INFO  org.quartz.simpl.RAMJobStore - RAMJobStore initialized.
2026-04-18 10:28:52 INFO  org.quartz.core.QuartzScheduler - Scheduler meta-data: Quartz Scheduler (v2.3.2) 'quartzScheduler' with instanceId 'NON_CLUSTERED'
  Scheduler class: 'org.quartz.core.QuartzScheduler' - running locally.
  NOT STARTED.
  Currently in standby mode.
  Number of jobs executed: 0
  Using thread pool 'org.quartz.simpl.SimpleThreadPool' - with 10 threads.
  Using job-store 'org.quartz.simpl.RAMJobStore' - which does not support persistence. and is not clustered.

2026-04-18 10:28:52 INFO  org.quartz.impl.StdSchedulerFactory - Quartz scheduler 'quartzScheduler' initialized from an externally provided properties instance.
2026-04-18 10:28:52 INFO  org.quartz.impl.StdSchedulerFactory - Quartz scheduler version: 2.3.2
2026-04-18 10:28:52 INFO  org.quartz.core.QuartzScheduler - JobFactory set to: org.springframework.scheduling.quartz.SpringBeanJobFactory@440afbf3
2026-04-18 10:28:52 INFO  o.s.b.d.a.OptionalLiveReloadServer - LiveReload server is running on port 35729
2026-04-18 10:28:52 INFO  o.a.coyote.http11.Http11NioProtocol - Starting ProtocolHandler ["http-nio-8080"]
2026-04-18 10:28:52 INFO  o.s.b.w.e.tomcat.TomcatWebServer - Tomcat started on port 8080 (http) with context path '/'
2026-04-18 10:28:52 INFO  o.s.s.quartz.SchedulerFactoryBean - Starting Quartz Scheduler now
2026-04-18 10:28:52 INFO  org.quartz.core.QuartzScheduler - Scheduler quartzScheduler_$_NON_CLUSTERED started.
2026-04-18 10:28:52 INFO  c.a.b.BudgetBuddyApplication - Started BudgetBuddyApplication in 1.218 seconds (process running for 1021.708)
2026-04-18 10:28:52 INFO  o.s.b.d.a.ConditionEvaluationDeltaLoggingListener - Condition evaluation unchanged
2026-04-18 10:29:21 INFO  o.a.c.c.C.[Tomcat].[localhost].[/] - Initializing Spring DispatcherServlet 'dispatcherServlet'
2026-04-18 10:29:21 INFO  o.s.web.servlet.DispatcherServlet - Initializing Servlet 'dispatcherServlet'
2026-04-18 10:29:21 INFO  o.s.web.servlet.DispatcherServlet - Completed initialization in 1 ms
2026-04-18 10:32:52 INFO  c.a.b.services.BudgetServiceImpl - UserID: 1
2026-04-18 10:32:52 INFO  c.a.b.services.BudgetServiceImpl - Year: 2026
2026-04-18 10:32:52 WARN  o.s.w.s.m.s.DefaultHandlerExceptionResolver - Ignoring exception, response committed already: org.springframework.http.converter.HttpMessageNotWritableException: Could not write JSON: Document nesting depth (1001) exceeds the maximum allowed (1000, from `StreamWriteConstraints.getMaxNestingDepth()`)
2026-04-18 10:32:52 WARN  o.s.w.s.m.s.DefaultHandlerExceptionResolver - Resolved [org.springframework.http.converter.HttpMessageNotWritableException: Could not write JSON: Document nesting depth (1001) exceeds the maximum allowed (1000, from `StreamWriteConstraints.getMaxNestingDepth()`)]
2026-04-18 10:32:52 INFO  c.a.b.services.BudgetServiceImpl - Budget exists for year 2026: true
2026-04-18 10:32:52 INFO  c.a.b.controllers.BudgetController - Budget exists: true
2026-04-18 10:32:52 INFO  c.a.b.c.TransactionCategoryController - Found 0 new transaction categories
2026-04-18 10:32:52 INFO  c.a.b.services.BudgetServiceImpl - UserID: 1
2026-04-18 10:32:52 INFO  c.a.b.services.BudgetServiceImpl - Year: 2026
2026-04-18 10:32:52 WARN  o.s.w.s.m.s.DefaultHandlerExceptionResolver - Ignoring exception, response committed already: org.springframework.http.converter.HttpMessageNotWritableException: Could not write JSON: Document nesting depth (1001) exceeds the maximum allowed (1000, from `StreamWriteConstraints.getMaxNestingDepth()`)
2026-04-18 10:32:52 WARN  o.s.w.s.m.s.DefaultHandlerExceptionResolver - Resolved [org.springframework.http.converter.HttpMessageNotWritableException: Could not write JSON: Document nesting depth (1001) exceeds the maximum allowed (1000, from `StreamWriteConstraints.getMaxNestingDepth()`)]
2026-04-18 10:32:52 INFO  c.a.b.services.BudgetServiceImpl - Budget exists for year 2026: true
2026-04-18 10:32:52 INFO  c.a.b.controllers.BudgetController - Budget exists: true
2026-04-18 10:32:52 INFO  c.a.b.c.TransactionCategoryController - Found 0 new transaction categories
2026-04-18 10:32:52 INFO  c.a.b.c.TransactionCategoryController - Found 0 new transaction categories
2026-04-18 10:32:52 INFO  c.a.b.s.TransactionCategoryServiceImpl - Checking if there are any updated transaction categories between 2026-04-01 and 2026-04-30
2026-04-18 10:32:52 INFO  c.a.b.s.TransactionCategoryServiceImpl - Found 0 updated transaction categories between 2026-04-01 and 2026-04-30
2026-04-18 10:32:52 INFO  c.a.b.c.TransactionCategoryController - Found 0 new transaction categories
2026-04-18 10:32:52 INFO  c.a.b.workbench.runner.BudgetRunner - Starting monthly budget process for user 1 between 2026-04-01 and 2026-04-30
2026-04-18 10:32:52 INFO  c.a.b.s.TransactionCategoryServiceImpl - Checking if there are any updated transaction categories between 2026-04-01 and 2026-04-30
2026-04-18 10:32:52 INFO  c.a.b.s.TransactionCategoryServiceImpl - Found 0 updated transaction categories between 2026-04-01 and 2026-04-30
2026-04-18 10:32:52 INFO  c.a.b.workbench.runner.BudgetRunner - Found Budget: com.app.budgetbuddy.domain.Budget@869cc0f
2026-04-18 10:32:52 INFO  c.a.b.w.budget.BudgetScheduleUtil - Retrieving Budget Schedule Ranges: [com.app.budgetbuddy.entities.BudgetScheduleRangeEntity@7aabe84b, com.app.budgetbuddy.entities.BudgetScheduleRangeEntity@6fbfbfcc, com.app.budgetbuddy.entities.BudgetScheduleRangeEntity@769bddf, com.app.budgetbuddy.entities.BudgetScheduleRangeEntity@52fc8dc5, com.app.budgetbuddy.entities.BudgetScheduleRangeEntity@20b3b9bf], size: 5
2026-04-18 10:32:52 INFO  c.a.b.workbench.runner.BudgetRunner - Processing SubBudget ID: 16 with Budget Schedule ID: 16
2026-04-18 10:32:52 INFO  c.a.b.w.b.SubBudgetStatisticsServiceImpl - SubBudget Savings Target: 875.00
2026-04-18 10:32:52 INFO  c.a.b.w.b.SubBudgetStatisticsServiceImpl - Budget Amount: 3095.08
2026-04-18 10:32:52 INFO  c.a.b.w.b.SubBudgetStatisticsServiceImpl - Total Spent: 2545.65
2026-04-18 10:32:52 INFO  c.a.b.w.b.SubBudgetStatisticsServiceImpl - Remaining: 549.43
2026-04-18 10:32:52 INFO  c.a.b.w.b.SubBudgetStatisticsServiceImpl - Savings: 549.43
2026-04-18 10:32:52 INFO  c.a.b.w.b.SubBudgetHealthScoreImpl - Allocated amount for sub-budget 16 is 3095.08
2026-04-18 10:32:52 INFO  c.a.b.w.b.SubBudgetHealthScoreImpl - Spent on sub-budget 16 is 18.26
2026-04-18 10:32:52 INFO  c.a.b.w.b.SubBudgetHealthScoreImpl - Spending ratio for sub-budget 16 is 0.01
2026-04-18 10:32:52 INFO  c.a.b.w.b.SubBudgetHealthScoreImpl - Spending ratio for sub-budget 16 is 0.01
2026-04-18 10:32:52 INFO  c.a.b.w.b.SubBudgetHealthScoreImpl - Variance for sub-budget 16 is 3076.82
2026-04-18 10:32:52 INFO  c.a.b.w.b.SubBudgetHealthScoreImpl - Savings ratio for sub-budget 16 is 0.03
2026-04-18 10:32:52 INFO  c.a.b.w.b.SubBudgetHealthScoreImpl - Final Score: 102.50
2026-04-18 10:32:52 INFO  c.a.b.w.b.SubBudgetHealthScoreImpl - Health score for sub-budget 16 is 100
2026-04-18 10:32:52 INFO  c.a.b.w.b.SubBudgetStatisticsServiceImpl - SubBudget Stats: BudgetStats(budgetId=16, totalBudget=3095.08, totalSpent=2545.65, remaining=549.43, totalSaved=549.43, averageSpendingPerDay=87.78, dateRange=DateRange(startDate=2026-04-01, endDate=2026-04-30), healthScore=100, monthlyProjection=null)
2026-04-18 10:32:52 INFO  c.a.b.workbench.runner.BudgetRunner - Budget Stats for SubBudget 16: [BudgetStats(budgetId=16, totalBudget=3095.08, totalSpent=2545.65, remaining=549.43, totalSaved=549.43, averageSpendingPerDay=87.78, dateRange=DateRange(startDate=2026-04-01, endDate=2026-04-30), healthScore=100, monthlyProjection=null)]
2026-04-18 10:32:52 INFO  c.a.b.w.b.BudgetPeriodCategoryHandlerFactory - Getting budget period handler for period: MONTHLY
2026-04-18 10:32:52 INFO  c.a.b.workbench.runner.BudgetRunner - Retrieved 10 budget period categories for SubBudget ID: 16
2026-04-18 10:32:52 INFO  c.a.b.workbench.runner.BudgetRunner - BudgetPeriodCategory: BudgetPeriodCategory(category=Electric, budgeted=44.61, actual=74.87, remaining=0, dateRange=DateRange(startDate=2026-04-01, endDate=2026-04-30), biWeekRanges=null, isOverBudget=true, spendingPercentage=1.6783232459089892, budgetStatus=OVER_BUDGET)
2026-04-18 10:32:52 INFO  c.a.b.workbench.runner.BudgetRunner - BudgetPeriodCategory: BudgetPeriodCategory(category=Gas, budgeted=56.43, actual=62.66, remaining=0, dateRange=DateRange(startDate=2026-04-01, endDate=2026-04-30), biWeekRanges=null, isOverBudget=true, spendingPercentage=1.1104022682970052, budgetStatus=OVER_BUDGET)
2026-04-18 10:32:52 INFO  c.a.b.workbench.runner.BudgetRunner - BudgetPeriodCategory: BudgetPeriodCategory(category=Gas Bill, budgeted=31.28, actual=25.19, remaining=6.09, dateRange=DateRange(startDate=2026-04-01, endDate=2026-04-30), biWeekRanges=null, isOverBudget=false, spendingPercentage=0.805306905370844, budgetStatus=GOOD)
2026-04-18 10:32:52 INFO  c.a.b.workbench.runner.BudgetRunner - BudgetPeriodCategory: BudgetPeriodCategory(category=Groceries, budgeted=512.9, actual=316.01, remaining=196.89, dateRange=DateRange(startDate=2026-04-01, endDate=2026-04-30), biWeekRanges=null, isOverBudget=false, spendingPercentage=0.6161240007798792, budgetStatus=UNDER_UTILIZED)
2026-04-18 10:32:52 INFO  c.a.b.workbench.runner.BudgetRunner - BudgetPeriodCategory: BudgetPeriodCategory(category=Insurance, budgeted=74.76, actual=70.1, remaining=4.66, dateRange=DateRange(startDate=2026-04-01, endDate=2026-04-30), biWeekRanges=null, isOverBudget=false, spendingPercentage=0.9376672017121453, budgetStatus=GOOD)
2026-04-18 10:32:52 INFO  c.a.b.workbench.runner.BudgetRunner - BudgetPeriodCategory: BudgetPeriodCategory(category=Order Out, budgeted=118.99, actual=84.83, remaining=34.16, dateRange=DateRange(startDate=2026-04-01, endDate=2026-04-30), biWeekRanges=null, isOverBudget=false, spendingPercentage=0.712917051853097, budgetStatus=UNDER_UTILIZED)
2026-04-18 10:32:52 INFO  c.a.b.workbench.runner.BudgetRunner - BudgetPeriodCategory: BudgetPeriodCategory(category=Other, budgeted=185.24, actual=109.76, remaining=75.48, dateRange=DateRange(startDate=2026-04-01, endDate=2026-04-30), biWeekRanges=null, isOverBudget=false, spendingPercentage=0.5925286115309868, budgetStatus=UNDER_UTILIZED)
2026-04-18 10:32:52 INFO  c.a.b.workbench.runner.BudgetRunner - BudgetPeriodCategory: BudgetPeriodCategory(category=Payment, budgeted=427.71, actual=328.83, remaining=98.88, dateRange=DateRange(startDate=2026-04-01, endDate=2026-04-30), biWeekRanges=null, isOverBudget=false, spendingPercentage=0.7688153187907695, budgetStatus=UNDER_UTILIZED)
2026-04-18 10:32:52 INFO  c.a.b.workbench.runner.BudgetRunner - BudgetPeriodCategory: BudgetPeriodCategory(category=Rent, budgeted=798.19, actual=1220.03, remaining=0, dateRange=DateRange(startDate=2026-04-01, endDate=2026-04-30), biWeekRanges=null, isOverBudget=true, spendingPercentage=1.528495721570052, budgetStatus=OVER_BUDGET)
2026-04-18 10:32:52 INFO  c.a.b.workbench.runner.BudgetRunner - BudgetPeriodCategory: BudgetPeriodCategory(category=Subscription, budgeted=73.07, actual=142.55, remaining=0, dateRange=DateRange(startDate=2026-04-01, endDate=2026-04-30), biWeekRanges=null, isOverBudget=true, spendingPercentage=1.9508690296975506, budgetStatus=OVER_BUDGET)
2026-04-18 10:32:52 INFO  c.a.b.workbench.runner.BudgetRunner - Retrieved 5 top five expenses for SubBudget ID: 16
2026-04-18 10:32:52 INFO  c.a.b.workbench.runner.BudgetRunner - Retrieved Optional[ExpenseCategory(category=Expense, budgetedExpenses=3095.0800000000000000, actualExpenses=2434.83, remainingExpenses=660.2500000000000000, isActive=true, startDate=2026-04-01, endDate=2026-04-30, isVariable=false)] expense categories for SubBudget ID: 16
2026-04-18 10:32:52 INFO  c.a.b.w.b.SubBudgetMonthOverviewServiceImpl - Adjusted start date from 2026-04-01 to 2026-03-29 to include end of previous year
2026-04-18 10:32:52 INFO  c.a.b.w.b.SubBudgetMonthOverviewServiceImpl - SubBudgetIds: [16, 15]
2026-04-18 10:32:52 INFO  c.a.b.w.b.SubBudgetMonthOverviewServiceImpl - Previous sub budget id is 15
2026-04-18 10:32:52 INFO  c.a.b.workbench.runner.BudgetRunner - Retrieved Optional[IncomeCategory(category=Income, budgetedIncome=3971.0000000000000000, actualBudgetedIncome=2012.97, remainingIncome=1958.03, startMonth=null, endMonth=null, isActive=false)] income category for SubBudget ID: 16
2026-04-18 10:32:52 INFO  c.a.b.workbench.runner.BudgetRunner - Retrieved Optional[com.app.budgetbuddy.domain.SavingsCategory@4525e52e] savings category for SubBudget ID: 16
2026-04-18 10:32:52 INFO  c.a.b.workbench.runner.BudgetRunner - Budget Runner Result: {subBudget=SubBudget(id=16, subBudgetName=April 2026 - Budget, allocatedAmount=3095.08, subSavingsTarget=875.00, subSavingsAmount=99.22, spentOnBudget=18.26, budget=com.app.budgetbuddy.domain.Budget@69b536cf, startDate=2026-04-01, endDate=2026-04-30, year=0, subBudgetGoals=null, budgetSchedule=[BudgetSchedule{budgetScheduleId=16, subBudgetId=16, startDate=2026-04-01, endDate=2026-04-30, scheduleRange=DateRange(startDate=2026-04-01, endDate=2026-04-30), budgetScheduleRanges=[BudgetScheduleRange(id=null, budgetScheduleId=77, spentOnRange=0.000, budgetedAmount=619.020, budgetDateRange=DateRange(startDate=2026-04-22, endDate=2026-04-28), rangeType=Week, isActive=false, startRange=2026-04-22, endRange=2026-04-28, isSingleDate=false), BudgetScheduleRange(id=null, budgetScheduleId=75, spentOnRange=0.000, budgetedAmount=619.020, budgetDateRange=DateRange(startDate=2026-04-08, endDate=2026-04-14), rangeType=Week, isActive=false, startRange=2026-04-08, endRange=2026-04-14, isSingleDate=false), BudgetScheduleRange(id=null, budgetScheduleId=76, spentOnRange=0.000, budgetedAmount=619.020, budgetDateRange=DateRange(startDate=2026-04-15, endDate=2026-04-21), rangeType=Week, isActive=false, startRange=2026-04-15, endRange=2026-04-21, isSingleDate=false), BudgetScheduleRange(id=null, budgetScheduleId=78, spentOnRange=0.000, budgetedAmount=619.020, budgetDateRange=DateRange(startDate=2026-04-29, endDate=2026-04-30), rangeType=Week, isActive=false, startRange=2026-04-29, endRange=2026-04-30, isSingleDate=false), BudgetScheduleRange(id=null, budgetScheduleId=74, spentOnRange=0.000, budgetedAmount=619.020, budgetDateRange=DateRange(startDate=2026-04-01, endDate=2026-04-07), rangeType=Week, isActive=false, startRange=2026-04-01, endRange=2026-04-07, isSingleDate=false)], periodType='MONTHLY', totalPeriods=5, status='ACTIVE', createdDate=null}], controlledBudgetCategory=null, isActive=true), budget=com.app.budgetbuddy.domain.Budget@869cc0f, isOverBudget=false, budgetScheduleRanges=[BudgetScheduleRange(id=null, budgetScheduleId=77, spentOnRange=0.000, budgetedAmount=619.020, budgetDateRange=DateRange(startDate=2026-04-22, endDate=2026-04-28), rangeType=Week, isActive=false, startRange=2026-04-22, endRange=2026-04-28, isSingleDate=false), BudgetScheduleRange(id=null, budgetScheduleId=75, spentOnRange=0.000, budgetedAmount=619.020, budgetDateRange=DateRange(startDate=2026-04-08, endDate=2026-04-14), rangeType=Week, isActive=false, startRange=2026-04-08, endRange=2026-04-14, isSingleDate=false), BudgetScheduleRange(id=null, budgetScheduleId=76, spentOnRange=0.000, budgetedAmount=619.020, budgetDateRange=DateRange(startDate=2026-04-15, endDate=2026-04-21), rangeType=Week, isActive=false, startRange=2026-04-15, endRange=2026-04-21, isSingleDate=false), BudgetScheduleRange(id=null, budgetScheduleId=78, spentOnRange=0.000, budgetedAmount=619.020, budgetDateRange=DateRange(startDate=2026-04-29, endDate=2026-04-30), rangeType=Week, isActive=false, startRange=2026-04-29, endRange=2026-04-30, isSingleDate=false), BudgetScheduleRange(id=null, budgetScheduleId=74, spentOnRange=0.000, budgetedAmount=619.020, budgetDateRange=DateRange(startDate=2026-04-01, endDate=2026-04-07), rangeType=Week, isActive=false, startRange=2026-04-01, endRange=2026-04-07, isSingleDate=false)], spendingPercentage=0.0000, remainingAmount=37140.96, processDate=2026-04-18T10:32:52.800533300, budgetSchedule=BudgetSchedule{budgetScheduleId=16, subBudgetId=16, startDate=2026-04-01, endDate=2026-04-30, scheduleRange=DateRange(startDate=2026-04-01, endDate=2026-04-30), budgetScheduleRanges=[BudgetScheduleRange(id=null, budgetScheduleId=77, spentOnRange=0.000, budgetedAmount=619.020, budgetDateRange=DateRange(startDate=2026-04-22, endDate=2026-04-28), rangeType=Week, isActive=false, startRange=2026-04-22, endRange=2026-04-28, isSingleDate=false), BudgetScheduleRange(id=null, budgetScheduleId=75, spentOnRange=0.000, budgetedAmount=619.020, budgetDateRange=DateRange(startDate=2026-04-08, endDate=2026-04-14), rangeType=Week, isActive=false, startRange=2026-04-08, endRange=2026-04-14, isSingleDate=false), BudgetScheduleRange(id=null, budgetScheduleId=76, spentOnRange=0.000, budgetedAmount=619.020, budgetDateRange=DateRange(startDate=2026-04-15, endDate=2026-04-21), rangeType=Week, isActive=false, startRange=2026-04-15, endRange=2026-04-21, isSingleDate=false), BudgetScheduleRange(id=null, budgetScheduleId=78, spentOnRange=0.000, budgetedAmount=619.020, budgetDateRange=DateRange(startDate=2026-04-29, endDate=2026-04-30), rangeType=Week, isActive=false, startRange=2026-04-29, endRange=2026-04-30, isSingleDate=false), BudgetScheduleRange(id=null, budgetScheduleId=74, spentOnRange=0.000, budgetedAmount=619.020, budgetDateRange=DateRange(startDate=2026-04-01, endDate=2026-04-07), rangeType=Week, isActive=false, startRange=2026-04-01, endRange=2026-04-07, isSingleDate=false)], periodType='MONTHLY', totalPeriods=5, status='ACTIVE', createdDate=null}}
2026-04-18 10:32:52 INFO  c.a.b.workbench.runner.BudgetRunner - Starting monthly budget process for user 1 between 2026-04-01 and 2026-04-30
2026-04-18 10:32:52 INFO  c.a.b.workbench.runner.BudgetRunner - Found Budget: com.app.budgetbuddy.domain.Budget@19f712b9
2026-04-18 10:32:52 INFO  c.a.b.w.budget.BudgetScheduleUtil - Retrieving Budget Schedule Ranges: [com.app.budgetbuddy.entities.BudgetScheduleRangeEntity@6daa3c4a, com.app.budgetbuddy.entities.BudgetScheduleRangeEntity@2f27f614, com.app.budgetbuddy.entities.BudgetScheduleRangeEntity@5c1ecc28, com.app.budgetbuddy.entities.BudgetScheduleRangeEntity@5f20054, com.app.budgetbuddy.entities.BudgetScheduleRangeEntity@5d9b1983], size: 5
2026-04-18 10:32:52 INFO  c.a.b.workbench.runner.BudgetRunner - Processing SubBudget ID: 16 with Budget Schedule ID: 16
2026-04-18 10:32:52 INFO  c.a.b.w.b.SubBudgetStatisticsServiceImpl - SubBudget Savings Target: 875.00
2026-04-18 10:32:52 INFO  c.a.b.w.b.SubBudgetStatisticsServiceImpl - Budget Amount: 3095.08
2026-04-18 10:32:52 INFO  c.a.b.w.b.SubBudgetStatisticsServiceImpl - Total Spent: 2545.65
2026-04-18 10:32:52 INFO  c.a.b.w.b.SubBudgetStatisticsServiceImpl - Remaining: 549.43
2026-04-18 10:32:52 INFO  c.a.b.w.b.SubBudgetStatisticsServiceImpl - Savings: 549.43
2026-04-18 10:32:52 INFO  c.a.b.w.b.SubBudgetHealthScoreImpl - Allocated amount for sub-budget 16 is 3095.08
2026-04-18 10:32:52 INFO  c.a.b.w.b.SubBudgetHealthScoreImpl - Spent on sub-budget 16 is 18.26
2026-04-18 10:32:52 INFO  c.a.b.w.b.SubBudgetHealthScoreImpl - Spending ratio for sub-budget 16 is 0.01
2026-04-18 10:32:52 INFO  c.a.b.w.b.SubBudgetHealthScoreImpl - Spending ratio for sub-budget 16 is 0.01
2026-04-18 10:32:52 INFO  c.a.b.w.b.SubBudgetHealthScoreImpl - Variance for sub-budget 16 is 3076.82
2026-04-18 10:32:52 INFO  c.a.b.w.b.SubBudgetHealthScoreImpl - Savings ratio for sub-budget 16 is 0.03
2026-04-18 10:32:52 INFO  c.a.b.w.b.SubBudgetHealthScoreImpl - Final Score: 102.50
2026-04-18 10:32:52 INFO  c.a.b.w.b.SubBudgetHealthScoreImpl - Health score for sub-budget 16 is 100
2026-04-18 10:32:52 INFO  c.a.b.w.b.SubBudgetStatisticsServiceImpl - SubBudget Stats: BudgetStats(budgetId=16, totalBudget=3095.08, totalSpent=2545.65, remaining=549.43, totalSaved=549.43, averageSpendingPerDay=87.78, dateRange=DateRange(startDate=2026-04-01, endDate=2026-04-30), healthScore=100, monthlyProjection=null)
2026-04-18 10:32:52 INFO  c.a.b.workbench.runner.BudgetRunner - Budget Stats for SubBudget 16: [BudgetStats(budgetId=16, totalBudget=3095.08, totalSpent=2545.65, remaining=549.43, totalSaved=549.43, averageSpendingPerDay=87.78, dateRange=DateRange(startDate=2026-04-01, endDate=2026-04-30), healthScore=100, monthlyProjection=null)]
2026-04-18 10:32:52 INFO  c.a.b.w.b.BudgetPeriodCategoryHandlerFactory - Getting budget period handler for period: MONTHLY
2026-04-18 10:32:52 INFO  c.a.b.workbench.runner.BudgetRunner - Retrieved 10 budget period categories for SubBudget ID: 16
2026-04-18 10:32:52 INFO  c.a.b.workbench.runner.BudgetRunner - BudgetPeriodCategory: BudgetPeriodCategory(category=Electric, budgeted=44.61, actual=74.87, remaining=0, dateRange=DateRange(startDate=2026-04-01, endDate=2026-04-30), biWeekRanges=null, isOverBudget=true, spendingPercentage=1.6783232459089892, budgetStatus=OVER_BUDGET)
2026-04-18 10:32:52 INFO  c.a.b.workbench.runner.BudgetRunner - BudgetPeriodCategory: BudgetPeriodCategory(category=Gas, budgeted=56.43, actual=62.66, remaining=0, dateRange=DateRange(startDate=2026-04-01, endDate=2026-04-30), biWeekRanges=null, isOverBudget=true, spendingPercentage=1.1104022682970052, budgetStatus=OVER_BUDGET)
2026-04-18 10:32:52 INFO  c.a.b.workbench.runner.BudgetRunner - BudgetPeriodCategory: BudgetPeriodCategory(category=Gas Bill, budgeted=31.28, actual=25.19, remaining=6.09, dateRange=DateRange(startDate=2026-04-01, endDate=2026-04-30), biWeekRanges=null, isOverBudget=false, spendingPercentage=0.805306905370844, budgetStatus=GOOD)
2026-04-18 10:32:52 INFO  c.a.b.workbench.runner.BudgetRunner - BudgetPeriodCategory: BudgetPeriodCategory(category=Groceries, budgeted=512.9, actual=316.01, remaining=196.89, dateRange=DateRange(startDate=2026-04-01, endDate=2026-04-30), biWeekRanges=null, isOverBudget=false, spendingPercentage=0.6161240007798792, budgetStatus=UNDER_UTILIZED)
2026-04-18 10:32:52 INFO  c.a.b.workbench.runner.BudgetRunner - BudgetPeriodCategory: BudgetPeriodCategory(category=Insurance, budgeted=74.76, actual=70.1, remaining=4.66, dateRange=DateRange(startDate=2026-04-01, endDate=2026-04-30), biWeekRanges=null, isOverBudget=false, spendingPercentage=0.9376672017121453, budgetStatus=GOOD)
2026-04-18 10:32:52 INFO  c.a.b.workbench.runner.BudgetRunner - BudgetPeriodCategory: BudgetPeriodCategory(category=Order Out, budgeted=118.99, actual=84.83, remaining=34.16, dateRange=DateRange(startDate=2026-04-01, endDate=2026-04-30), biWeekRanges=null, isOverBudget=false, spendingPercentage=0.712917051853097, budgetStatus=UNDER_UTILIZED)
2026-04-18 10:32:52 INFO  c.a.b.workbench.runner.BudgetRunner - BudgetPeriodCategory: BudgetPeriodCategory(category=Other, budgeted=185.24, actual=109.76, remaining=75.48, dateRange=DateRange(startDate=2026-04-01, endDate=2026-04-30), biWeekRanges=null, isOverBudget=false, spendingPercentage=0.5925286115309868, budgetStatus=UNDER_UTILIZED)
2026-04-18 10:32:52 INFO  c.a.b.workbench.runner.BudgetRunner - BudgetPeriodCategory: BudgetPeriodCategory(category=Payment, budgeted=427.71, actual=328.83, remaining=98.88, dateRange=DateRange(startDate=2026-04-01, endDate=2026-04-30), biWeekRanges=null, isOverBudget=false, spendingPercentage=0.7688153187907695, budgetStatus=UNDER_UTILIZED)
2026-04-18 10:32:52 INFO  c.a.b.workbench.runner.BudgetRunner - BudgetPeriodCategory: BudgetPeriodCategory(category=Rent, budgeted=798.19, actual=1220.03, remaining=0, dateRange=DateRange(startDate=2026-04-01, endDate=2026-04-30), biWeekRanges=null, isOverBudget=true, spendingPercentage=1.528495721570052, budgetStatus=OVER_BUDGET)
2026-04-18 10:32:52 INFO  c.a.b.workbench.runner.BudgetRunner - BudgetPeriodCategory: BudgetPeriodCategory(category=Subscription, budgeted=73.07, actual=142.55, remaining=0, dateRange=DateRange(startDate=2026-04-01, endDate=2026-04-30), biWeekRanges=null, isOverBudget=true, spendingPercentage=1.9508690296975506, budgetStatus=OVER_BUDGET)
2026-04-18 10:32:52 INFO  c.a.b.workbench.runner.BudgetRunner - Retrieved 5 top five expenses for SubBudget ID: 16
2026-04-18 10:32:52 INFO  c.a.b.workbench.runner.BudgetRunner - Retrieved Optional[ExpenseCategory(category=Expense, budgetedExpenses=3095.0800000000000000, actualExpenses=2434.83, remainingExpenses=660.2500000000000000, isActive=true, startDate=2026-04-01, endDate=2026-04-30, isVariable=false)] expense categories for SubBudget ID: 16
2026-04-18 10:32:52 INFO  c.a.b.w.b.SubBudgetMonthOverviewServiceImpl - Adjusted start date from 2026-04-01 to 2026-03-29 to include end of previous year
2026-04-18 10:32:52 INFO  c.a.b.w.b.SubBudgetMonthOverviewServiceImpl - SubBudgetIds: [16, 15]
2026-04-18 10:32:52 INFO  c.a.b.w.b.SubBudgetMonthOverviewServiceImpl - Previous sub budget id is 15
2026-04-18 10:32:52 INFO  c.a.b.workbench.runner.BudgetRunner - Retrieved Optional[IncomeCategory(category=Income, budgetedIncome=3971.0000000000000000, actualBudgetedIncome=2012.97, remainingIncome=1958.03, startMonth=null, endMonth=null, isActive=false)] income category for SubBudget ID: 16
2026-04-18 10:32:52 INFO  c.a.b.workbench.runner.BudgetRunner - Retrieved Optional[com.app.budgetbuddy.domain.SavingsCategory@74a97886] savings category for SubBudget ID: 16
2026-04-18 10:32:52 INFO  c.a.b.workbench.runner.BudgetRunner - Budget Runner Result: {subBudget=SubBudget(id=16, subBudgetName=April 2026 - Budget, allocatedAmount=3095.08, subSavingsTarget=875.00, subSavingsAmount=99.22, spentOnBudget=18.26, budget=com.app.budgetbuddy.domain.Budget@2cb6dc45, startDate=2026-04-01, endDate=2026-04-30, year=0, subBudgetGoals=null, budgetSchedule=[BudgetSchedule{budgetScheduleId=16, subBudgetId=16, startDate=2026-04-01, endDate=2026-04-30, scheduleRange=DateRange(startDate=2026-04-01, endDate=2026-04-30), budgetScheduleRanges=[BudgetScheduleRange(id=null, budgetScheduleId=77, spentOnRange=0.000, budgetedAmount=619.020, budgetDateRange=DateRange(startDate=2026-04-22, endDate=2026-04-28), rangeType=Week, isActive=false, startRange=2026-04-22, endRange=2026-04-28, isSingleDate=false), BudgetScheduleRange(id=null, budgetScheduleId=75, spentOnRange=0.000, budgetedAmount=619.020, budgetDateRange=DateRange(startDate=2026-04-08, endDate=2026-04-14), rangeType=Week, isActive=false, startRange=2026-04-08, endRange=2026-04-14, isSingleDate=false), BudgetScheduleRange(id=null, budgetScheduleId=76, spentOnRange=0.000, budgetedAmount=619.020, budgetDateRange=DateRange(startDate=2026-04-15, endDate=2026-04-21), rangeType=Week, isActive=false, startRange=2026-04-15, endRange=2026-04-21, isSingleDate=false), BudgetScheduleRange(id=null, budgetScheduleId=78, spentOnRange=0.000, budgetedAmount=619.020, budgetDateRange=DateRange(startDate=2026-04-29, endDate=2026-04-30), rangeType=Week, isActive=false, startRange=2026-04-29, endRange=2026-04-30, isSingleDate=false), BudgetScheduleRange(id=null, budgetScheduleId=74, spentOnRange=0.000, budgetedAmount=619.020, budgetDateRange=DateRange(startDate=2026-04-01, endDate=2026-04-07), rangeType=Week, isActive=false, startRange=2026-04-01, endRange=2026-04-07, isSingleDate=false)], periodType='MONTHLY', totalPeriods=5, status='ACTIVE', createdDate=null}], controlledBudgetCategory=null, isActive=true), budget=com.app.budgetbuddy.domain.Budget@19f712b9, isOverBudget=false, budgetScheduleRanges=[BudgetScheduleRange(id=null, budgetScheduleId=77, spentOnRange=0.000, budgetedAmount=619.020, budgetDateRange=DateRange(startDate=2026-04-22, endDate=2026-04-28), rangeType=Week, isActive=false, startRange=2026-04-22, endRange=2026-04-28, isSingleDate=false), BudgetScheduleRange(id=null, budgetScheduleId=75, spentOnRange=0.000, budgetedAmount=619.020, budgetDateRange=DateRange(startDate=2026-04-08, endDate=2026-04-14), rangeType=Week, isActive=false, startRange=2026-04-08, endRange=2026-04-14, isSingleDate=false), BudgetScheduleRange(id=null, budgetScheduleId=76, spentOnRange=0.000, budgetedAmount=619.020, budgetDateRange=DateRange(startDate=2026-04-15, endDate=2026-04-21), rangeType=Week, isActive=false, startRange=2026-04-15, endRange=2026-04-21, isSingleDate=false), BudgetScheduleRange(id=null, budgetScheduleId=78, spentOnRange=0.000, budgetedAmount=619.020, budgetDateRange=DateRange(startDate=2026-04-29, endDate=2026-04-30), rangeType=Week, isActive=false, startRange=2026-04-29, endRange=2026-04-30, isSingleDate=false), BudgetScheduleRange(id=null, budgetScheduleId=74, spentOnRange=0.000, budgetedAmount=619.020, budgetDateRange=DateRange(startDate=2026-04-01, endDate=2026-04-07), rangeType=Week, isActive=false, startRange=2026-04-01, endRange=2026-04-07, isSingleDate=false)], spendingPercentage=0.0000, remainingAmount=37140.96, processDate=2026-04-18T10:32:52.910124700, budgetSchedule=BudgetSchedule{budgetScheduleId=16, subBudgetId=16, startDate=2026-04-01, endDate=2026-04-30, scheduleRange=DateRange(startDate=2026-04-01, endDate=2026-04-30), budgetScheduleRanges=[BudgetScheduleRange(id=null, budgetScheduleId=77, spentOnRange=0.000, budgetedAmount=619.020, budgetDateRange=DateRange(startDate=2026-04-22, endDate=2026-04-28), rangeType=Week, isActive=false, startRange=2026-04-22, endRange=2026-04-28, isSingleDate=false), BudgetScheduleRange(id=null, budgetScheduleId=75, spentOnRange=0.000, budgetedAmount=619.020, budgetDateRange=DateRange(startDate=2026-04-08, endDate=2026-04-14), rangeType=Week, isActive=false, startRange=2026-04-08, endRange=2026-04-14, isSingleDate=false), BudgetScheduleRange(id=null, budgetScheduleId=76, spentOnRange=0.000, budgetedAmount=619.020, budgetDateRange=DateRange(startDate=2026-04-15, endDate=2026-04-21), rangeType=Week, isActive=false, startRange=2026-04-15, endRange=2026-04-21, isSingleDate=false), BudgetScheduleRange(id=null, budgetScheduleId=78, spentOnRange=0.000, budgetedAmount=619.020, budgetDateRange=DateRange(startDate=2026-04-29, endDate=2026-04-30), rangeType=Week, isActive=false, startRange=2026-04-29, endRange=2026-04-30, isSingleDate=false), BudgetScheduleRange(id=null, budgetScheduleId=74, spentOnRange=0.000, budgetedAmount=619.020, budgetDateRange=DateRange(startDate=2026-04-01, endDate=2026-04-07), rangeType=Week, isActive=false, startRange=2026-04-01, endRange=2026-04-07, isSingleDate=false)], periodType='MONTHLY', totalPeriods=5, status='ACTIVE', createdDate=null}}
2026-04-18 10:32:52 INFO  c.a.b.w.budget.BudgetScheduleUtil - Retrieving Budget Schedule Ranges: [com.app.budgetbuddy.entities.BudgetScheduleRangeEntity@3ef84d2e, com.app.budgetbuddy.entities.BudgetScheduleRangeEntity@29605ec7, com.app.budgetbuddy.entities.BudgetScheduleRangeEntity@72915448, com.app.budgetbuddy.entities.BudgetScheduleRangeEntity@7905347b, com.app.budgetbuddy.entities.BudgetScheduleRangeEntity@46b36dad], size: 5
2026-04-18 10:32:52 INFO  c.a.b.w.budget.BudgetPeriodQueries - Getting budget period query data for userId: 1
2026-04-18 10:32:52 INFO  c.a.b.w.b.BudgetPeriodCategoryHandlerFactory - Getting budget period handler for period: MONTHLY
2026-04-18 10:32:53 INFO  c.a.b.w.budget.BudgetScheduleUtil - Retrieving Budget Schedule Ranges: [com.app.budgetbuddy.entities.BudgetScheduleRangeEntity@298f58ab, com.app.budgetbuddy.entities.BudgetScheduleRangeEntity@2ddaaa5c, com.app.budgetbuddy.entities.BudgetScheduleRangeEntity@5cbf8744, com.app.budgetbuddy.entities.BudgetScheduleRangeEntity@d7f9d04, com.app.budgetbuddy.entities.BudgetScheduleRangeEntity@2f3cb971], size: 5
2026-04-18 10:32:53 INFO  c.a.b.w.budget.BudgetPeriodQueries - Getting budget period query data for userId: 1
2026-04-18 10:32:53 INFO  c.a.b.w.b.BudgetPeriodCategoryHandlerFactory - Getting budget period handler for period: MONTHLY
2026-04-18 10:33:16 WARN  o.s.w.s.m.s.DefaultHandlerExceptionResolver - Ignoring exception, response committed already: org.springframework.http.converter.HttpMessageNotWritableException: Could not write JSON: Document nesting depth (1001) exceeds the maximum allowed (1000, from `StreamWriteConstraints.getMaxNestingDepth()`)
2026-04-18 10:33:16 WARN  o.s.w.s.m.s.DefaultHandlerExceptionResolver - Resolved [org.springframework.http.converter.HttpMessageNotWritableException: Could not write JSON: Document nesting depth (1001) exceeds the maximum allowed (1000, from `StreamWriteConstraints.getMaxNestingDepth()`)]
2026-04-18 10:33:16 INFO  c.a.b.services.BudgetServiceImpl - UserID: 1
2026-04-18 10:33:16 INFO  c.a.b.services.BudgetServiceImpl - Year: 2026
2026-04-18 10:33:16 INFO  c.a.b.services.BudgetServiceImpl - Budget exists for year 2026: true
2026-04-18 10:33:16 INFO  c.a.b.controllers.BudgetController - Budget exists: true
2026-04-18 10:33:16 WARN  o.s.w.s.m.s.DefaultHandlerExceptionResolver - Ignoring exception, response committed already: org.springframework.http.converter.HttpMessageNotWritableException: Could not write JSON: Document nesting depth (1001) exceeds the maximum allowed (1000, from `StreamWriteConstraints.getMaxNestingDepth()`)
2026-04-18 10:33:16 WARN  o.s.w.s.m.s.DefaultHandlerExceptionResolver - Resolved [org.springframework.http.converter.HttpMessageNotWritableException: Could not write JSON: Document nesting depth (1001) exceeds the maximum allowed (1000, from `StreamWriteConstraints.getMaxNestingDepth()`)]
2026-04-18 10:33:16 INFO  c.a.b.services.BudgetServiceImpl - UserID: 1
2026-04-18 10:33:16 INFO  c.a.b.services.BudgetServiceImpl - Year: 2026
2026-04-18 10:33:16 INFO  c.a.b.services.BudgetServiceImpl - Budget exists for year 2026: true
2026-04-18 10:33:16 INFO  c.a.b.controllers.BudgetController - Budget exists: true
2026-04-18 10:33:16 INFO  c.a.b.c.TransactionCategoryController - Found 0 new transaction categories
2026-04-18 10:33:16 INFO  c.a.b.c.TransactionCategoryController - Found 0 new transaction categories
2026-04-18 10:33:16 INFO  c.a.b.c.TransactionCategoryController - Found 0 new transaction categories
2026-04-18 10:33:16 INFO  c.a.b.s.TransactionCategoryServiceImpl - Checking if there are any updated transaction categories between 2026-04-01 and 2026-04-30
2026-04-18 10:33:16 INFO  c.a.b.s.TransactionCategoryServiceImpl - Found 0 updated transaction categories between 2026-04-01 and 2026-04-30
2026-04-18 10:33:16 INFO  c.a.b.workbench.runner.BudgetRunner - Starting monthly budget process for user 1 between 2026-04-01 and 2026-04-30
2026-04-18 10:33:16 INFO  c.a.b.c.TransactionCategoryController - Found 0 new transaction categories
2026-04-18 10:33:16 INFO  c.a.b.s.TransactionCategoryServiceImpl - Checking if there are any updated transaction categories between 2026-04-01 and 2026-04-30
2026-04-18 10:33:16 INFO  c.a.b.s.TransactionCategoryServiceImpl - Found 0 updated transaction categories between 2026-04-01 and 2026-04-30
2026-04-18 10:33:16 INFO  c.a.b.workbench.runner.BudgetRunner - Found Budget: com.app.budgetbuddy.domain.Budget@6ba52364
2026-04-18 10:33:16 INFO  c.a.b.w.budget.BudgetScheduleUtil - Retrieving Budget Schedule Ranges: [com.app.budgetbuddy.entities.BudgetScheduleRangeEntity@c6e97d4, com.app.budgetbuddy.entities.BudgetScheduleRangeEntity@70d6ea2c, com.app.budgetbuddy.entities.BudgetScheduleRangeEntity@f2d39e, com.app.budgetbuddy.entities.BudgetScheduleRangeEntity@68d028ae, com.app.budgetbuddy.entities.BudgetScheduleRangeEntity@37e7551], size: 5
2026-04-18 10:33:16 INFO  c.a.b.workbench.runner.BudgetRunner - Processing SubBudget ID: 16 with Budget Schedule ID: 16
2026-04-18 10:33:16 INFO  c.a.b.w.b.SubBudgetStatisticsServiceImpl - SubBudget Savings Target: 875.00
2026-04-18 10:33:16 INFO  c.a.b.w.b.SubBudgetStatisticsServiceImpl - Budget Amount: 3095.08
2026-04-18 10:33:16 INFO  c.a.b.w.b.SubBudgetStatisticsServiceImpl - Total Spent: 2545.65
2026-04-18 10:33:16 INFO  c.a.b.w.b.SubBudgetStatisticsServiceImpl - Remaining: 549.43
2026-04-18 10:33:16 INFO  c.a.b.w.b.SubBudgetStatisticsServiceImpl - Savings: 549.43
2026-04-18 10:33:16 INFO  c.a.b.w.b.SubBudgetHealthScoreImpl - Allocated amount for sub-budget 16 is 3095.08
2026-04-18 10:33:16 INFO  c.a.b.w.b.SubBudgetHealthScoreImpl - Spent on sub-budget 16 is 18.26
2026-04-18 10:33:16 INFO  c.a.b.w.b.SubBudgetHealthScoreImpl - Spending ratio for sub-budget 16 is 0.01
2026-04-18 10:33:16 INFO  c.a.b.w.b.SubBudgetHealthScoreImpl - Spending ratio for sub-budget 16 is 0.01
2026-04-18 10:33:16 INFO  c.a.b.w.b.SubBudgetHealthScoreImpl - Variance for sub-budget 16 is 3076.82
2026-04-18 10:33:16 INFO  c.a.b.w.b.SubBudgetHealthScoreImpl - Savings ratio for sub-budget 16 is 0.03
2026-04-18 10:33:16 INFO  c.a.b.w.b.SubBudgetHealthScoreImpl - Final Score: 102.50
2026-04-18 10:33:16 INFO  c.a.b.w.b.SubBudgetHealthScoreImpl - Health score for sub-budget 16 is 100
2026-04-18 10:33:16 INFO  c.a.b.w.b.SubBudgetStatisticsServiceImpl - SubBudget Stats: BudgetStats(budgetId=16, totalBudget=3095.08, totalSpent=2545.65, remaining=549.43, totalSaved=549.43, averageSpendingPerDay=87.78, dateRange=DateRange(startDate=2026-04-01, endDate=2026-04-30), healthScore=100, monthlyProjection=null)
2026-04-18 10:33:16 INFO  c.a.b.workbench.runner.BudgetRunner - Budget Stats for SubBudget 16: [BudgetStats(budgetId=16, totalBudget=3095.08, totalSpent=2545.65, remaining=549.43, totalSaved=549.43, averageSpendingPerDay=87.78, dateRange=DateRange(startDate=2026-04-01, endDate=2026-04-30), healthScore=100, monthlyProjection=null)]
2026-04-18 10:33:16 INFO  c.a.b.w.b.BudgetPeriodCategoryHandlerFactory - Getting budget period handler for period: MONTHLY
2026-04-18 10:33:16 INFO  c.a.b.workbench.runner.BudgetRunner - Retrieved 10 budget period categories for SubBudget ID: 16
2026-04-18 10:33:16 INFO  c.a.b.workbench.runner.BudgetRunner - BudgetPeriodCategory: BudgetPeriodCategory(category=Electric, budgeted=44.61, actual=74.87, remaining=0, dateRange=DateRange(startDate=2026-04-01, endDate=2026-04-30), biWeekRanges=null, isOverBudget=true, spendingPercentage=1.6783232459089892, budgetStatus=OVER_BUDGET)
2026-04-18 10:33:16 INFO  c.a.b.workbench.runner.BudgetRunner - BudgetPeriodCategory: BudgetPeriodCategory(category=Gas, budgeted=56.43, actual=62.66, remaining=0, dateRange=DateRange(startDate=2026-04-01, endDate=2026-04-30), biWeekRanges=null, isOverBudget=true, spendingPercentage=1.1104022682970052, budgetStatus=OVER_BUDGET)
2026-04-18 10:33:16 INFO  c.a.b.workbench.runner.BudgetRunner - BudgetPeriodCategory: BudgetPeriodCategory(category=Gas Bill, budgeted=31.28, actual=25.19, remaining=6.09, dateRange=DateRange(startDate=2026-04-01, endDate=2026-04-30), biWeekRanges=null, isOverBudget=false, spendingPercentage=0.805306905370844, budgetStatus=GOOD)
2026-04-18 10:33:16 INFO  c.a.b.workbench.runner.BudgetRunner - BudgetPeriodCategory: BudgetPeriodCategory(category=Groceries, budgeted=512.9, actual=316.01, remaining=196.89, dateRange=DateRange(startDate=2026-04-01, endDate=2026-04-30), biWeekRanges=null, isOverBudget=false, spendingPercentage=0.6161240007798792, budgetStatus=UNDER_UTILIZED)
2026-04-18 10:33:16 INFO  c.a.b.workbench.runner.BudgetRunner - BudgetPeriodCategory: BudgetPeriodCategory(category=Insurance, budgeted=74.76, actual=70.1, remaining=4.66, dateRange=DateRange(startDate=2026-04-01, endDate=2026-04-30), biWeekRanges=null, isOverBudget=false, spendingPercentage=0.9376672017121453, budgetStatus=GOOD)
2026-04-18 10:33:16 INFO  c.a.b.workbench.runner.BudgetRunner - BudgetPeriodCategory: BudgetPeriodCategory(category=Order Out, budgeted=118.99, actual=84.83, remaining=34.16, dateRange=DateRange(startDate=2026-04-01, endDate=2026-04-30), biWeekRanges=null, isOverBudget=false, spendingPercentage=0.712917051853097, budgetStatus=UNDER_UTILIZED)
2026-04-18 10:33:16 INFO  c.a.b.workbench.runner.BudgetRunner - BudgetPeriodCategory: BudgetPeriodCategory(category=Other, budgeted=185.24, actual=109.76, remaining=75.48, dateRange=DateRange(startDate=2026-04-01, endDate=2026-04-30), biWeekRanges=null, isOverBudget=false, spendingPercentage=0.5925286115309868, budgetStatus=UNDER_UTILIZED)
2026-04-18 10:33:16 INFO  c.a.b.workbench.runner.BudgetRunner - BudgetPeriodCategory: BudgetPeriodCategory(category=Payment, budgeted=427.71, actual=328.83, remaining=98.88, dateRange=DateRange(startDate=2026-04-01, endDate=2026-04-30), biWeekRanges=null, isOverBudget=false, spendingPercentage=0.7688153187907695, budgetStatus=UNDER_UTILIZED)
2026-04-18 10:33:16 INFO  c.a.b.workbench.runner.BudgetRunner - BudgetPeriodCategory: BudgetPeriodCategory(category=Rent, budgeted=798.19, actual=1220.03, remaining=0, dateRange=DateRange(startDate=2026-04-01, endDate=2026-04-30), biWeekRanges=null, isOverBudget=true, spendingPercentage=1.528495721570052, budgetStatus=OVER_BUDGET)
2026-04-18 10:33:16 INFO  c.a.b.workbench.runner.BudgetRunner - BudgetPeriodCategory: BudgetPeriodCategory(category=Subscription, budgeted=73.07, actual=142.55, remaining=0, dateRange=DateRange(startDate=2026-04-01, endDate=2026-04-30), biWeekRanges=null, isOverBudget=true, spendingPercentage=1.9508690296975506, budgetStatus=OVER_BUDGET)
2026-04-18 10:33:16 INFO  c.a.b.workbench.runner.BudgetRunner - Retrieved 5 top five expenses for SubBudget ID: 16
2026-04-18 10:33:16 INFO  c.a.b.workbench.runner.BudgetRunner - Retrieved Optional[ExpenseCategory(category=Expense, budgetedExpenses=3095.0800000000000000, actualExpenses=2434.83, remainingExpenses=660.2500000000000000, isActive=true, startDate=2026-04-01, endDate=2026-04-30, isVariable=false)] expense categories for SubBudget ID: 16
2026-04-18 10:33:16 INFO  c.a.b.w.b.SubBudgetMonthOverviewServiceImpl - Adjusted start date from 2026-04-01 to 2026-03-29 to include end of previous year
2026-04-18 10:33:16 INFO  c.a.b.w.b.SubBudgetMonthOverviewServiceImpl - SubBudgetIds: [16, 15]
2026-04-18 10:33:16 INFO  c.a.b.w.b.SubBudgetMonthOverviewServiceImpl - Previous sub budget id is 15
2026-04-18 10:33:16 INFO  c.a.b.workbench.runner.BudgetRunner - Retrieved Optional[IncomeCategory(category=Income, budgetedIncome=3971.0000000000000000, actualBudgetedIncome=2012.97, remainingIncome=1958.03, startMonth=null, endMonth=null, isActive=false)] income category for SubBudget ID: 16
2026-04-18 10:33:16 INFO  c.a.b.workbench.runner.BudgetRunner - Retrieved Optional[com.app.budgetbuddy.domain.SavingsCategory@75a8181e] savings category for SubBudget ID: 16
2026-04-18 10:33:16 INFO  c.a.b.workbench.runner.BudgetRunner - Budget Runner Result: {subBudget=SubBudget(id=16, subBudgetName=April 2026 - Budget, allocatedAmount=3095.08, subSavingsTarget=875.00, subSavingsAmount=99.22, spentOnBudget=18.26, budget=com.app.budgetbuddy.domain.Budget@4ea6f1f3, startDate=2026-04-01, endDate=2026-04-30, year=0, subBudgetGoals=null, budgetSchedule=[BudgetSchedule{budgetScheduleId=16, subBudgetId=16, startDate=2026-04-01, endDate=2026-04-30, scheduleRange=DateRange(startDate=2026-04-01, endDate=2026-04-30), budgetScheduleRanges=[BudgetScheduleRange(id=null, budgetScheduleId=77, spentOnRange=0.000, budgetedAmount=619.020, budgetDateRange=DateRange(startDate=2026-04-22, endDate=2026-04-28), rangeType=Week, isActive=false, startRange=2026-04-22, endRange=2026-04-28, isSingleDate=false), BudgetScheduleRange(id=null, budgetScheduleId=75, spentOnRange=0.000, budgetedAmount=619.020, budgetDateRange=DateRange(startDate=2026-04-08, endDate=2026-04-14), rangeType=Week, isActive=false, startRange=2026-04-08, endRange=2026-04-14, isSingleDate=false), BudgetScheduleRange(id=null, budgetScheduleId=76, spentOnRange=0.000, budgetedAmount=619.020, budgetDateRange=DateRange(startDate=2026-04-15, endDate=2026-04-21), rangeType=Week, isActive=false, startRange=2026-04-15, endRange=2026-04-21, isSingleDate=false), BudgetScheduleRange(id=null, budgetScheduleId=78, spentOnRange=0.000, budgetedAmount=619.020, budgetDateRange=DateRange(startDate=2026-04-29, endDate=2026-04-30), rangeType=Week, isActive=false, startRange=2026-04-29, endRange=2026-04-30, isSingleDate=false), BudgetScheduleRange(id=null, budgetScheduleId=74, spentOnRange=0.000, budgetedAmount=619.020, budgetDateRange=DateRange(startDate=2026-04-01, endDate=2026-04-07), rangeType=Week, isActive=false, startRange=2026-04-01, endRange=2026-04-07, isSingleDate=false)], periodType='MONTHLY', totalPeriods=5, status='ACTIVE', createdDate=null}], controlledBudgetCategory=null, isActive=true), budget=com.app.budgetbuddy.domain.Budget@6ba52364, isOverBudget=false, budgetScheduleRanges=[BudgetScheduleRange(id=null, budgetScheduleId=77, spentOnRange=0.000, budgetedAmount=619.020, budgetDateRange=DateRange(startDate=2026-04-22, endDate=2026-04-28), rangeType=Week, isActive=false, startRange=2026-04-22, endRange=2026-04-28, isSingleDate=false), BudgetScheduleRange(id=null, budgetScheduleId=75, spentOnRange=0.000, budgetedAmount=619.020, budgetDateRange=DateRange(startDate=2026-04-08, endDate=2026-04-14), rangeType=Week, isActive=false, startRange=2026-04-08, endRange=2026-04-14, isSingleDate=false), BudgetScheduleRange(id=null, budgetScheduleId=76, spentOnRange=0.000, budgetedAmount=619.020, budgetDateRange=DateRange(startDate=2026-04-15, endDate=2026-04-21), rangeType=Week, isActive=false, startRange=2026-04-15, endRange=2026-04-21, isSingleDate=false), BudgetScheduleRange(id=null, budgetScheduleId=78, spentOnRange=0.000, budgetedAmount=619.020, budgetDateRange=DateRange(startDate=2026-04-29, endDate=2026-04-30), rangeType=Week, isActive=false, startRange=2026-04-29, endRange=2026-04-30, isSingleDate=false), BudgetScheduleRange(id=null, budgetScheduleId=74, spentOnRange=0.000, budgetedAmount=619.020, budgetDateRange=DateRange(startDate=2026-04-01, endDate=2026-04-07), rangeType=Week, isActive=false, startRange=2026-04-01, endRange=2026-04-07, isSingleDate=false)], spendingPercentage=0.0000, remainingAmount=37140.96, processDate=2026-04-18T10:33:16.972770900, budgetSchedule=BudgetSchedule{budgetScheduleId=16, subBudgetId=16, startDate=2026-04-01, endDate=2026-04-30, scheduleRange=DateRange(startDate=2026-04-01, endDate=2026-04-30), budgetScheduleRanges=[BudgetScheduleRange(id=null, budgetScheduleId=77, spentOnRange=0.000, budgetedAmount=619.020, budgetDateRange=DateRange(startDate=2026-04-22, endDate=2026-04-28), rangeType=Week, isActive=false, startRange=2026-04-22, endRange=2026-04-28, isSingleDate=false), BudgetScheduleRange(id=null, budgetScheduleId=75, spentOnRange=0.000, budgetedAmount=619.020, budgetDateRange=DateRange(startDate=2026-04-08, endDate=2026-04-14), rangeType=Week, isActive=false, startRange=2026-04-08, endRange=2026-04-14, isSingleDate=false), BudgetScheduleRange(id=null, budgetScheduleId=76, spentOnRange=0.000, budgetedAmount=619.020, budgetDateRange=DateRange(startDate=2026-04-15, endDate=2026-04-21), rangeType=Week, isActive=false, startRange=2026-04-15, endRange=2026-04-21, isSingleDate=false), BudgetScheduleRange(id=null, budgetScheduleId=78, spentOnRange=0.000, budgetedAmount=619.020, budgetDateRange=DateRange(startDate=2026-04-29, endDate=2026-04-30), rangeType=Week, isActive=false, startRange=2026-04-29, endRange=2026-04-30, isSingleDate=false), BudgetScheduleRange(id=null, budgetScheduleId=74, spentOnRange=0.000, budgetedAmount=619.020, budgetDateRange=DateRange(startDate=2026-04-01, endDate=2026-04-07), rangeType=Week, isActive=false, startRange=2026-04-01, endRange=2026-04-07, isSingleDate=false)], periodType='MONTHLY', totalPeriods=5, status='ACTIVE', createdDate=null}}
2026-04-18 10:33:16 INFO  c.a.b.workbench.runner.BudgetRunner - Starting monthly budget process for user 1 between 2026-04-01 and 2026-04-30
2026-04-18 10:33:17 INFO  c.a.b.workbench.runner.BudgetRunner - Found Budget: com.app.budgetbuddy.domain.Budget@1834bcdf
2026-04-18 10:33:17 INFO  c.a.b.w.budget.BudgetScheduleUtil - Retrieving Budget Schedule Ranges: [com.app.budgetbuddy.entities.BudgetScheduleRangeEntity@2cacfbde, com.app.budgetbuddy.entities.BudgetScheduleRangeEntity@3c844ac6, com.app.budgetbuddy.entities.BudgetScheduleRangeEntity@5c3405a0, com.app.budgetbuddy.entities.BudgetScheduleRangeEntity@33cb50a0, com.app.budgetbuddy.entities.BudgetScheduleRangeEntity@773d3483], size: 5
2026-04-18 10:33:17 INFO  c.a.b.workbench.runner.BudgetRunner - Processing SubBudget ID: 16 with Budget Schedule ID: 16
2026-04-18 10:33:17 INFO  c.a.b.w.b.SubBudgetStatisticsServiceImpl - SubBudget Savings Target: 875.00
2026-04-18 10:33:17 INFO  c.a.b.w.b.SubBudgetStatisticsServiceImpl - Budget Amount: 3095.08
2026-04-18 10:33:17 INFO  c.a.b.w.b.SubBudgetStatisticsServiceImpl - Total Spent: 2545.65
2026-04-18 10:33:17 INFO  c.a.b.w.b.SubBudgetStatisticsServiceImpl - Remaining: 549.43
2026-04-18 10:33:17 INFO  c.a.b.w.b.SubBudgetStatisticsServiceImpl - Savings: 549.43
2026-04-18 10:33:17 INFO  c.a.b.w.b.SubBudgetHealthScoreImpl - Allocated amount for sub-budget 16 is 3095.08
2026-04-18 10:33:17 INFO  c.a.b.w.b.SubBudgetHealthScoreImpl - Spent on sub-budget 16 is 18.26
2026-04-18 10:33:17 INFO  c.a.b.w.b.SubBudgetHealthScoreImpl - Spending ratio for sub-budget 16 is 0.01
2026-04-18 10:33:17 INFO  c.a.b.w.b.SubBudgetHealthScoreImpl - Spending ratio for sub-budget 16 is 0.01
2026-04-18 10:33:17 INFO  c.a.b.w.b.SubBudgetHealthScoreImpl - Variance for sub-budget 16 is 3076.82
2026-04-18 10:33:17 INFO  c.a.b.w.b.SubBudgetHealthScoreImpl - Savings ratio for sub-budget 16 is 0.03
2026-04-18 10:33:17 INFO  c.a.b.w.b.SubBudgetHealthScoreImpl - Final Score: 102.50
2026-04-18 10:33:17 INFO  c.a.b.w.b.SubBudgetHealthScoreImpl - Health score for sub-budget 16 is 100
2026-04-18 10:33:17 INFO  c.a.b.w.b.SubBudgetStatisticsServiceImpl - SubBudget Stats: BudgetStats(budgetId=16, totalBudget=3095.08, totalSpent=2545.65, remaining=549.43, totalSaved=549.43, averageSpendingPerDay=87.78, dateRange=DateRange(startDate=2026-04-01, endDate=2026-04-30), healthScore=100, monthlyProjection=null)
2026-04-18 10:33:17 INFO  c.a.b.workbench.runner.BudgetRunner - Budget Stats for SubBudget 16: [BudgetStats(budgetId=16, totalBudget=3095.08, totalSpent=2545.65, remaining=549.43, totalSaved=549.43, averageSpendingPerDay=87.78, dateRange=DateRange(startDate=2026-04-01, endDate=2026-04-30), healthScore=100, monthlyProjection=null)]
2026-04-18 10:33:17 INFO  c.a.b.w.b.BudgetPeriodCategoryHandlerFactory - Getting budget period handler for period: MONTHLY
2026-04-18 10:33:17 INFO  c.a.b.workbench.runner.BudgetRunner - Retrieved 10 budget period categories for SubBudget ID: 16
2026-04-18 10:33:17 INFO  c.a.b.workbench.runner.BudgetRunner - BudgetPeriodCategory: BudgetPeriodCategory(category=Electric, budgeted=44.61, actual=74.87, remaining=0, dateRange=DateRange(startDate=2026-04-01, endDate=2026-04-30), biWeekRanges=null, isOverBudget=true, spendingPercentage=1.6783232459089892, budgetStatus=OVER_BUDGET)
2026-04-18 10:33:17 INFO  c.a.b.workbench.runner.BudgetRunner - BudgetPeriodCategory: BudgetPeriodCategory(category=Gas, budgeted=56.43, actual=62.66, remaining=0, dateRange=DateRange(startDate=2026-04-01, endDate=2026-04-30), biWeekRanges=null, isOverBudget=true, spendingPercentage=1.1104022682970052, budgetStatus=OVER_BUDGET)
2026-04-18 10:33:17 INFO  c.a.b.workbench.runner.BudgetRunner - BudgetPeriodCategory: BudgetPeriodCategory(category=Gas Bill, budgeted=31.28, actual=25.19, remaining=6.09, dateRange=DateRange(startDate=2026-04-01, endDate=2026-04-30), biWeekRanges=null, isOverBudget=false, spendingPercentage=0.805306905370844, budgetStatus=GOOD)
2026-04-18 10:33:17 INFO  c.a.b.workbench.runner.BudgetRunner - BudgetPeriodCategory: BudgetPeriodCategory(category=Groceries, budgeted=512.9, actual=316.01, remaining=196.89, dateRange=DateRange(startDate=2026-04-01, endDate=2026-04-30), biWeekRanges=null, isOverBudget=false, spendingPercentage=0.6161240007798792, budgetStatus=UNDER_UTILIZED)
2026-04-18 10:33:17 INFO  c.a.b.workbench.runner.BudgetRunner - BudgetPeriodCategory: BudgetPeriodCategory(category=Insurance, budgeted=74.76, actual=70.1, remaining=4.66, dateRange=DateRange(startDate=2026-04-01, endDate=2026-04-30), biWeekRanges=null, isOverBudget=false, spendingPercentage=0.9376672017121453, budgetStatus=GOOD)
2026-04-18 10:33:17 INFO  c.a.b.workbench.runner.BudgetRunner - BudgetPeriodCategory: BudgetPeriodCategory(category=Order Out, budgeted=118.99, actual=84.83, remaining=34.16, dateRange=DateRange(startDate=2026-04-01, endDate=2026-04-30), biWeekRanges=null, isOverBudget=false, spendingPercentage=0.712917051853097, budgetStatus=UNDER_UTILIZED)
2026-04-18 10:33:17 INFO  c.a.b.workbench.runner.BudgetRunner - BudgetPeriodCategory: BudgetPeriodCategory(category=Other, budgeted=185.24, actual=109.76, remaining=75.48, dateRange=DateRange(startDate=2026-04-01, endDate=2026-04-30), biWeekRanges=null, isOverBudget=false, spendingPercentage=0.5925286115309868, budgetStatus=UNDER_UTILIZED)
2026-04-18 10:33:17 INFO  c.a.b.workbench.runner.BudgetRunner - BudgetPeriodCategory: BudgetPeriodCategory(category=Payment, budgeted=427.71, actual=328.83, remaining=98.88, dateRange=DateRange(startDate=2026-04-01, endDate=2026-04-30), biWeekRanges=null, isOverBudget=false, spendingPercentage=0.7688153187907695, budgetStatus=UNDER_UTILIZED)
2026-04-18 10:33:17 INFO  c.a.b.workbench.runner.BudgetRunner - BudgetPeriodCategory: BudgetPeriodCategory(category=Rent, budgeted=798.19, actual=1220.03, remaining=0, dateRange=DateRange(startDate=2026-04-01, endDate=2026-04-30), biWeekRanges=null, isOverBudget=true, spendingPercentage=1.528495721570052, budgetStatus=OVER_BUDGET)
2026-04-18 10:33:17 INFO  c.a.b.workbench.runner.BudgetRunner - BudgetPeriodCategory: BudgetPeriodCategory(category=Subscription, budgeted=73.07, actual=142.55, remaining=0, dateRange=DateRange(startDate=2026-04-01, endDate=2026-04-30), biWeekRanges=null, isOverBudget=true, spendingPercentage=1.9508690296975506, budgetStatus=OVER_BUDGET)
2026-04-18 10:33:17 INFO  c.a.b.workbench.runner.BudgetRunner - Retrieved 5 top five expenses for SubBudget ID: 16
2026-04-18 10:33:17 INFO  c.a.b.workbench.runner.BudgetRunner - Retrieved Optional[ExpenseCategory(category=Expense, budgetedExpenses=3095.0800000000000000, actualExpenses=2434.83, remainingExpenses=660.2500000000000000, isActive=true, startDate=2026-04-01, endDate=2026-04-30, isVariable=false)] expense categories for SubBudget ID: 16
2026-04-18 10:33:17 INFO  c.a.b.w.b.SubBudgetMonthOverviewServiceImpl - Adjusted start date from 2026-04-01 to 2026-03-29 to include end of previous year
2026-04-18 10:33:17 INFO  c.a.b.w.b.SubBudgetMonthOverviewServiceImpl - SubBudgetIds: [16, 15]
2026-04-18 10:33:17 INFO  c.a.b.w.b.SubBudgetMonthOverviewServiceImpl - Previous sub budget id is 15
2026-04-18 10:33:17 INFO  c.a.b.workbench.runner.BudgetRunner - Retrieved Optional[IncomeCategory(category=Income, budgetedIncome=3971.0000000000000000, actualBudgetedIncome=2012.97, remainingIncome=1958.03, startMonth=null, endMonth=null, isActive=false)] income category for SubBudget ID: 16
2026-04-18 10:33:17 INFO  c.a.b.workbench.runner.BudgetRunner - Retrieved Optional[com.app.budgetbuddy.domain.SavingsCategory@4f0898a9] savings category for SubBudget ID: 16
2026-04-18 10:33:17 INFO  c.a.b.workbench.runner.BudgetRunner - Budget Runner Result: {subBudget=SubBudget(id=16, subBudgetName=April 2026 - Budget, allocatedAmount=3095.08, subSavingsTarget=875.00, subSavingsAmount=99.22, spentOnBudget=18.26, budget=com.app.budgetbuddy.domain.Budget@479129fb, startDate=2026-04-01, endDate=2026-04-30, year=0, subBudgetGoals=null, budgetSchedule=[BudgetSchedule{budgetScheduleId=16, subBudgetId=16, startDate=2026-04-01, endDate=2026-04-30, scheduleRange=DateRange(startDate=2026-04-01, endDate=2026-04-30), budgetScheduleRanges=[BudgetScheduleRange(id=null, budgetScheduleId=77, spentOnRange=0.000, budgetedAmount=619.020, budgetDateRange=DateRange(startDate=2026-04-22, endDate=2026-04-28), rangeType=Week, isActive=false, startRange=2026-04-22, endRange=2026-04-28, isSingleDate=false), BudgetScheduleRange(id=null, budgetScheduleId=75, spentOnRange=0.000, budgetedAmount=619.020, budgetDateRange=DateRange(startDate=2026-04-08, endDate=2026-04-14), rangeType=Week, isActive=false, startRange=2026-04-08, endRange=2026-04-14, isSingleDate=false), BudgetScheduleRange(id=null, budgetScheduleId=76, spentOnRange=0.000, budgetedAmount=619.020, budgetDateRange=DateRange(startDate=2026-04-15, endDate=2026-04-21), rangeType=Week, isActive=false, startRange=2026-04-15, endRange=2026-04-21, isSingleDate=false), BudgetScheduleRange(id=null, budgetScheduleId=78, spentOnRange=0.000, budgetedAmount=619.020, budgetDateRange=DateRange(startDate=2026-04-29, endDate=2026-04-30), rangeType=Week, isActive=false, startRange=2026-04-29, endRange=2026-04-30, isSingleDate=false), BudgetScheduleRange(id=null, budgetScheduleId=74, spentOnRange=0.000, budgetedAmount=619.020, budgetDateRange=DateRange(startDate=2026-04-01, endDate=2026-04-07), rangeType=Week, isActive=false, startRange=2026-04-01, endRange=2026-04-07, isSingleDate=false)], periodType='MONTHLY', totalPeriods=5, status='ACTIVE', createdDate=null}], controlledBudgetCategory=null, isActive=true), budget=com.app.budgetbuddy.domain.Budget@1834bcdf, isOverBudget=false, budgetScheduleRanges=[BudgetScheduleRange(id=null, budgetScheduleId=77, spentOnRange=0.000, budgetedAmount=619.020, budgetDateRange=DateRange(startDate=2026-04-22, endDate=2026-04-28), rangeType=Week, isActive=false, startRange=2026-04-22, endRange=2026-04-28, isSingleDate=false), BudgetScheduleRange(id=null, budgetScheduleId=75, spentOnRange=0.000, budgetedAmount=619.020, budgetDateRange=DateRange(startDate=2026-04-08, endDate=2026-04-14), rangeType=Week, isActive=false, startRange=2026-04-08, endRange=2026-04-14, isSingleDate=false), BudgetScheduleRange(id=null, budgetScheduleId=76, spentOnRange=0.000, budgetedAmount=619.020, budgetDateRange=DateRange(startDate=2026-04-15, endDate=2026-04-21), rangeType=Week, isActive=false, startRange=2026-04-15, endRange=2026-04-21, isSingleDate=false), BudgetScheduleRange(id=null, budgetScheduleId=78, spentOnRange=0.000, budgetedAmount=619.020, budgetDateRange=DateRange(startDate=2026-04-29, endDate=2026-04-30), rangeType=Week, isActive=false, startRange=2026-04-29, endRange=2026-04-30, isSingleDate=false), BudgetScheduleRange(id=null, budgetScheduleId=74, spentOnRange=0.000, budgetedAmount=619.020, budgetDateRange=DateRange(startDate=2026-04-01, endDate=2026-04-07), rangeType=Week, isActive=false, startRange=2026-04-01, endRange=2026-04-07, isSingleDate=false)], spendingPercentage=0.0000, remainingAmount=37140.96, processDate=2026-04-18T10:33:17.055843900, budgetSchedule=BudgetSchedule{budgetScheduleId=16, subBudgetId=16, startDate=2026-04-01, endDate=2026-04-30, scheduleRange=DateRange(startDate=2026-04-01, endDate=2026-04-30), budgetScheduleRanges=[BudgetScheduleRange(id=null, budgetScheduleId=77, spentOnRange=0.000, budgetedAmount=619.020, budgetDateRange=DateRange(startDate=2026-04-22, endDate=2026-04-28), rangeType=Week, isActive=false, startRange=2026-04-22, endRange=2026-04-28, isSingleDate=false), BudgetScheduleRange(id=null, budgetScheduleId=75, spentOnRange=0.000, budgetedAmount=619.020, budgetDateRange=DateRange(startDate=2026-04-08, endDate=2026-04-14), rangeType=Week, isActive=false, startRange=2026-04-08, endRange=2026-04-14, isSingleDate=false), BudgetScheduleRange(id=null, budgetScheduleId=76, spentOnRange=0.000, budgetedAmount=619.020, budgetDateRange=DateRange(startDate=2026-04-15, endDate=2026-04-21), rangeType=Week, isActive=false, startRange=2026-04-15, endRange=2026-04-21, isSingleDate=false), BudgetScheduleRange(id=null, budgetScheduleId=78, spentOnRange=0.000, budgetedAmount=619.020, budgetDateRange=DateRange(startDate=2026-04-29, endDate=2026-04-30), rangeType=Week, isActive=false, startRange=2026-04-29, endRange=2026-04-30, isSingleDate=false), BudgetScheduleRange(id=null, budgetScheduleId=74, spentOnRange=0.000, budgetedAmount=619.020, budgetDateRange=DateRange(startDate=2026-04-01, endDate=2026-04-07), rangeType=Week, isActive=false, startRange=2026-04-01, endRange=2026-04-07, isSingleDate=false)], periodType='MONTHLY', totalPeriods=5, status='ACTIVE', createdDate=null}}
2026-04-18 10:33:17 INFO  c.a.b.w.budget.BudgetScheduleUtil - Retrieving Budget Schedule Ranges: [com.app.budgetbuddy.entities.BudgetScheduleRangeEntity@436c4a38, com.app.budgetbuddy.entities.BudgetScheduleRangeEntity@b391ffd, com.app.budgetbuddy.entities.BudgetScheduleRangeEntity@4cc47ba, com.app.budgetbuddy.entities.BudgetScheduleRangeEntity@7e17d190, com.app.budgetbuddy.entities.BudgetScheduleRangeEntity@5f8b7dd3], size: 5
2026-04-18 10:33:17 INFO  c.a.b.w.budget.BudgetPeriodQueries - Getting budget period query data for userId: 1
2026-04-18 10:33:17 INFO  c.a.b.w.b.BudgetPeriodCategoryHandlerFactory - Getting budget period handler for period: MONTHLY
2026-04-18 10:33:17 INFO  c.a.b.w.budget.BudgetScheduleUtil - Retrieving Budget Schedule Ranges: [com.app.budgetbuddy.entities.BudgetScheduleRangeEntity@495cedfd, com.app.budgetbuddy.entities.BudgetScheduleRangeEntity@5beb4b39, com.app.budgetbuddy.entities.BudgetScheduleRangeEntity@1a543e4c, com.app.budgetbuddy.entities.BudgetScheduleRangeEntity@5fc2e14b, com.app.budgetbuddy.entities.BudgetScheduleRangeEntity@688d8413], size: 5
2026-04-18 10:33:17 INFO  c.a.b.w.budget.BudgetPeriodQueries - Getting budget period query data for userId: 1
2026-04-18 10:33:17 INFO  c.a.b.w.b.BudgetPeriodCategoryHandlerFactory - Getting budget period handler for period: MONTHLY
2026-04-18 10:33:45 INFO  c.a.b.w.runner.CSVUploadRunner - Transaction Date: 2026-02-07
2026-04-18 10:33:45 INFO  c.a.b.w.runner.CSVUploadRunner - Transaction Date: 2026-02-07
2026-04-18 10:33:45 INFO  c.a.b.w.runner.CSVUploadRunner - Transaction Date: 2026-02-07
2026-04-18 10:33:45 INFO  c.a.b.w.runner.CSVUploadRunner - Transaction Date: 2026-02-06
2026-04-18 10:33:45 INFO  c.a.b.w.runner.CSVUploadRunner - Transaction Date: 2026-02-06
2026-04-18 10:33:45 INFO  c.a.b.w.runner.CSVUploadRunner - Transaction Date: 2026-02-06
2026-04-18 10:33:45 INFO  c.a.b.w.runner.CSVUploadRunner - Transaction Date: 2026-02-05
2026-04-18 10:33:45 INFO  c.a.b.w.runner.CSVUploadRunner - Transaction Date: 2026-02-05
2026-04-18 10:33:45 INFO  c.a.b.w.runner.CSVUploadRunner - Transaction Date: 2026-02-05
2026-04-18 10:33:45 INFO  c.a.b.w.runner.CSVUploadRunner - Transaction Date: 2026-02-04
2026-04-18 10:33:45 INFO  c.a.b.w.runner.CSVUploadRunner - Transaction Date: 2026-02-04
2026-04-18 10:33:45 INFO  c.a.b.w.runner.CSVUploadRunner - Transaction Date: 2026-02-04
2026-04-18 10:33:45 INFO  c.a.b.w.runner.CSVUploadRunner - Transaction Date: 2026-02-04
2026-04-18 10:33:45 INFO  c.a.b.w.runner.CSVUploadRunner - Transaction Date: 2026-02-03
2026-04-18 10:33:45 INFO  c.a.b.w.runner.CSVUploadRunner - Transaction Date: 2026-02-02
2026-04-18 10:33:45 INFO  c.a.b.w.runner.CSVUploadRunner - Transaction Date: 2026-02-02
2026-04-18 10:33:45 INFO  c.a.b.w.runner.CSVUploadRunner - Transaction Date: 2026-02-02
2026-04-18 10:33:45 INFO  c.a.b.w.runner.CSVUploadRunner - Transaction Date: 2026-02-01
2026-04-18 10:33:45 INFO  c.a.b.w.runner.CSVUploadRunner - Transaction Date: 2026-02-01
2026-04-18 10:33:45 INFO  c.a.b.w.runner.CSVUploadRunner - Transaction Date: 2026-02-01
2026-04-18 10:33:45 INFO  c.a.b.w.runner.CSVUploadRunner - Transaction Date: 2026-02-01
2026-04-18 10:33:45 INFO  c.a.b.w.runner.CSVUploadRunner - Transaction Date: 2026-01-31
2026-04-18 10:33:45 INFO  c.a.b.w.runner.CSVUploadRunner - Transaction Date: 2026-01-31
2026-04-18 10:33:45 INFO  c.a.b.w.runner.CSVUploadRunner - Transaction Date: 2026-01-31
2026-04-18 10:33:45 INFO  c.a.b.w.runner.CSVUploadRunner - Transaction Date: 2026-01-31
2026-04-18 10:33:45 INFO  c.a.b.w.runner.CSVUploadRunner - Transaction Date: 2026-01-31
2026-04-18 10:33:45 INFO  c.a.b.w.runner.CSVUploadRunner - Transaction Date: 2026-01-31
2026-04-18 10:33:45 INFO  c.a.b.w.runner.CSVUploadRunner - Transaction Date: 2026-01-30
2026-04-18 10:33:45 INFO  c.a.b.w.runner.CSVUploadRunner - Transaction Date: 2026-01-30
2026-04-18 10:33:45 INFO  c.a.b.w.runner.CSVUploadRunner - Transaction Date: 2026-01-30
2026-04-18 10:33:45 INFO  c.a.b.w.runner.CSVUploadRunner - Transaction Date: 2026-01-30
2026-04-18 10:33:45 INFO  c.a.b.w.runner.CSVUploadRunner - Transaction Date: 2026-01-30
2026-04-18 10:33:45 INFO  c.a.b.w.runner.CSVUploadRunner - Transaction Date: 2026-01-30
2026-04-18 10:33:45 INFO  c.a.b.w.runner.CSVUploadRunner - Transaction Date: 2026-01-29
2026-04-18 10:33:45 INFO  c.a.b.w.runner.CSVUploadRunner - Transaction Date: 2026-01-29
2026-04-18 10:33:45 INFO  c.a.b.w.runner.CSVUploadRunner - Transaction Date: 2026-01-29
2026-04-18 10:33:45 INFO  c.a.b.w.runner.CSVUploadRunner - Transaction Date: 2026-01-28
2026-04-18 10:33:45 INFO  c.a.b.w.runner.CSVUploadRunner - Transaction Date: 2026-01-28
2026-04-18 10:33:45 INFO  c.a.b.w.runner.CSVUploadRunner - Transaction Date: 2026-01-27
2026-04-18 10:33:45 INFO  c.a.b.w.runner.CSVUploadRunner - Transaction Date: 2026-01-27
2026-04-18 10:33:45 INFO  c.a.b.w.runner.CSVUploadRunner - Transaction Date: 2026-01-26
2026-04-18 10:33:45 INFO  c.a.b.w.runner.CSVUploadRunner - Transaction Date: 2026-01-26
2026-04-18 10:33:45 INFO  c.a.b.w.runner.CSVUploadRunner - Transaction Date: 2026-01-26
2026-04-18 10:33:45 INFO  c.a.b.w.runner.CSVUploadRunner - Transaction Date: 2026-01-25
2026-04-18 10:33:45 INFO  c.a.b.w.runner.CSVUploadRunner - Transaction Date: 2026-01-25
2026-04-18 10:33:45 INFO  c.a.b.w.runner.CSVUploadRunner - Transaction Date: 2026-01-25
2026-04-18 10:33:45 INFO  c.a.b.w.runner.CSVUploadRunner - Transaction Date: 2026-01-25
2026-04-18 10:33:45 INFO  c.a.b.w.runner.CSVUploadRunner - Transaction Date: 2026-01-24
2026-04-18 10:33:45 INFO  c.a.b.w.runner.CSVUploadRunner - Transaction Date: 2026-01-24
2026-04-18 10:33:45 INFO  c.a.b.w.runner.CSVUploadRunner - Transaction Date: 2026-01-24
2026-04-18 10:33:45 INFO  c.a.b.w.runner.CSVUploadRunner - Transaction Date: 2026-01-24
2026-04-18 10:33:45 INFO  c.a.b.w.runner.CSVUploadRunner - Transaction Date: 2026-01-24
2026-04-18 10:33:45 INFO  c.a.b.w.runner.CSVUploadRunner - Transaction Date: 2026-01-22
2026-04-18 10:33:45 INFO  c.a.b.w.runner.CSVUploadRunner - Transaction Date: 2026-01-22
2026-04-18 10:33:45 INFO  c.a.b.w.runner.CSVUploadRunner - Transaction Date: 2026-01-22
2026-04-18 10:33:45 INFO  c.a.b.w.runner.CSVUploadRunner - Transaction Date: 2026-01-22
2026-04-18 10:33:45 INFO  c.a.b.w.runner.CSVUploadRunner - Transaction Date: 2026-01-20
2026-04-18 10:33:45 INFO  c.a.b.w.runner.CSVUploadRunner - Transaction Date: 2026-01-19
2026-04-18 10:33:45 INFO  c.a.b.w.runner.CSVUploadRunner - Transaction Date: 2026-01-19
2026-04-18 10:33:45 INFO  c.a.b.w.runner.CSVUploadRunner - Transaction Date: 2026-01-19
2026-04-18 10:33:45 INFO  c.a.b.w.runner.CSVUploadRunner - Transaction Date: 2026-01-19
2026-04-18 10:33:45 INFO  c.a.b.w.runner.CSVUploadRunner - Transaction Date: 2026-01-19
2026-04-18 10:33:45 INFO  c.a.b.w.runner.CSVUploadRunner - Transaction Date: 2026-01-19
2026-04-18 10:33:45 INFO  c.a.b.w.runner.CSVUploadRunner - Transaction Date: 2026-01-18
2026-04-18 10:33:45 INFO  c.a.b.w.runner.CSVUploadRunner - Transaction Date: 2026-01-18
2026-04-18 10:33:45 INFO  c.a.b.w.runner.CSVUploadRunner - Transaction Date: 2026-01-18
2026-04-18 10:33:45 INFO  c.a.b.w.runner.CSVUploadRunner - Transaction Date: 2026-01-18
2026-04-18 10:33:45 INFO  c.a.b.w.runner.CSVUploadRunner - Transaction Date: 2026-01-18
2026-04-18 10:33:45 INFO  c.a.b.w.runner.CSVUploadRunner - Transaction Date: 2026-01-18
2026-04-18 10:33:45 INFO  c.a.b.w.runner.CSVUploadRunner - Transaction Date: 2026-01-18
2026-04-18 10:33:45 INFO  c.a.b.w.runner.CSVUploadRunner - Transaction Date: 2026-01-18
2026-04-18 10:33:45 INFO  c.a.b.w.runner.CSVUploadRunner - Transaction Date: 2026-01-17
2026-04-18 10:33:45 INFO  c.a.b.w.runner.CSVUploadRunner - Transaction Date: 2026-01-17
2026-04-18 10:33:45 INFO  c.a.b.w.runner.CSVUploadRunner - Transaction Date: 2026-01-17
2026-04-18 10:33:45 INFO  c.a.b.w.runner.CSVUploadRunner - Transaction Date: 2026-01-16
2026-04-18 10:33:45 INFO  c.a.b.w.runner.CSVUploadRunner - Transaction Date: 2026-01-15
2026-04-18 10:33:45 INFO  c.a.b.w.runner.CSVUploadRunner - Transaction Date: 2026-01-15
2026-04-18 10:33:45 INFO  c.a.b.w.runner.CSVUploadRunner - Transaction Date: 2026-01-15
2026-04-18 10:33:45 INFO  c.a.b.w.runner.CSVUploadRunner - Transaction Date: 2026-01-15
2026-04-18 10:33:45 INFO  c.a.b.w.runner.CSVUploadRunner - Transaction Date: 2026-01-14
2026-04-18 10:33:45 INFO  c.a.b.w.runner.CSVUploadRunner - Transaction Date: 2026-01-14
2026-04-18 10:33:45 INFO  c.a.b.w.runner.CSVUploadRunner - Transaction Date: 2026-01-14
2026-04-18 10:33:45 INFO  c.a.b.w.runner.CSVUploadRunner - Transaction Date: 2026-01-13
2026-04-18 10:33:45 INFO  c.a.b.w.runner.CSVUploadRunner - Transaction Date: 2026-01-12
2026-04-18 10:33:45 INFO  c.a.b.w.runner.CSVUploadRunner - Transaction Date: 2026-01-12
2026-04-18 10:33:45 INFO  c.a.b.w.runner.CSVUploadRunner - Transaction Date: 2026-01-11
2026-04-18 10:33:45 INFO  c.a.b.w.runner.CSVUploadRunner - Transaction Date: 2026-01-11
2026-04-18 10:33:45 INFO  c.a.b.w.runner.CSVUploadRunner - Transaction Date: 2026-01-11
2026-04-18 10:33:45 INFO  c.a.b.w.runner.CSVUploadRunner - Transaction Date: 2026-01-11
2026-04-18 10:33:45 INFO  c.a.b.w.runner.CSVUploadRunner - Transaction Date: 2026-01-10
2026-04-18 10:33:45 INFO  c.a.b.w.runner.CSVUploadRunner - Transaction Date: 2026-01-10
2026-04-18 10:33:45 INFO  c.a.b.w.runner.CSVUploadRunner - Transaction Date: 2026-01-10
2026-04-18 10:33:45 INFO  c.a.b.w.runner.CSVUploadRunner - Transaction Date: 2026-01-09
2026-04-18 10:33:45 INFO  c.a.b.w.runner.CSVUploadRunner - Transaction Date: 2026-01-08
2026-04-18 10:33:45 INFO  c.a.b.w.runner.CSVUploadRunner - Transaction Date: 2026-01-07
2026-04-18 10:33:45 INFO  c.a.b.w.runner.CSVUploadRunner - Transaction Date: 2026-01-07
2026-04-18 10:33:45 INFO  c.a.b.w.runner.CSVUploadRunner - Transaction Date: 2026-01-06
2026-04-18 10:33:45 INFO  c.a.b.w.runner.CSVUploadRunner - Transaction Date: 2026-01-06
2026-04-18 10:33:45 INFO  c.a.b.w.runner.CSVUploadRunner - Transaction Date: 2026-01-06
2026-04-18 10:33:45 INFO  c.a.b.w.runner.CSVUploadRunner - Transaction Date: 2026-01-05
2026-04-18 10:33:45 INFO  c.a.b.w.runner.CSVUploadRunner - Transaction Date: 2026-01-05
2026-04-18 10:33:45 INFO  c.a.b.w.runner.CSVUploadRunner - Transaction Date: 2026-01-05
2026-04-18 10:33:45 INFO  c.a.b.w.runner.CSVUploadRunner - Transaction Date: 2026-01-05
2026-04-18 10:33:45 INFO  c.a.b.w.runner.CSVUploadRunner - Transaction Date: 2026-01-05
2026-04-18 10:33:45 INFO  c.a.b.w.runner.CSVUploadRunner - Transaction Date: 2026-01-05
2026-04-18 10:33:45 INFO  c.a.b.w.runner.CSVUploadRunner - Transaction Date: 2026-01-04
2026-04-18 10:33:45 INFO  c.a.b.w.runner.CSVUploadRunner - Transaction Date: 2026-01-04
2026-04-18 10:33:45 INFO  c.a.b.w.runner.CSVUploadRunner - Transaction Date: 2026-01-04
2026-04-18 10:33:45 INFO  c.a.b.w.runner.CSVUploadRunner - Transaction Date: 2026-01-04
2026-04-18 10:33:45 INFO  c.a.b.w.runner.CSVUploadRunner - Transaction Date: 2026-01-04
2026-04-18 10:33:45 INFO  c.a.b.w.runner.CSVUploadRunner - Transaction Date: 2026-01-03
2026-04-18 10:33:45 INFO  c.a.b.w.runner.CSVUploadRunner - Transaction Date: 2026-01-03
2026-04-18 10:33:45 INFO  c.a.b.w.runner.CSVUploadRunner - Transaction Date: 2026-01-03
2026-04-18 10:33:45 INFO  c.a.b.w.runner.CSVUploadRunner - Transaction Date: 2026-01-03
2026-04-18 10:33:45 INFO  c.a.b.w.runner.CSVUploadRunner - Transaction Date: 2026-01-03
2026-04-18 10:33:45 INFO  c.a.b.w.runner.CSVUploadRunner - Transaction Date: 2026-01-03
2026-04-18 10:33:45 INFO  c.a.b.w.runner.CSVUploadRunner - Transaction Date: 2026-01-03
2026-04-18 10:33:45 INFO  c.a.b.w.runner.CSVUploadRunner - Transaction Date: 2026-01-02
2026-04-18 10:33:45 INFO  c.a.b.w.runner.CSVUploadRunner - Transaction Date: 2026-01-02
2026-04-18 10:33:45 INFO  c.a.b.w.runner.CSVUploadRunner - Transaction Date: 2026-01-02
2026-04-18 10:33:45 INFO  c.a.b.w.runner.CSVUploadRunner - Transaction Date: 2026-01-02
2026-04-18 10:33:45 INFO  c.a.b.w.runner.CSVUploadRunner - Transaction Date: 2026-01-02
2026-04-18 10:33:45 INFO  c.a.b.w.runner.CSVUploadRunner - Transaction Date: 2026-01-02
2026-04-18 10:33:45 INFO  c.a.b.w.runner.CSVUploadRunner - Transaction Date: 2026-01-01
2026-04-18 10:33:45 INFO  c.a.b.w.runner.CSVUploadRunner - Transaction Date: 2026-01-01
2026-04-18 10:33:45 INFO  c.a.b.w.runner.CSVUploadRunner - Transaction Date: 2026-01-01
2026-04-18 10:33:45 INFO  c.a.b.w.runner.CSVUploadRunner - Transaction Date: 2026-01-01
2026-04-18 10:33:45 INFO  c.a.b.w.runner.CSVUploadRunner - Transaction Date: 2026-01-01
2026-04-18 10:33:45 INFO  c.a.b.w.runner.CSVUploadRunner - Transaction Date: 2026-01-01
2026-04-18 10:33:45 INFO  c.a.b.w.runner.CSVUploadRunner - Transaction Date: 2025-12-31
2026-04-18 10:33:45 INFO  c.a.b.w.runner.CSVUploadRunner - Transaction Date: 2025-12-31
2026-04-18 10:33:45 INFO  c.a.b.w.runner.CSVUploadRunner - Transaction Date: 2025-12-31
2026-04-18 10:33:45 INFO  c.a.b.w.runner.CSVUploadRunner - Transaction Date: 2025-12-31
2026-04-18 10:33:45 INFO  c.a.b.w.runner.CSVUploadRunner - Transaction Date: 2025-12-30
2026-04-18 10:33:45 INFO  c.a.b.w.runner.CSVUploadRunner - Transaction Date: 2025-12-29
2026-04-18 10:33:45 INFO  c.a.b.w.runner.CSVUploadRunner - Transaction Date: 2025-12-29
2026-04-18 10:33:45 INFO  c.a.b.w.runner.CSVUploadRunner - Transaction Date: 2025-12-29
2026-04-18 10:33:45 INFO  c.a.b.w.runner.CSVUploadRunner - Transaction Date: 2025-12-28
2026-04-18 10:33:45 INFO  c.a.b.w.runner.CSVUploadRunner - Transaction Date: 2025-12-28
2026-04-18 10:33:45 INFO  c.a.b.w.runner.CSVUploadRunner - Transaction Date: 2025-12-28
2026-04-18 10:33:45 INFO  c.a.b.w.runner.CSVUploadRunner - Transaction Date: 2025-12-28
2026-04-18 10:33:45 INFO  c.a.b.w.runner.CSVUploadRunner - Transaction Date: 2025-12-25
2026-04-18 10:33:45 INFO  c.a.b.w.runner.CSVUploadRunner - Transaction Date: 2025-12-24
2026-04-18 10:33:45 INFO  c.a.b.w.runner.CSVUploadRunner - Transaction Date: 2025-12-24
2026-04-18 10:33:45 INFO  c.a.b.w.runner.CSVUploadRunner - Transaction Date: 2025-12-22
2026-04-18 10:33:45 INFO  c.a.b.w.runner.CSVUploadRunner - Transaction Date: 2025-12-22
2026-04-18 10:33:45 INFO  c.a.b.w.runner.CSVUploadRunner - Transaction Date: 2025-12-22
2026-04-18 10:33:45 INFO  c.a.b.w.runner.CSVUploadRunner - Transaction Date: 2025-12-22
2026-04-18 10:33:45 INFO  c.a.b.w.runner.CSVUploadRunner - Transaction Date: 2025-12-22
2026-04-18 10:33:45 INFO  c.a.b.w.runner.CSVUploadRunner - Transaction Date: 2025-12-22
2026-04-18 10:33:45 INFO  c.a.b.w.runner.CSVUploadRunner - Transaction Date: 2025-12-22
2026-04-18 10:33:45 INFO  c.a.b.w.runner.CSVUploadRunner - Transaction Date: 2025-12-22
2026-04-18 10:33:45 INFO  c.a.b.w.runner.CSVUploadRunner - Transaction Date: 2025-12-21
2026-04-18 10:33:45 INFO  c.a.b.w.runner.CSVUploadRunner - Transaction Date: 2025-12-21
2026-04-18 10:33:45 INFO  c.a.b.w.runner.CSVUploadRunner - Transaction Date: 2025-12-21
2026-04-18 10:33:45 INFO  c.a.b.w.runner.CSVUploadRunner - Transaction Date: 2025-12-20
2026-04-18 10:33:45 INFO  c.a.b.w.runner.CSVUploadRunner - Transaction Date: 2025-12-20
2026-04-18 10:33:45 INFO  c.a.b.w.runner.CSVUploadRunner - Transaction Date: 2025-12-20
2026-04-18 10:33:45 INFO  c.a.b.w.runner.CSVUploadRunner - Transaction Date: 2025-12-20
2026-04-18 10:33:45 INFO  c.a.b.w.runner.CSVUploadRunner - Transaction Date: 2025-12-20
2026-04-18 10:33:45 INFO  c.a.b.w.runner.CSVUploadRunner - Transaction Date: 2025-12-20
2026-04-18 10:33:45 INFO  c.a.b.w.runner.CSVUploadRunner - Transaction Date: 2025-12-20
2026-04-18 10:33:45 INFO  c.a.b.w.runner.CSVUploadRunner - Transaction Date: 2025-12-19
2026-04-18 10:33:45 INFO  c.a.b.w.runner.CSVUploadRunner - Transaction Date: 2025-12-19
2026-04-18 10:33:45 INFO  c.a.b.w.runner.CSVUploadRunner - Transaction Date: 2025-12-19
2026-04-18 10:33:45 INFO  c.a.b.w.runner.CSVUploadRunner - Transaction Date: 2025-12-19
2026-04-18 10:33:45 INFO  c.a.b.w.runner.CSVUploadRunner - Transaction Date: 2025-12-18
2026-04-18 10:33:45 INFO  c.a.b.w.runner.CSVUploadRunner - Transaction Date: 2025-12-18
2026-04-18 10:33:45 INFO  c.a.b.w.runner.CSVUploadRunner - Transaction Date: 2025-12-18
2026-04-18 10:33:45 INFO  c.a.b.w.runner.CSVUploadRunner - Transaction Date: 2025-12-17
2026-04-18 10:33:45 INFO  c.a.b.w.runner.CSVUploadRunner - Transaction Date: 2025-12-17
2026-04-18 10:33:45 INFO  c.a.b.w.runner.CSVUploadRunner - Transaction Date: 2025-12-16
2026-04-18 10:33:45 INFO  c.a.b.w.runner.CSVUploadRunner - Transaction Date: 2025-12-16
2026-04-18 10:33:45 INFO  c.a.b.w.runner.CSVUploadRunner - Transaction Date: 2025-12-16
2026-04-18 10:33:45 INFO  c.a.b.w.runner.CSVUploadRunner - Transaction Date: 2025-12-15
2026-04-18 10:33:45 INFO  c.a.b.w.runner.CSVUploadRunner - Transaction Date: 2025-12-15
2026-04-18 10:33:45 INFO  c.a.b.w.runner.CSVUploadRunner - Transaction Date: 2025-12-15
2026-04-18 10:33:45 INFO  c.a.b.w.runner.CSVUploadRunner - Transaction Date: 2025-12-15
2026-04-18 10:33:45 INFO  c.a.b.w.runner.CSVUploadRunner - Transaction Date: 2025-12-15
2026-04-18 10:33:45 INFO  c.a.b.w.runner.CSVUploadRunner - Transaction Date: 2025-12-14
2026-04-18 10:33:45 INFO  c.a.b.w.runner.CSVUploadRunner - Transaction Date: 2025-12-14
2026-04-18 10:33:45 INFO  c.a.b.w.runner.CSVUploadRunner - Transaction Date: 2025-12-14
2026-04-18 10:33:45 INFO  c.a.b.w.runner.CSVUploadRunner - Transaction Date: 2025-12-13
2026-04-18 10:33:45 INFO  c.a.b.w.runner.CSVUploadRunner - Transaction Date: 2025-12-13
2026-04-18 10:33:45 INFO  c.a.b.w.runner.CSVUploadRunner - Transaction Date: 2025-12-13
2026-04-18 10:33:45 INFO  c.a.b.w.runner.CSVUploadRunner - Transaction Date: 2025-12-13
2026-04-18 10:33:45 INFO  c.a.b.w.runner.CSVUploadRunner - Transaction Date: 2025-12-13
2026-04-18 10:33:45 INFO  c.a.b.w.runner.CSVUploadRunner - Transaction Date: 2025-12-12
2026-04-18 10:33:45 INFO  c.a.b.w.runner.CSVUploadRunner - Transaction Date: 2025-12-12
2026-04-18 10:33:45 INFO  c.a.b.w.runner.CSVUploadRunner - Transaction Date: 2025-12-12
2026-04-18 10:33:45 INFO  c.a.b.w.runner.CSVUploadRunner - Transaction Date: 2025-12-11
2026-04-18 10:33:45 INFO  c.a.b.w.runner.CSVUploadRunner - Transaction Date: 2025-12-11
2026-04-18 10:33:45 INFO  c.a.b.w.runner.CSVUploadRunner - Transaction Date: 2025-12-09
2026-04-18 10:33:45 INFO  c.a.b.w.runner.CSVUploadRunner - Transaction Date: 2025-12-09
2026-04-18 10:33:45 INFO  c.a.b.w.runner.CSVUploadRunner - Transaction Date: 2025-12-08
2026-04-18 10:33:45 INFO  c.a.b.w.runner.CSVUploadRunner - Transaction Date: 2025-12-08
2026-04-18 10:33:45 INFO  c.a.b.w.runner.CSVUploadRunner - Transaction Date: 2025-12-08
2026-04-18 10:33:45 INFO  c.a.b.w.runner.CSVUploadRunner - Transaction Date: 2025-12-08
2026-04-18 10:33:45 INFO  c.a.b.w.runner.CSVUploadRunner - Transaction Date: 2025-12-08
2026-04-18 10:33:45 INFO  c.a.b.w.runner.CSVUploadRunner - Transaction Date: 2025-12-08
2026-04-18 10:33:45 INFO  c.a.b.w.runner.CSVUploadRunner - Transaction Date: 2025-12-08
2026-04-18 10:33:45 INFO  c.a.b.w.runner.CSVUploadRunner - Transaction Date: 2025-12-07
2026-04-18 10:33:45 INFO  c.a.b.w.runner.CSVUploadRunner - Transaction Date: 2025-12-07
2026-04-18 10:33:45 INFO  c.a.b.w.runner.CSVUploadRunner - Transaction Date: 2025-12-07
2026-04-18 10:33:45 INFO  c.a.b.w.runner.CSVUploadRunner - Transaction Date: 2025-12-07
2026-04-18 10:33:45 INFO  c.a.b.w.runner.CSVUploadRunner - Transaction Date: 2025-12-07
2026-04-18 10:33:45 INFO  c.a.b.w.runner.CSVUploadRunner - Transaction Date: 2025-12-07
2026-04-18 10:33:45 INFO  c.a.b.w.runner.CSVUploadRunner - Transaction Date: 2025-12-07
2026-04-18 10:33:45 INFO  c.a.b.w.runner.CSVUploadRunner - Transaction Date: 2025-12-07
2026-04-18 10:33:45 INFO  c.a.b.w.runner.CSVUploadRunner - Transaction Date: 2025-12-07
2026-04-18 10:33:45 INFO  c.a.b.w.runner.CSVUploadRunner - Transaction Date: 2025-12-07
2026-04-18 10:33:45 INFO  c.a.b.w.runner.CSVUploadRunner - Transaction Date: 2025-12-06
2026-04-18 10:33:45 INFO  c.a.b.w.runner.CSVUploadRunner - Transaction Date: 2025-12-06
2026-04-18 10:33:45 INFO  c.a.b.w.runner.CSVUploadRunner - Transaction Date: 2025-12-06
2026-04-18 10:33:45 INFO  c.a.b.w.runner.CSVUploadRunner - Transaction Date: 2025-12-06
2026-04-18 10:33:45 INFO  c.a.b.w.runner.CSVUploadRunner - Transaction Date: 2025-12-05
2026-04-18 10:33:45 INFO  c.a.b.w.runner.CSVUploadRunner - Transaction Date: 2025-12-05
2026-04-18 10:33:45 INFO  c.a.b.w.runner.CSVUploadRunner - Transaction Date: 2025-12-05
2026-04-18 10:33:45 INFO  c.a.b.w.runner.CSVUploadRunner - Transaction Date: 2025-12-05
2026-04-18 10:33:45 INFO  c.a.b.w.runner.CSVUploadRunner - Transaction Date: 2025-12-05
2026-04-18 10:33:45 INFO  c.a.b.w.runner.CSVUploadRunner - Transaction Date: 2025-12-04
2026-04-18 10:33:45 INFO  c.a.b.w.runner.CSVUploadRunner - Transaction Date: 2025-12-04
2026-04-18 10:33:45 INFO  c.a.b.w.runner.CSVUploadRunner - Transaction Date: 2025-12-04
2026-04-18 10:33:45 INFO  c.a.b.w.runner.CSVUploadRunner - Transaction Date: 2025-12-03
2026-04-18 10:33:45 INFO  c.a.b.w.runner.CSVUploadRunner - Transaction Date: 2025-12-03
2026-04-18 10:33:45 INFO  c.a.b.w.runner.CSVUploadRunner - Transaction Date: 2025-12-02
2026-04-18 10:33:45 INFO  c.a.b.w.runner.CSVUploadRunner - Transaction Date: 2025-12-01
2026-04-18 10:33:45 INFO  c.a.b.w.runner.CSVUploadRunner - Transaction Date: 2025-12-01
2026-04-18 10:33:45 INFO  c.a.b.w.runner.CSVUploadRunner - Transaction Date: 2025-12-01
2026-04-18 10:33:45 INFO  c.a.b.w.runner.CSVUploadRunner - Transaction Date: 2025-12-01
2026-04-18 10:33:45 INFO  c.a.b.w.runner.CSVUploadRunner - Transaction Date: 2025-12-01
2026-04-18 10:33:45 INFO  c.a.b.w.runner.CSVUploadRunner - Transaction Date: 2025-12-01
2026-04-18 10:33:45 INFO  c.a.b.w.runner.CSVUploadRunner - Transaction Date: 2025-11-30
2026-04-18 10:33:45 INFO  c.a.b.w.runner.CSVUploadRunner - Transaction Date: 2025-11-30
2026-04-18 10:33:45 INFO  c.a.b.w.runner.CSVUploadRunner - Transaction Date: 2025-11-30
2026-04-18 10:33:45 INFO  c.a.b.w.runner.CSVUploadRunner - Transaction Date: 2025-11-30
2026-04-18 10:33:45 INFO  c.a.b.w.runner.CSVUploadRunner - Transaction Date: 2025-11-30
2026-04-18 10:33:45 INFO  c.a.b.w.runner.CSVUploadRunner - Transaction Date: 2025-11-29
2026-04-18 10:33:45 INFO  c.a.b.w.runner.CSVUploadRunner - Transaction Date: 2025-11-29
2026-04-18 10:33:45 INFO  c.a.b.w.runner.CSVUploadRunner - Transaction Date: 2025-11-29
2026-04-18 10:33:45 INFO  c.a.b.w.runner.CSVUploadRunner - Transaction Date: 2025-11-29
2026-04-18 10:33:45 INFO  c.a.b.w.runner.CSVUploadRunner - Transaction Date: 2025-11-29
2026-04-18 10:33:45 INFO  c.a.b.w.runner.CSVUploadRunner - Transaction Date: 2025-11-29
2026-04-18 10:33:45 INFO  c.a.b.w.runner.CSVUploadRunner - Transaction Date: 2025-11-29
2026-04-18 10:33:45 INFO  c.a.b.w.runner.CSVUploadRunner - Transaction Date: 2025-11-29
2026-04-18 10:33:45 INFO  c.a.b.w.runner.CSVUploadRunner - Transaction Date: 2025-11-29
2026-04-18 10:33:45 INFO  c.a.b.w.runner.CSVUploadRunner - Transaction Date: 2025-11-29
2026-04-18 10:33:45 INFO  c.a.b.w.runner.CSVUploadRunner - Transaction Date: 2025-11-29
2026-04-18 10:33:45 INFO  c.a.b.w.runner.CSVUploadRunner - Transaction Date: 2025-11-28
2026-04-18 10:33:45 INFO  c.a.b.w.runner.CSVUploadRunner - Transaction Date: 2025-11-28
2026-04-18 10:33:45 INFO  c.a.b.w.runner.CSVUploadRunner - Transaction Date: 2025-11-27
2026-04-18 10:33:45 INFO  c.a.b.w.runner.CSVUploadRunner - Transaction Date: 2025-11-27
2026-04-18 10:33:45 INFO  c.a.b.w.runner.CSVUploadRunner - Transaction Date: 2025-11-26
2026-04-18 10:33:45 INFO  c.a.b.w.runner.CSVUploadRunner - Transaction Date: 2025-11-25
2026-04-18 10:33:45 INFO  c.a.b.w.runner.CSVUploadRunner - Transaction Date: 2025-11-25
2026-04-18 10:33:45 INFO  c.a.b.w.runner.CSVUploadRunner - Transaction Date: 2025-11-25
2026-04-18 10:33:45 INFO  c.a.b.w.runner.CSVUploadRunner - Transaction Date: 2025-11-25
2026-04-18 10:33:45 INFO  c.a.b.w.runner.CSVUploadRunner - Transaction Date: 2025-11-24
2026-04-18 10:33:45 INFO  c.a.b.w.runner.CSVUploadRunner - Transaction Date: 2025-11-24
2026-04-18 10:33:45 INFO  c.a.b.w.runner.CSVUploadRunner - Transaction Date: 2025-11-24
2026-04-18 10:33:45 INFO  c.a.b.w.runner.CSVUploadRunner - Transaction Date: 2025-11-23
2026-04-18 10:33:45 INFO  c.a.b.w.runner.CSVUploadRunner - Transaction Date: 2025-11-23
2026-04-18 10:33:45 INFO  c.a.b.w.runner.CSVUploadRunner - Transaction Date: 2025-11-23
2026-04-18 10:33:45 INFO  c.a.b.w.runner.CSVUploadRunner - Transaction Date: 2025-11-23
2026-04-18 10:33:45 INFO  c.a.b.w.runner.CSVUploadRunner - Transaction Date: 2025-11-23
2026-04-18 10:33:45 INFO  c.a.b.w.runner.CSVUploadRunner - Transaction Date: 2025-11-23
2026-04-18 10:33:45 INFO  c.a.b.w.runner.CSVUploadRunner - Transaction Date: 2025-11-23
2026-04-18 10:33:45 INFO  c.a.b.w.runner.CSVUploadRunner - Transaction Date: 2025-11-23
2026-04-18 10:33:45 INFO  c.a.b.w.runner.CSVUploadRunner - Transaction Date: 2025-11-23
2026-04-18 10:33:45 INFO  c.a.b.w.runner.CSVUploadRunner - Transaction Date: 2025-11-22
2026-04-18 10:33:45 INFO  c.a.b.w.runner.CSVUploadRunner - Transaction Date: 2025-11-22
2026-04-18 10:33:45 INFO  c.a.b.w.runner.CSVUploadRunner - Transaction Date: 2025-11-22
2026-04-18 10:33:45 INFO  c.a.b.w.runner.CSVUploadRunner - Transaction Date: 2025-11-22
2026-04-18 10:33:45 INFO  c.a.b.w.runner.CSVUploadRunner - Transaction Date: 2025-11-21
2026-04-18 10:33:45 INFO  c.a.b.w.runner.CSVUploadRunner - Transaction Date: 2025-11-21
2026-04-18 10:33:45 INFO  c.a.b.w.runner.CSVUploadRunner - Transaction Date: 2025-11-21
2026-04-18 10:33:45 INFO  c.a.b.w.runner.CSVUploadRunner - Transaction Date: 2025-11-20
2026-04-18 10:33:45 INFO  c.a.b.w.runner.CSVUploadRunner - Transaction Date: 2025-11-20
2026-04-18 10:33:45 INFO  c.a.b.w.runner.CSVUploadRunner - Transaction Date: 2025-11-20
2026-04-18 10:33:45 INFO  c.a.b.w.runner.CSVUploadRunner - Transaction Date: 2025-11-20
2026-04-18 10:33:45 INFO  c.a.b.w.runner.CSVUploadRunner - Transaction Date: 2025-11-20
2026-04-18 10:33:45 INFO  c.a.b.w.runner.CSVUploadRunner - Transaction Date: 2025-11-19
2026-04-18 10:33:45 INFO  c.a.b.w.runner.CSVUploadRunner - Transaction Date: 2025-11-18
2026-04-18 10:33:45 INFO  c.a.b.w.runner.CSVUploadRunner - Transaction Date: 2025-11-17
2026-04-18 10:33:45 INFO  c.a.b.w.runner.CSVUploadRunner - Transaction Date: 2025-11-16
2026-04-18 10:33:45 INFO  c.a.b.w.runner.CSVUploadRunner - Transaction Date: 2025-11-16
2026-04-18 10:33:45 INFO  c.a.b.w.runner.CSVUploadRunner - Transaction Date: 2025-11-16
2026-04-18 10:33:45 INFO  c.a.b.w.runner.CSVUploadRunner - Transaction Date: 2025-11-16
2026-04-18 10:33:45 INFO  c.a.b.w.runner.CSVUploadRunner - Transaction Date: 2025-11-16
2026-04-18 10:33:45 INFO  c.a.b.w.runner.CSVUploadRunner - Transaction Date: 2025-11-16
2026-04-18 10:33:45 INFO  c.a.b.w.runner.CSVUploadRunner - Transaction Date: 2025-11-16
2026-04-18 10:33:45 INFO  c.a.b.w.runner.CSVUploadRunner - Transaction Date: 2025-11-16
2026-04-18 10:33:45 INFO  c.a.b.w.runner.CSVUploadRunner - Transaction Date: 2025-11-16
2026-04-18 10:33:45 INFO  c.a.b.w.runner.CSVUploadRunner - Transaction Date: 2025-11-16
2026-04-18 10:33:45 INFO  c.a.b.w.runner.CSVUploadRunner - Transaction Date: 2025-11-16
2026-04-18 10:33:45 INFO  c.a.b.w.runner.CSVUploadRunner - Transaction Date: 2025-11-16
2026-04-18 10:33:45 INFO  c.a.b.w.runner.CSVUploadRunner - Transaction Date: 2025-11-15
2026-04-18 10:33:45 INFO  c.a.b.w.runner.CSVUploadRunner - Transaction Date: 2025-11-15
2026-04-18 10:33:45 INFO  c.a.b.w.runner.CSVUploadRunner - Transaction Date: 2025-11-15
2026-04-18 10:33:45 INFO  c.a.b.w.runner.CSVUploadRunner - Transaction Date: 2025-11-15
2026-04-18 10:33:45 INFO  c.a.b.w.runner.CSVUploadRunner - Transaction Date: 2025-11-14
2026-04-18 10:33:45 INFO  c.a.b.w.runner.CSVUploadRunner - Transaction Date: 2025-11-14
2026-04-18 10:33:45 INFO  c.a.b.w.runner.CSVUploadRunner - Transaction Date: 2025-11-13
2026-04-18 10:33:45 INFO  c.a.b.w.runner.CSVUploadRunner - Transaction Date: 2025-11-13
2026-04-18 10:33:45 INFO  c.a.b.w.runner.CSVUploadRunner - Transaction Date: 2025-11-12
2026-04-18 10:33:45 INFO  c.a.b.w.runner.CSVUploadRunner - Transaction Date: 2025-11-12
2026-04-18 10:33:45 INFO  c.a.b.w.runner.CSVUploadRunner - Transaction Date: 2025-11-12
2026-04-18 10:33:45 INFO  c.a.b.w.runner.CSVUploadRunner - Transaction Date: 2025-11-11
2026-04-18 10:33:45 INFO  c.a.b.w.runner.CSVUploadRunner - Transaction Date: 2025-11-11
2026-04-18 10:33:45 INFO  c.a.b.w.runner.CSVUploadRunner - Transaction Date: 2025-11-10
2026-04-18 10:33:45 INFO  c.a.b.w.runner.CSVUploadRunner - Transaction Date: 2025-11-10
2026-04-18 10:33:45 INFO  c.a.b.w.runner.CSVUploadRunner - Transaction Date: 2025-11-10
2026-04-18 10:33:45 INFO  c.a.b.w.runner.CSVUploadRunner - Transaction Date: 2025-11-09
2026-04-18 10:33:45 INFO  c.a.b.w.runner.CSVUploadRunner - Transaction Date: 2025-11-09
2026-04-18 10:33:45 INFO  c.a.b.w.runner.CSVUploadRunner - Transaction Date: 2025-11-09
2026-04-18 10:33:45 INFO  c.a.b.w.runner.CSVUploadRunner - Transaction Date: 2025-11-09
2026-04-18 10:33:45 INFO  c.a.b.w.runner.CSVUploadRunner - Transaction Date: 2025-11-08
2026-04-18 10:33:45 INFO  c.a.b.w.runner.CSVUploadRunner - Transaction Date: 2025-11-08
2026-04-18 10:33:45 INFO  c.a.b.w.runner.CSVUploadRunner - Transaction Date: 2025-11-08
2026-04-18 10:33:45 INFO  c.a.b.w.runner.CSVUploadRunner - Transaction Date: 2025-11-08
2026-04-18 10:33:45 INFO  c.a.b.w.runner.CSVUploadRunner - Transaction Date: 2025-11-08
2026-04-18 10:33:45 INFO  c.a.b.w.runner.CSVUploadRunner - Transaction Date: 2025-11-08
2026-04-18 10:33:45 INFO  c.a.b.w.runner.CSVUploadRunner - Transaction Date: 2025-11-08
2026-04-18 10:33:45 INFO  c.a.b.w.runner.CSVUploadRunner - Transaction Date: 2025-11-07
2026-04-18 10:33:45 INFO  c.a.b.w.runner.CSVUploadRunner - Transaction Date: 2025-11-07
2026-04-18 10:33:45 INFO  c.a.b.w.runner.CSVUploadRunner - Transaction Date: 2025-11-07
2026-04-18 10:33:45 INFO  c.a.b.w.runner.CSVUploadRunner - Transaction Date: 2025-11-07
2026-04-18 10:33:45 INFO  c.a.b.w.runner.CSVUploadRunner - Transaction Date: 2025-11-07
2026-04-18 10:33:45 INFO  c.a.b.w.runner.CSVUploadRunner - Transaction Date: 2025-11-07
2026-04-18 10:33:45 INFO  c.a.b.w.runner.CSVUploadRunner - Transaction Date: 2025-11-07
2026-04-18 10:33:45 INFO  c.a.b.w.runner.CSVUploadRunner - Transaction Date: 2025-11-07
2026-04-18 10:33:45 INFO  c.a.b.w.runner.CSVUploadRunner - Transaction Date: 2025-11-06
2026-04-18 10:33:45 INFO  c.a.b.w.runner.CSVUploadRunner - Transaction Date: 2025-11-06
2026-04-18 10:33:45 INFO  c.a.b.w.runner.CSVUploadRunner - Transaction Date: 2025-11-06
2026-04-18 10:33:45 INFO  c.a.b.w.runner.CSVUploadRunner - Transaction Date: 2025-11-06
2026-04-18 10:33:45 INFO  c.a.b.w.runner.CSVUploadRunner - Transaction Date: 2025-11-06
2026-04-18 10:33:45 INFO  c.a.b.w.runner.CSVUploadRunner - Transaction Date: 2025-11-06
2026-04-18 10:33:45 INFO  c.a.b.w.runner.CSVUploadRunner - Transaction Date: 2025-11-06
2026-04-18 10:33:45 INFO  c.a.b.w.runner.CSVUploadRunner - Transaction Date: 2025-11-06
2026-04-18 10:33:45 INFO  c.a.b.w.runner.CSVUploadRunner - Transaction Date: 2025-11-06
2026-04-18 10:33:45 INFO  c.a.b.w.runner.CSVUploadRunner - Transaction Date: 2025-11-06
2026-04-18 10:33:45 INFO  c.a.b.w.runner.CSVUploadRunner - Transaction Date: 2025-11-06
2026-04-18 10:33:45 INFO  c.a.b.w.runner.CSVUploadRunner - Transaction Date: 2025-11-06
2026-04-18 10:33:45 INFO  c.a.b.w.runner.CSVUploadRunner - Transaction Date: 2025-11-06
2026-04-18 10:33:45 INFO  c.a.b.w.runner.CSVUploadRunner - Transaction Date: 2025-11-05
2026-04-18 10:33:45 INFO  c.a.b.w.runner.CSVUploadRunner - Transaction Date: 2025-11-03
2026-04-18 10:33:45 INFO  c.a.b.w.runner.CSVUploadRunner - Transaction Date: 2025-11-03
2026-04-18 10:33:45 INFO  c.a.b.w.runner.CSVUploadRunner - Transaction Date: 2025-11-03
2026-04-18 10:33:45 INFO  c.a.b.w.runner.CSVUploadRunner - Transaction Date: 2025-11-02
2026-04-18 10:33:45 INFO  c.a.b.w.runner.CSVUploadRunner - Transaction Date: 2025-11-02
2026-04-18 10:33:45 INFO  c.a.b.w.runner.CSVUploadRunner - Transaction Date: 2025-11-02
2026-04-18 10:33:45 INFO  c.a.b.w.runner.CSVUploadRunner - Transaction Date: 2025-11-01
2026-04-18 10:33:45 INFO  c.a.b.w.runner.CSVUploadRunner - Transaction Date: 2025-11-01
2026-04-18 10:33:45 INFO  c.a.b.w.runner.CSVUploadRunner - Transaction Date: 2025-11-01
2026-04-18 10:33:45 INFO  c.a.b.w.runner.CSVUploadRunner - Transaction Date: 2025-11-01
2026-04-18 10:33:45 INFO  c.a.b.w.runner.CSVUploadRunner - Transaction Date: 2025-11-01
2026-04-18 10:33:45 INFO  c.a.b.w.runner.CSVUploadRunner - Transaction Date: 2025-11-01
2026-04-18 10:33:45 INFO  c.a.b.w.runner.CSVUploadRunner - Transaction Date: 2025-10-31
2026-04-18 10:33:45 INFO  c.a.b.w.runner.CSVUploadRunner - Transaction Date: 2025-10-30
2026-04-18 10:33:45 INFO  c.a.b.w.runner.CSVUploadRunner - Transaction Date: 2025-10-30
2026-04-18 10:33:45 INFO  c.a.b.w.runner.CSVUploadRunner - Transaction Date: 2025-10-30
2026-04-18 10:33:45 INFO  c.a.b.w.runner.CSVUploadRunner - Transaction Date: 2025-10-29
2026-04-18 10:33:45 INFO  c.a.b.w.runner.CSVUploadRunner - Transaction Date: 2025-10-29
2026-04-18 10:33:45 INFO  c.a.b.w.runner.CSVUploadRunner - Transaction Date: 2025-10-29
2026-04-18 10:33:45 INFO  c.a.b.w.runner.CSVUploadRunner - Transaction Date: 2025-10-28
2026-04-18 10:33:45 INFO  c.a.b.w.runner.CSVUploadRunner - Transaction Date: 2025-10-27
2026-04-18 10:33:45 INFO  c.a.b.w.runner.CSVUploadRunner - Transaction Date: 2025-10-26
2026-04-18 10:33:45 INFO  c.a.b.w.runner.CSVUploadRunner - Transaction Date: 2025-10-26
2026-04-18 10:33:45 INFO  c.a.b.w.runner.CSVUploadRunner - Transaction Date: 2025-10-26
2026-04-18 10:33:45 INFO  c.a.b.w.runner.CSVUploadRunner - Transaction Date: 2025-10-26
2026-04-18 10:33:45 INFO  c.a.b.w.runner.CSVUploadRunner - Transaction Date: 2025-10-25
2026-04-18 10:33:45 INFO  c.a.b.w.runner.CSVUploadRunner - Transaction Date: 2025-10-25
2026-04-18 10:33:45 INFO  c.a.b.w.runner.CSVUploadRunner - Transaction Date: 2025-10-24
2026-04-18 10:33:45 INFO  c.a.b.w.runner.CSVUploadRunner - Transaction Date: 2025-10-23
2026-04-18 10:33:45 INFO  c.a.b.w.runner.CSVUploadRunner - Transaction Date: 2025-10-23
2026-04-18 10:33:45 INFO  c.a.b.w.runner.CSVUploadRunner - Transaction Date: 2025-10-22
2026-04-18 10:33:45 INFO  c.a.b.w.runner.CSVUploadRunner - Transaction Date: 2025-10-20
2026-04-18 10:33:45 INFO  c.a.b.w.runner.CSVUploadRunner - Transaction Date: 2025-10-20
2026-04-18 10:33:45 INFO  c.a.b.w.runner.CSVUploadRunner - Transaction Date: 2025-10-20
2026-04-18 10:33:45 INFO  c.a.b.w.runner.CSVUploadRunner - Transaction Date: 2025-10-20
2026-04-18 10:33:45 INFO  c.a.b.w.runner.CSVUploadRunner - Transaction Date: 2025-10-19
2026-04-18 10:33:45 INFO  c.a.b.w.runner.CSVUploadRunner - Transaction Date: 2025-10-19
2026-04-18 10:33:45 INFO  c.a.b.w.runner.CSVUploadRunner - Transaction Date: 2025-10-19
2026-04-18 10:33:45 INFO  c.a.b.w.runner.CSVUploadRunner - Transaction Date: 2025-10-19
2026-04-18 10:33:45 INFO  c.a.b.w.runner.CSVUploadRunner - Transaction Date: 2025-10-19
2026-04-18 10:33:45 INFO  c.a.b.w.runner.CSVUploadRunner - Transaction Date: 2025-10-19
2026-04-18 10:33:45 INFO  c.a.b.w.runner.CSVUploadRunner - Transaction Date: 2025-10-18
2026-04-18 10:33:45 INFO  c.a.b.w.runner.CSVUploadRunner - Transaction Date: 2025-10-18
2026-04-18 10:33:45 INFO  c.a.b.w.runner.CSVUploadRunner - Transaction Date: 2025-10-18
2026-04-18 10:33:45 INFO  c.a.b.w.runner.CSVUploadRunner - Transaction Date: 2025-10-16
2026-04-18 10:33:45 INFO  c.a.b.w.runner.CSVUploadRunner - Transaction Date: 2025-10-16
2026-04-18 10:33:45 INFO  c.a.b.w.runner.CSVUploadRunner - Transaction Date: 2025-10-15
2026-04-18 10:33:45 INFO  c.a.b.w.runner.CSVUploadRunner - Transaction Date: 2025-10-15
2026-04-18 10:33:45 INFO  c.a.b.w.runner.CSVUploadRunner - Transaction Date: 2025-10-15
2026-04-18 10:33:45 INFO  c.a.b.w.runner.CSVUploadRunner - Transaction Date: 2025-10-14
2026-04-18 10:33:45 INFO  c.a.b.w.runner.CSVUploadRunner - Transaction Date: 2025-10-14
2026-04-18 10:33:45 INFO  c.a.b.w.runner.CSVUploadRunner - Transaction Date: 2025-10-12
2026-04-18 10:33:45 INFO  c.a.b.w.runner.CSVUploadRunner - Transaction Date: 2025-10-12
2026-04-18 10:33:45 INFO  c.a.b.w.runner.CSVUploadRunner - Transaction Date: 2025-10-12
2026-04-18 10:33:45 INFO  c.a.b.w.runner.CSVUploadRunner - Transaction Date: 2025-10-12
2026-04-18 10:33:45 INFO  c.a.b.w.runner.CSVUploadRunner - Transaction Date: 2025-10-12
2026-04-18 10:33:45 INFO  c.a.b.w.runner.CSVUploadRunner - Transaction Date: 2025-10-12
2026-04-18 10:33:45 INFO  c.a.b.w.runner.CSVUploadRunner - Transaction Date: 2025-10-11
2026-04-18 10:33:45 INFO  c.a.b.w.runner.CSVUploadRunner - Transaction Date: 2025-10-11
2026-04-18 10:33:45 INFO  c.a.b.w.runner.CSVUploadRunner - Transaction Date: 2025-10-11
2026-04-18 10:33:45 INFO  c.a.b.w.runner.CSVUploadRunner - Transaction Date: 2025-10-10
2026-04-18 10:33:45 INFO  c.a.b.w.runner.CSVUploadRunner - Transaction Date: 2025-10-10
2026-04-18 10:33:45 INFO  c.a.b.w.runner.CSVUploadRunner - Transaction Date: 2025-10-10
2026-04-18 10:33:45 INFO  c.a.b.w.runner.CSVUploadRunner - Transaction Date: 2025-10-09
2026-04-18 10:33:45 INFO  c.a.b.w.runner.CSVUploadRunner - Transaction Date: 2025-10-08
2026-04-18 10:33:45 INFO  c.a.b.w.runner.CSVUploadRunner - Transaction Date: 2025-10-07
2026-04-18 10:33:45 INFO  c.a.b.w.runner.CSVUploadRunner - Transaction Date: 2025-10-07
2026-04-18 10:33:45 INFO  c.a.b.w.runner.CSVUploadRunner - Transaction Date: 2025-10-07
2026-04-18 10:33:45 INFO  c.a.b.w.runner.CSVUploadRunner - Transaction Date: 2025-10-07
2026-04-18 10:33:45 INFO  c.a.b.w.runner.CSVUploadRunner - Transaction Date: 2025-10-06
2026-04-18 10:33:45 INFO  c.a.b.w.runner.CSVUploadRunner - Transaction Date: 2025-10-05
2026-04-18 10:33:45 INFO  c.a.b.w.runner.CSVUploadRunner - Transaction Date: 2025-10-05
2026-04-18 10:33:45 INFO  c.a.b.w.runner.CSVUploadRunner - Transaction Date: 2025-10-05
2026-04-18 10:33:45 INFO  c.a.b.w.runner.CSVUploadRunner - Transaction Date: 2025-10-05
2026-04-18 10:33:45 INFO  c.a.b.w.runner.CSVUploadRunner - Transaction Date: 2025-10-04
2026-04-18 10:33:45 INFO  c.a.b.w.runner.CSVUploadRunner - Transaction Date: 2025-10-03
2026-04-18 10:33:45 INFO  c.a.b.w.runner.CSVUploadRunner - Transaction Date: 2025-10-03
2026-04-18 10:33:45 INFO  c.a.b.w.runner.CSVUploadRunner - Transaction Date: 2025-10-03
2026-04-18 10:33:45 INFO  c.a.b.w.runner.CSVUploadRunner - Transaction Date: 2025-10-03
2026-04-18 10:33:45 INFO  c.a.b.w.runner.CSVUploadRunner - Transaction Date: 2025-10-02
2026-04-18 10:33:45 INFO  c.a.b.w.runner.CSVUploadRunner - Transaction Date: 2025-10-02
2026-04-18 10:33:45 INFO  c.a.b.w.runner.CSVUploadRunner - Transaction Date: 2025-10-01
2026-04-18 10:33:45 INFO  c.a.b.w.runner.CSVUploadRunner - Transaction Date: 2025-10-01
2026-04-18 10:33:45 INFO  c.a.b.w.runner.CSVUploadRunner - Transaction Date: 2025-10-01
2026-04-18 10:33:45 INFO  c.a.b.w.runner.CSVUploadRunner - Transaction Date: 2025-10-01
2026-04-18 10:33:45 INFO  c.a.b.w.runner.CSVUploadRunner - Transaction Date: 2025-09-30
2026-04-18 10:33:45 INFO  c.a.b.w.runner.CSVUploadRunner - Transaction Date: 2025-09-30
2026-04-18 10:33:45 INFO  c.a.b.w.runner.CSVUploadRunner - Transaction Date: 2025-09-30
2026-04-18 10:33:45 INFO  c.a.b.w.runner.CSVUploadRunner - Transaction Date: 2025-09-30
2026-04-18 10:33:45 INFO  c.a.b.w.runner.CSVUploadRunner - Transaction Date: 2025-09-30
2026-04-18 10:33:45 INFO  c.a.b.w.runner.CSVUploadRunner - Transaction Date: 2025-09-29
2026-04-18 10:33:45 INFO  c.a.b.w.runner.CSVUploadRunner - Transaction Date: 2025-09-29
2026-04-18 10:33:45 INFO  c.a.b.w.runner.CSVUploadRunner - Transaction Date: 2025-09-28
2026-04-18 10:33:45 INFO  c.a.b.w.runner.CSVUploadRunner - Transaction Date: 2025-09-28
2026-04-18 10:33:45 INFO  c.a.b.w.runner.CSVUploadRunner - Transaction Date: 2025-09-27
2026-04-18 10:33:45 INFO  c.a.b.w.runner.CSVUploadRunner - Transaction Date: 2025-09-26
2026-04-18 10:33:45 INFO  c.a.b.w.runner.CSVUploadRunner - Transaction Date: 2025-09-25
2026-04-18 10:33:45 INFO  c.a.b.w.runner.CSVUploadRunner - Transaction Date: 2025-09-25
2026-04-18 10:33:45 INFO  c.a.b.w.runner.CSVUploadRunner - Transaction Date: 2025-09-25
2026-04-18 10:33:45 INFO  c.a.b.w.runner.CSVUploadRunner - Transaction Date: 2025-09-25
2026-04-18 10:33:45 INFO  c.a.b.w.runner.CSVUploadRunner - Transaction Date: 2025-09-25
2026-04-18 10:33:45 INFO  c.a.b.w.runner.CSVUploadRunner - Transaction Date: 2025-09-25
2026-04-18 10:33:45 INFO  c.a.b.w.runner.CSVUploadRunner - Transaction Date: 2025-09-25
2026-04-18 10:33:45 INFO  c.a.b.w.runner.CSVUploadRunner - Transaction Date: 2025-09-25
2026-04-18 10:33:45 INFO  c.a.b.w.runner.CSVUploadRunner - Transaction Date: 2025-09-25
2026-04-18 10:33:45 INFO  c.a.b.w.runner.CSVUploadRunner - Transaction Date: 2025-09-24
2026-04-18 10:33:45 INFO  c.a.b.w.runner.CSVUploadRunner - Transaction Date: 2025-09-24
2026-04-18 10:33:45 INFO  c.a.b.w.runner.CSVUploadRunner - Transaction Date: 2025-09-24
2026-04-18 10:33:45 INFO  c.a.b.w.runner.CSVUploadRunner - Transaction Date: 2025-09-23
2026-04-18 10:33:45 INFO  c.a.b.w.runner.CSVUploadRunner - Transaction Date: 2025-09-23
2026-04-18 10:33:45 INFO  c.a.b.w.runner.CSVUploadRunner - Transaction Date: 2025-09-23
2026-04-18 10:33:45 INFO  c.a.b.w.runner.CSVUploadRunner - Transaction Date: 2025-09-22
2026-04-18 10:33:45 INFO  c.a.b.w.runner.CSVUploadRunner - Transaction Date: 2025-09-22
2026-04-18 10:33:45 INFO  c.a.b.w.runner.CSVUploadRunner - Transaction Date: 2025-09-22
2026-04-18 10:33:45 INFO  c.a.b.w.runner.CSVUploadRunner - Transaction Date: 2025-09-21
2026-04-18 10:33:45 INFO  c.a.b.w.runner.CSVUploadRunner - Transaction Date: 2025-09-21
2026-04-18 10:33:45 INFO  c.a.b.w.runner.CSVUploadRunner - Transaction Date: 2025-09-21
2026-04-18 10:33:45 INFO  c.a.b.w.runner.CSVUploadRunner - Transaction Date: 2025-09-21
2026-04-18 10:33:45 INFO  c.a.b.w.runner.CSVUploadRunner - Transaction Date: 2025-09-20
2026-04-18 10:33:45 INFO  c.a.b.w.runner.CSVUploadRunner - Transaction Date: 2025-09-19
2026-04-18 10:33:45 INFO  c.a.b.w.runner.CSVUploadRunner - Transaction Date: 2025-09-19
2026-04-18 10:33:45 INFO  c.a.b.w.runner.CSVUploadRunner - Transaction Date: 2025-09-19
2026-04-18 10:33:45 INFO  c.a.b.w.runner.CSVUploadRunner - Transaction Date: 2025-09-19
2026-04-18 10:33:45 INFO  c.a.b.w.runner.CSVUploadRunner - Transaction Date: 2025-09-18
2026-04-18 10:33:45 INFO  c.a.b.w.runner.CSVUploadRunner - Transaction Date: 2025-09-17
2026-04-18 10:33:45 INFO  c.a.b.w.runner.CSVUploadRunner - Transaction Date: 2025-09-17
2026-04-18 10:33:45 INFO  c.a.b.w.runner.CSVUploadRunner - Transaction Date: 2025-09-16
2026-04-18 10:33:45 INFO  c.a.b.w.runner.CSVUploadRunner - Transaction Date: 2025-09-15
2026-04-18 10:33:45 INFO  c.a.b.w.runner.CSVUploadRunner - Transaction Date: 2025-09-15
2026-04-18 10:33:45 INFO  c.a.b.w.runner.CSVUploadRunner - Transaction Date: 2025-09-12
2026-04-18 10:33:45 INFO  c.a.b.w.runner.CSVUploadRunner - Transaction Date: 2025-09-12
2026-04-18 10:33:45 INFO  c.a.b.w.runner.CSVUploadRunner - Transaction Date: 2025-09-12
2026-04-18 10:33:45 INFO  c.a.b.w.runner.CSVUploadRunner - Transaction Date: 2025-09-11
2026-04-18 10:33:45 INFO  c.a.b.w.runner.CSVUploadRunner - Transaction Date: 2025-09-11
2026-04-18 10:33:45 INFO  c.a.b.w.runner.CSVUploadRunner - Transaction Date: 2025-09-11
2026-04-18 10:33:45 INFO  c.a.b.w.runner.CSVUploadRunner - Transaction Date: 2025-09-11
2026-04-18 10:33:45 INFO  c.a.b.w.runner.CSVUploadRunner - Transaction Date: 2025-09-11
2026-04-18 10:33:45 INFO  c.a.b.w.runner.CSVUploadRunner - Transaction Date: 2025-09-10
2026-04-18 10:33:45 INFO  c.a.b.w.runner.CSVUploadRunner - Transaction Date: 2025-09-10
2026-04-18 10:33:45 INFO  c.a.b.w.runner.CSVUploadRunner - Transaction Date: 2025-09-10
2026-04-18 10:33:45 INFO  c.a.b.w.runner.CSVUploadRunner - Transaction Date: 2025-09-09
2026-04-18 10:33:45 INFO  c.a.b.w.runner.CSVUploadRunner - Transaction Date: 2025-09-09
2026-04-18 10:33:45 INFO  c.a.b.w.runner.CSVUploadRunner - Transaction Date: 2025-09-09
2026-04-18 10:33:45 INFO  c.a.b.w.runner.CSVUploadRunner - Transaction Date: 2025-09-09
2026-04-18 10:33:45 INFO  c.a.b.w.runner.CSVUploadRunner - Transaction Date: 2025-09-09
2026-04-18 10:33:45 INFO  c.a.b.w.runner.CSVUploadRunner - Transaction Date: 2025-09-09
2026-04-18 10:33:45 INFO  c.a.b.w.runner.CSVUploadRunner - Transaction Date: 2025-09-08
2026-04-18 10:33:45 INFO  c.a.b.w.runner.CSVUploadRunner - Transaction Date: 2025-09-08
2026-04-18 10:33:45 INFO  c.a.b.w.runner.CSVUploadRunner - Transaction Date: 2025-09-08
2026-04-18 10:33:45 INFO  c.a.b.w.runner.CSVUploadRunner - Transaction Date: 2025-09-08
2026-04-18 10:33:45 INFO  c.a.b.w.runner.CSVUploadRunner - Transaction Date: 2025-09-08
2026-04-18 10:33:45 INFO  c.a.b.w.runner.CSVUploadRunner - Transaction Date: 2025-09-08
2026-04-18 10:33:45 INFO  c.a.b.w.runner.CSVUploadRunner - Transaction Date: 2025-09-08
2026-04-18 10:33:45 INFO  c.a.b.w.runner.CSVUploadRunner - Transaction Date: 2025-09-07
2026-04-18 10:33:45 INFO  c.a.b.w.runner.CSVUploadRunner - Transaction Date: 2025-09-07
2026-04-18 10:33:45 INFO  c.a.b.w.runner.CSVUploadRunner - Transaction Date: 2025-09-06
2026-04-18 10:33:45 INFO  c.a.b.w.runner.CSVUploadRunner - Transaction Date: 2025-09-05
2026-04-18 10:33:45 INFO  c.a.b.w.runner.CSVUploadRunner - Transaction Date: 2025-09-04
2026-04-18 10:33:45 INFO  c.a.b.w.runner.CSVUploadRunner - Transaction Date: 2025-09-04
2026-04-18 10:33:45 INFO  c.a.b.w.runner.CSVUploadRunner - Transaction Date: 2025-09-04
2026-04-18 10:33:45 INFO  c.a.b.w.runner.CSVUploadRunner - Transaction Date: 2025-09-03
2026-04-18 10:33:45 INFO  c.a.b.w.runner.CSVUploadRunner - Transaction Date: 2025-09-03
2026-04-18 10:33:45 INFO  c.a.b.w.runner.CSVUploadRunner - Transaction Date: 2025-09-03
2026-04-18 10:33:45 INFO  c.a.b.w.runner.CSVUploadRunner - Transaction Date: 2025-09-01
2026-04-18 10:33:45 INFO  c.a.b.w.runner.CSVUploadRunner - Transaction Date: 2025-09-01
2026-04-18 10:33:45 INFO  c.a.b.w.runner.CSVUploadRunner - Transaction Date: 2025-09-01
2026-04-18 10:33:45 INFO  c.a.b.w.runner.CSVUploadRunner - Transaction Date: 2025-08-30
2026-04-18 10:33:45 INFO  c.a.b.w.runner.CSVUploadRunner - Transaction Date: 2025-08-29
2026-04-18 10:33:45 INFO  c.a.b.w.runner.CSVUploadRunner - Transaction Date: 2025-08-29
2026-04-18 10:33:45 INFO  c.a.b.w.runner.CSVUploadRunner - Transaction Date: 2025-08-29
2026-04-18 10:33:45 INFO  c.a.b.w.runner.CSVUploadRunner - Transaction Date: 2025-08-29
2026-04-18 10:33:45 INFO  c.a.b.w.runner.CSVUploadRunner - Transaction Date: 2025-08-28
2026-04-18 10:33:45 INFO  c.a.b.w.runner.CSVUploadRunner - Transaction Date: 2025-08-28
2026-04-18 10:33:45 INFO  c.a.b.w.runner.CSVUploadRunner - Transaction Date: 2025-08-28
2026-04-18 10:33:45 INFO  c.a.b.w.runner.CSVUploadRunner - Transaction Date: 2025-08-26
2026-04-18 10:33:45 INFO  c.a.b.w.runner.CSVUploadRunner - Transaction Date: 2025-08-26
2026-04-18 10:33:45 INFO  c.a.b.w.runner.CSVUploadRunner - Transaction Date: 2025-08-26
2026-04-18 10:33:45 INFO  c.a.b.w.runner.CSVUploadRunner - Transaction Date: 2025-08-25
2026-04-18 10:33:45 INFO  c.a.b.w.runner.CSVUploadRunner - Transaction Date: 2025-08-25
2026-04-18 10:33:45 INFO  c.a.b.w.runner.CSVUploadRunner - Transaction Date: 2025-08-25
2026-04-18 10:33:45 INFO  c.a.b.w.runner.CSVUploadRunner - Transaction Date: 2025-08-25
2026-04-18 10:33:45 INFO  c.a.b.w.runner.CSVUploadRunner - Transaction Date: 2025-08-25
2026-04-18 10:33:45 INFO  c.a.b.w.runner.CSVUploadRunner - Transaction Date: 2025-08-25
2026-04-18 10:33:45 INFO  c.a.b.w.runner.CSVUploadRunner - Transaction Date: 2025-08-25
2026-04-18 10:33:45 INFO  c.a.b.w.runner.CSVUploadRunner - Transaction Date: 2025-08-24
2026-04-18 10:33:45 INFO  c.a.b.w.runner.CSVUploadRunner - Transaction Date: 2025-08-23
2026-04-18 10:33:45 INFO  c.a.b.w.runner.CSVUploadRunner - Transaction Date: 2025-08-22
2026-04-18 10:33:45 INFO  c.a.b.w.runner.CSVUploadRunner - Transaction Date: 2025-08-22
2026-04-18 10:33:45 INFO  c.a.b.w.runner.CSVUploadRunner - Transaction Date: 2025-08-21
2026-04-18 10:33:45 INFO  c.a.b.w.runner.CSVUploadRunner - Transaction Date: 2025-08-20
2026-04-18 10:33:45 INFO  c.a.b.w.runner.CSVUploadRunner - Transaction Date: 2025-08-20
2026-04-18 10:33:45 INFO  c.a.b.w.runner.CSVUploadRunner - Transaction Date: 2025-08-20
2026-04-18 10:33:45 INFO  c.a.b.w.runner.CSVUploadRunner - Transaction Date: 2025-08-19
2026-04-18 10:33:45 INFO  c.a.b.w.runner.CSVUploadRunner - Transaction Date: 2025-08-19
2026-04-18 10:33:45 INFO  c.a.b.w.runner.CSVUploadRunner - Transaction Date: 2025-08-19
2026-04-18 10:33:45 INFO  c.a.b.w.runner.CSVUploadRunner - Transaction Date: 2025-08-18
2026-04-18 10:33:45 INFO  c.a.b.w.runner.CSVUploadRunner - Transaction Date: 2025-08-17
2026-04-18 10:33:45 INFO  c.a.b.w.runner.CSVUploadRunner - Transaction Date: 2025-08-17
2026-04-18 10:33:45 INFO  c.a.b.w.runner.CSVUploadRunner - Transaction Date: 2025-08-17
2026-04-18 10:33:45 INFO  c.a.b.w.runner.CSVUploadRunner - Transaction Date: 2025-08-16
2026-04-18 10:33:45 INFO  c.a.b.w.runner.CSVUploadRunner - Transaction Date: 2025-08-16
2026-04-18 10:33:45 INFO  c.a.b.w.runner.CSVUploadRunner - Transaction Date: 2025-08-16
2026-04-18 10:33:45 INFO  c.a.b.w.runner.CSVUploadRunner - Transaction Date: 2025-08-15
2026-04-18 10:33:45 INFO  c.a.b.w.runner.CSVUploadRunner - Transaction Date: 2025-08-15
2026-04-18 10:33:45 INFO  c.a.b.w.runner.CSVUploadRunner - Transaction Date: 2025-08-15
2026-04-18 10:33:45 INFO  c.a.b.w.runner.CSVUploadRunner - Transaction Date: 2025-08-14
2026-04-18 10:33:45 INFO  c.a.b.w.runner.CSVUploadRunner - Transaction Date: 2025-08-14
2026-04-18 10:33:45 INFO  c.a.b.w.runner.CSVUploadRunner - Transaction Date: 2025-08-14
2026-04-18 10:33:45 INFO  c.a.b.w.runner.CSVUploadRunner - Transaction Date: 2025-08-13
2026-04-18 10:33:45 INFO  c.a.b.w.runner.CSVUploadRunner - Transaction Date: 2025-08-13
2026-04-18 10:33:45 INFO  c.a.b.w.runner.CSVUploadRunner - Transaction Date: 2025-08-12
2026-04-18 10:33:45 INFO  c.a.b.w.runner.CSVUploadRunner - Transaction Date: 2025-08-12
2026-04-18 10:33:45 INFO  c.a.b.w.runner.CSVUploadRunner - Transaction Date: 2025-08-12
2026-04-18 10:33:45 INFO  c.a.b.w.runner.CSVUploadRunner - Transaction Date: 2025-08-12
2026-04-18 10:33:45 INFO  c.a.b.w.runner.CSVUploadRunner - Transaction Date: 2025-08-11
2026-04-18 10:33:45 INFO  c.a.b.w.runner.CSVUploadRunner - Transaction Date: 2025-08-11
2026-04-18 10:33:45 INFO  c.a.b.w.runner.CSVUploadRunner - Transaction Date: 2025-08-11
2026-04-18 10:33:45 INFO  c.a.b.w.runner.CSVUploadRunner - Transaction Date: 2025-08-10
2026-04-18 10:33:45 INFO  c.a.b.w.runner.CSVUploadRunner - Transaction Date: 2025-08-10
2026-04-18 10:33:45 INFO  c.a.b.w.runner.CSVUploadRunner - Transaction Date: 2025-08-10
2026-04-18 10:33:45 INFO  c.a.b.w.runner.CSVUploadRunner - Transaction Date: 2025-08-10
2026-04-18 10:33:45 INFO  c.a.b.w.runner.CSVUploadRunner - Transaction Date: 2025-08-09
2026-04-18 10:33:45 INFO  c.a.b.w.runner.CSVUploadRunner - Transaction Date: 2025-08-09
2026-04-18 10:33:45 INFO  c.a.b.w.runner.CSVUploadRunner - Transaction Date: 2025-08-08
2026-04-18 10:33:45 INFO  c.a.b.w.runner.CSVUploadRunner - Transaction Date: 2025-08-08
2026-04-18 10:33:45 INFO  c.a.b.w.runner.CSVUploadRunner - Transaction Date: 2025-08-08
2026-04-18 10:33:45 INFO  c.a.b.w.runner.CSVUploadRunner - Transaction Date: 2025-08-08
2026-04-18 10:33:45 INFO  c.a.b.w.runner.CSVUploadRunner - Transaction Date: 2025-08-07
2026-04-18 10:33:45 INFO  c.a.b.w.runner.CSVUploadRunner - Transaction Date: 2025-08-07
2026-04-18 10:33:45 INFO  c.a.b.w.runner.CSVUploadRunner - Transaction Date: 2025-08-07
2026-04-18 10:33:45 INFO  c.a.b.w.runner.CSVUploadRunner - Transaction Date: 2025-08-07
2026-04-18 10:33:45 INFO  c.a.b.w.runner.CSVUploadRunner - Transaction Date: 2025-08-07
2026-04-18 10:33:45 INFO  c.a.b.w.runner.CSVUploadRunner - Transaction Date: 2025-08-06
2026-04-18 10:33:45 INFO  c.a.b.w.runner.CSVUploadRunner - Transaction Date: 2025-08-06
2026-04-18 10:33:45 INFO  c.a.b.w.runner.CSVUploadRunner - Transaction Date: 2025-08-06
2026-04-18 10:33:45 INFO  c.a.b.w.runner.CSVUploadRunner - Transaction Date: 2025-08-06
2026-04-18 10:33:45 INFO  c.a.b.w.runner.CSVUploadRunner - Transaction Date: 2025-08-05
2026-04-18 10:33:45 INFO  c.a.b.w.runner.CSVUploadRunner - Transaction Date: 2025-08-05
2026-04-18 10:33:45 INFO  c.a.b.w.runner.CSVUploadRunner - Transaction Date: 2025-08-05
2026-04-18 10:33:45 INFO  c.a.b.w.runner.CSVUploadRunner - Transaction Date: 2025-08-05
2026-04-18 10:33:45 INFO  c.a.b.w.runner.CSVUploadRunner - Transaction Date: 2025-08-05
2026-04-18 10:33:45 INFO  c.a.b.w.runner.CSVUploadRunner - Transaction Date: 2025-08-04
2026-04-18 10:33:45 INFO  c.a.b.w.runner.CSVUploadRunner - Transaction Date: 2025-08-02
2026-04-18 10:33:45 INFO  c.a.b.w.runner.CSVUploadRunner - Transaction Date: 2025-08-01
2026-04-18 10:33:45 INFO  c.a.b.w.runner.CSVUploadRunner - Transaction Date: 2025-08-01
2026-04-18 10:33:45 INFO  c.a.b.w.runner.CSVUploadRunner - Transaction Date: 2025-08-01
2026-04-18 10:33:45 INFO  c.a.b.w.runner.CSVUploadRunner - Transaction Date: 2025-08-01
2026-04-18 10:33:45 INFO  c.a.b.w.runner.CSVUploadRunner - Transaction Date: 2025-07-31
2026-04-18 10:33:45 INFO  c.a.b.w.runner.CSVUploadRunner - Transaction Date: 2025-07-31
2026-04-18 10:33:45 INFO  c.a.b.w.runner.CSVUploadRunner - Transaction Date: 2025-07-31
2026-04-18 10:33:45 INFO  c.a.b.w.runner.CSVUploadRunner - Transaction Date: 2025-07-30
2026-04-18 10:33:45 INFO  c.a.b.w.runner.CSVUploadRunner - Transaction Date: 2025-07-29
2026-04-18 10:33:45 INFO  c.a.b.w.runner.CSVUploadRunner - Transaction Date: 2025-07-29
2026-04-18 10:33:45 INFO  c.a.b.w.runner.CSVUploadRunner - Transaction Date: 2025-07-29
2026-04-18 10:33:45 INFO  c.a.b.w.runner.CSVUploadRunner - Transaction Date: 2025-07-29
2026-04-18 10:33:45 INFO  c.a.b.w.runner.CSVUploadRunner - Transaction Date: 2025-07-29
2026-04-18 10:33:45 INFO  c.a.b.w.runner.CSVUploadRunner - Transaction Date: 2025-07-28
2026-04-18 10:33:45 INFO  c.a.b.w.runner.CSVUploadRunner - Transaction Date: 2025-07-28
2026-04-18 10:33:45 INFO  c.a.b.w.runner.CSVUploadRunner - Transaction Date: 2025-07-27
2026-04-18 10:33:45 INFO  c.a.b.w.runner.CSVUploadRunner - Transaction Date: 2025-07-26
2026-04-18 10:33:45 INFO  c.a.b.w.runner.CSVUploadRunner - Transaction Date: 2025-07-26
2026-04-18 10:33:45 INFO  c.a.b.w.runner.CSVUploadRunner - Transaction Date: 2025-07-25
2026-04-18 10:33:45 INFO  c.a.b.w.runner.CSVUploadRunner - Transaction Date: 2025-07-25
2026-04-18 10:33:45 INFO  c.a.b.w.runner.CSVUploadRunner - Transaction Date: 2025-07-25
2026-04-18 10:33:45 INFO  c.a.b.w.runner.CSVUploadRunner - Transaction Date: 2025-07-25
2026-04-18 10:33:45 INFO  c.a.b.w.runner.CSVUploadRunner - Transaction Date: 2025-07-25
2026-04-18 10:33:45 INFO  c.a.b.w.runner.CSVUploadRunner - Transaction Date: 2025-07-25
2026-04-18 10:33:45 INFO  c.a.b.w.runner.CSVUploadRunner - Transaction Date: 2025-07-24
2026-04-18 10:33:45 INFO  c.a.b.w.runner.CSVUploadRunner - Transaction Date: 2025-07-24
2026-04-18 10:33:45 INFO  c.a.b.w.runner.CSVUploadRunner - Transaction Date: 2025-07-23
2026-04-18 10:33:45 INFO  c.a.b.w.runner.CSVUploadRunner - Transaction Date: 2025-07-23
2026-04-18 10:33:45 INFO  c.a.b.w.runner.CSVUploadRunner - Transaction Date: 2025-07-23
2026-04-18 10:33:45 INFO  c.a.b.w.runner.CSVUploadRunner - Transaction Date: 2025-07-22
2026-04-18 10:33:45 INFO  c.a.b.w.runner.CSVUploadRunner - Transaction Date: 2025-07-22
2026-04-18 10:33:45 INFO  c.a.b.w.runner.CSVUploadRunner - Transaction Date: 2025-07-21
2026-04-18 10:33:45 INFO  c.a.b.w.runner.CSVUploadRunner - Transaction Date: 2025-07-18
2026-04-18 10:33:45 INFO  c.a.b.w.runner.CSVUploadRunner - Transaction Date: 2025-07-18
2026-04-18 10:33:45 INFO  c.a.b.w.runner.CSVUploadRunner - Transaction Date: 2025-07-17
2026-04-18 10:33:45 INFO  c.a.b.w.runner.CSVUploadRunner - Transaction Date: 2025-07-16
2026-04-18 10:33:45 INFO  c.a.b.w.runner.CSVUploadRunner - Transaction Date: 2025-07-16
2026-04-18 10:33:45 INFO  c.a.b.w.runner.CSVUploadRunner - Transaction Date: 2025-07-16
2026-04-18 10:33:45 INFO  c.a.b.w.runner.CSVUploadRunner - Transaction Date: 2025-07-16
2026-04-18 10:33:45 INFO  c.a.b.w.runner.CSVUploadRunner - Transaction Date: 2025-07-15
2026-04-18 10:33:45 INFO  c.a.b.w.runner.CSVUploadRunner - Transaction Date: 2025-07-15
2026-04-18 10:33:45 INFO  c.a.b.w.runner.CSVUploadRunner - Transaction Date: 2025-07-15
2026-04-18 10:33:45 INFO  c.a.b.w.runner.CSVUploadRunner - Transaction Date: 2025-07-14
2026-04-18 10:33:45 INFO  c.a.b.w.runner.CSVUploadRunner - Transaction Date: 2025-07-14
2026-04-18 10:33:45 INFO  c.a.b.w.runner.CSVUploadRunner - Transaction Date: 2025-07-13
2026-04-18 10:33:45 INFO  c.a.b.w.runner.CSVUploadRunner - Transaction Date: 2025-07-13
2026-04-18 10:33:45 INFO  c.a.b.w.runner.CSVUploadRunner - Transaction Date: 2025-07-13
2026-04-18 10:33:45 INFO  c.a.b.w.runner.CSVUploadRunner - Transaction Date: 2025-07-12
2026-04-18 10:33:45 INFO  c.a.b.w.runner.CSVUploadRunner - Transaction Date: 2025-07-12
2026-04-18 10:33:45 INFO  c.a.b.w.runner.CSVUploadRunner - Transaction Date: 2025-07-12
2026-04-18 10:33:45 INFO  c.a.b.w.runner.CSVUploadRunner - Transaction Date: 2025-07-11
2026-04-18 10:33:45 INFO  c.a.b.w.runner.CSVUploadRunner - Transaction Date: 2025-07-11
2026-04-18 10:33:45 INFO  c.a.b.w.runner.CSVUploadRunner - Transaction Date: 2025-07-11
2026-04-18 10:33:45 INFO  c.a.b.w.runner.CSVUploadRunner - Transaction Date: 2025-07-11
2026-04-18 10:33:45 INFO  c.a.b.w.runner.CSVUploadRunner - Transaction Date: 2025-07-10
2026-04-18 10:33:45 INFO  c.a.b.w.runner.CSVUploadRunner - Transaction Date: 2025-07-10
2026-04-18 10:33:45 INFO  c.a.b.w.runner.CSVUploadRunner - Transaction Date: 2025-07-10
2026-04-18 10:33:45 INFO  c.a.b.w.runner.CSVUploadRunner - Transaction Date: 2025-07-09
2026-04-18 10:33:45 INFO  c.a.b.w.runner.CSVUploadRunner - Transaction Date: 2025-07-09
2026-04-18 10:33:45 INFO  c.a.b.w.runner.CSVUploadRunner - Transaction Date: 2025-07-09
2026-04-18 10:33:45 INFO  c.a.b.w.runner.CSVUploadRunner - Transaction Date: 2025-07-09
2026-04-18 10:33:45 INFO  c.a.b.w.runner.CSVUploadRunner - Transaction Date: 2025-07-09
2026-04-18 10:33:45 INFO  c.a.b.w.runner.CSVUploadRunner - Transaction Date: 2025-07-08
2026-04-18 10:33:45 INFO  c.a.b.w.runner.CSVUploadRunner - Transaction Date: 2025-07-08
2026-04-18 10:33:45 INFO  c.a.b.w.runner.CSVUploadRunner - Transaction Date: 2025-07-08
2026-04-18 10:33:45 INFO  c.a.b.w.runner.CSVUploadRunner - Transaction Date: 2025-07-08
2026-04-18 10:33:45 INFO  c.a.b.w.runner.CSVUploadRunner - Transaction Date: 2025-07-08
2026-04-18 10:33:45 INFO  c.a.b.w.runner.CSVUploadRunner - Transaction Date: 2025-07-08
2026-04-18 10:33:45 INFO  c.a.b.w.runner.CSVUploadRunner - Transaction Date: 2025-07-08
2026-04-18 10:33:45 INFO  c.a.b.w.runner.CSVUploadRunner - Transaction Date: 2025-07-07
2026-04-18 10:33:45 INFO  c.a.b.w.runner.CSVUploadRunner - Transaction Date: 2025-07-07
2026-04-18 10:33:45 INFO  c.a.b.w.runner.CSVUploadRunner - Transaction Date: 2025-07-07
2026-04-18 10:33:45 INFO  c.a.b.w.runner.CSVUploadRunner - Transaction Date: 2025-07-07
2026-04-18 10:33:45 INFO  c.a.b.w.runner.CSVUploadRunner - Transaction Date: 2025-07-05
2026-04-18 10:33:45 INFO  c.a.b.w.runner.CSVUploadRunner - Transaction Date: 2025-07-04
2026-04-18 10:33:45 INFO  c.a.b.w.runner.CSVUploadRunner - Transaction Date: 2025-07-03
2026-04-18 10:33:45 INFO  c.a.b.w.runner.CSVUploadRunner - Transaction Date: 2025-07-03
2026-04-18 10:33:45 INFO  c.a.b.w.runner.CSVUploadRunner - Transaction Date: 2025-07-02
2026-04-18 10:33:45 INFO  c.a.b.w.runner.CSVUploadRunner - Transaction Date: 2025-07-02
2026-04-18 10:33:45 INFO  c.a.b.w.runner.CSVUploadRunner - Transaction Date: 2025-07-02
2026-04-18 10:33:45 INFO  c.a.b.w.runner.CSVUploadRunner - Transaction Date: 2025-07-01
2026-04-18 10:33:45 INFO  c.a.b.w.runner.CSVUploadRunner - Transaction Date: 2025-07-01
2026-04-18 10:33:45 INFO  c.a.b.w.runner.CSVUploadRunner - Transaction Date: 2025-07-01
2026-04-18 10:33:45 INFO  c.a.b.w.runner.CSVUploadRunner - Transaction Date: 2025-07-01
2026-04-18 10:33:45 INFO  c.a.b.w.runner.CSVUploadRunner - Transaction Date: 2025-07-01
2026-04-18 10:33:45 INFO  c.a.b.w.runner.CSVUploadRunner - Transaction Date: 2025-07-01
2026-04-18 10:33:45 INFO  c.a.b.w.runner.CSVUploadRunner - Transaction Date: 2025-06-30
2026-04-18 10:33:45 INFO  c.a.b.w.runner.CSVUploadRunner - Transaction Date: 2025-06-30
2026-04-18 10:33:45 INFO  c.a.b.w.runner.CSVUploadRunner - Transaction Date: 2025-06-29
2026-04-18 10:33:45 INFO  c.a.b.w.runner.CSVUploadRunner - Transaction Date: 2025-06-29
2026-04-18 10:33:45 INFO  c.a.b.w.runner.CSVUploadRunner - Transaction Date: 2025-06-28
2026-04-18 10:33:45 INFO  c.a.b.w.runner.CSVUploadRunner - Transaction Date: 2025-06-28
2026-04-18 10:33:45 INFO  c.a.b.w.runner.CSVUploadRunner - Transaction Date: 2025-06-27
2026-04-18 10:33:45 INFO  c.a.b.w.runner.CSVUploadRunner - Transaction Date: 2025-06-26
2026-04-18 10:33:45 INFO  c.a.b.w.runner.CSVUploadRunner - Transaction Date: 2025-06-26
2026-04-18 10:33:45 INFO  c.a.b.w.runner.CSVUploadRunner - Transaction Date: 2025-06-26
2026-04-18 10:33:45 INFO  c.a.b.w.runner.CSVUploadRunner - Transaction Date: 2025-06-25
2026-04-18 10:33:45 INFO  c.a.b.w.runner.CSVUploadRunner - Transaction Date: 2025-06-24
2026-04-18 10:33:45 INFO  c.a.b.w.runner.CSVUploadRunner - Transaction Date: 2025-06-22
2026-04-18 10:33:45 INFO  c.a.b.w.runner.CSVUploadRunner - Transaction Date: 2025-06-22
2026-04-18 10:33:45 INFO  c.a.b.w.runner.CSVUploadRunner - Transaction Date: 2025-06-21
2026-04-18 10:33:45 INFO  c.a.b.w.runner.CSVUploadRunner - Transaction Date: 2025-06-21
2026-04-18 10:33:45 INFO  c.a.b.w.runner.CSVUploadRunner - Transaction Date: 2025-06-21
2026-04-18 10:33:45 INFO  c.a.b.w.runner.CSVUploadRunner - Transaction Date: 2025-06-20
2026-04-18 10:33:45 INFO  c.a.b.w.runner.CSVUploadRunner - Transaction Date: 2025-06-19
2026-04-18 10:33:45 INFO  c.a.b.w.runner.CSVUploadRunner - Transaction Date: 2025-06-18
2026-04-18 10:33:45 INFO  c.a.b.w.runner.CSVUploadRunner - Transaction Date: 2025-06-18
2026-04-18 10:33:45 INFO  c.a.b.w.runner.CSVUploadRunner - Transaction Date: 2025-06-17
2026-04-18 10:33:45 INFO  c.a.b.w.runner.CSVUploadRunner - Transaction Date: 2025-06-17
2026-04-18 10:33:45 INFO  c.a.b.w.runner.CSVUploadRunner - Transaction Date: 2025-06-17
2026-04-18 10:33:45 INFO  c.a.b.w.runner.CSVUploadRunner - Transaction Date: 2025-06-16
2026-04-18 10:33:45 INFO  c.a.b.w.runner.CSVUploadRunner - Transaction Date: 2025-06-15
2026-04-18 10:33:45 INFO  c.a.b.w.runner.CSVUploadRunner - Transaction Date: 2025-06-15
2026-04-18 10:33:45 INFO  c.a.b.w.runner.CSVUploadRunner - Transaction Date: 2025-06-15
2026-04-18 10:33:45 INFO  c.a.b.w.runner.CSVUploadRunner - Transaction Date: 2025-06-15
2026-04-18 10:33:45 INFO  c.a.b.w.runner.CSVUploadRunner - Transaction Date: 2025-06-12
2026-04-18 10:33:45 INFO  c.a.b.w.runner.CSVUploadRunner - Transaction Date: 2025-06-12
2026-04-18 10:33:45 INFO  c.a.b.w.runner.CSVUploadRunner - Transaction Date: 2025-06-12
2026-04-18 10:33:45 INFO  c.a.b.w.runner.CSVUploadRunner - Transaction Date: 2025-06-11
2026-04-18 10:33:45 INFO  c.a.b.w.runner.CSVUploadRunner - Transaction Date: 2025-06-10
2026-04-18 10:33:45 INFO  c.a.b.w.runner.CSVUploadRunner - Transaction Date: 2025-06-10
2026-04-18 10:33:45 INFO  c.a.b.w.runner.CSVUploadRunner - Transaction Date: 2025-06-10
2026-04-18 10:33:45 INFO  c.a.b.w.runner.CSVUploadRunner - Transaction Date: 2025-06-10
2026-04-18 10:33:45 INFO  c.a.b.w.runner.CSVUploadRunner - Transaction Date: 2025-06-09
2026-04-18 10:33:45 INFO  c.a.b.w.runner.CSVUploadRunner - Transaction Date: 2025-06-09
2026-04-18 10:33:45 INFO  c.a.b.w.runner.CSVUploadRunner - Transaction Date: 2025-06-09
2026-04-18 10:33:45 INFO  c.a.b.w.runner.CSVUploadRunner - Transaction Date: 2025-06-08
2026-04-18 10:33:45 INFO  c.a.b.w.runner.CSVUploadRunner - Transaction Date: 2025-06-08
2026-04-18 10:33:45 INFO  c.a.b.w.runner.CSVUploadRunner - Transaction Date: 2025-06-07
2026-04-18 10:33:45 INFO  c.a.b.w.runner.CSVUploadRunner - Transaction Date: 2025-06-07
2026-04-18 10:33:45 INFO  c.a.b.w.runner.CSVUploadRunner - Transaction Date: 2025-06-06
2026-04-18 10:33:45 INFO  c.a.b.w.runner.CSVUploadRunner - Transaction Date: 2025-06-06
2026-04-18 10:33:45 INFO  c.a.b.w.runner.CSVUploadRunner - Transaction Date: 2025-06-06
2026-04-18 10:33:45 INFO  c.a.b.w.runner.CSVUploadRunner - Transaction Date: 2025-06-05
2026-04-18 10:33:45 INFO  c.a.b.w.runner.CSVUploadRunner - Transaction Date: 2025-06-05
2026-04-18 10:33:45 INFO  c.a.b.w.runner.CSVUploadRunner - Transaction Date: 2025-06-05
2026-04-18 10:33:45 INFO  c.a.b.w.runner.CSVUploadRunner - Transaction Date: 2025-06-05
2026-04-18 10:33:45 INFO  c.a.b.w.runner.CSVUploadRunner - Transaction Date: 2025-06-05
2026-04-18 10:33:45 INFO  c.a.b.w.runner.CSVUploadRunner - Transaction Date: 2025-06-05
2026-04-18 10:33:45 INFO  c.a.b.w.runner.CSVUploadRunner - Transaction Date: 2025-06-05
2026-04-18 10:33:45 INFO  c.a.b.w.runner.CSVUploadRunner - Transaction Date: 2025-06-05
2026-04-18 10:33:45 INFO  c.a.b.w.runner.CSVUploadRunner - Transaction Date: 2025-06-05
2026-04-18 10:33:45 INFO  c.a.b.w.runner.CSVUploadRunner - Transaction Date: 2025-06-04
2026-04-18 10:33:45 INFO  c.a.b.w.runner.CSVUploadRunner - Transaction Date: 2025-06-04
2026-04-18 10:33:45 INFO  c.a.b.w.runner.CSVUploadRunner - Transaction Date: 2025-06-04
2026-04-18 10:33:45 INFO  c.a.b.w.runner.CSVUploadRunner - Transaction Date: 2025-06-04
2026-04-18 10:33:45 INFO  c.a.b.w.runner.CSVUploadRunner - Transaction Date: 2025-06-03
2026-04-18 10:33:45 INFO  c.a.b.w.runner.CSVUploadRunner - Transaction Date: 2025-06-03
2026-04-18 10:33:45 INFO  c.a.b.w.runner.CSVUploadRunner - Transaction Date: 2025-06-03
2026-04-18 10:33:45 INFO  c.a.b.w.runner.CSVUploadRunner - Transaction Date: 2025-06-03
2026-04-18 10:33:45 INFO  c.a.b.w.runner.CSVUploadRunner - Transaction Date: 2025-06-03
2026-04-18 10:33:45 INFO  c.a.b.w.runner.CSVUploadRunner - Transaction Date: 2025-06-03
2026-04-18 10:33:45 INFO  c.a.b.w.runner.CSVUploadRunner - Transaction Date: 2025-06-02
2026-04-18 10:33:45 INFO  c.a.b.w.runner.CSVUploadRunner - Transaction Date: 2025-06-01
2026-04-18 10:33:45 INFO  c.a.b.w.runner.CSVUploadRunner - Transaction Date: 2025-05-31
2026-04-18 10:33:45 INFO  c.a.b.w.runner.CSVUploadRunner - Transaction Date: 2025-05-31
2026-04-18 10:33:45 INFO  c.a.b.w.runner.CSVUploadRunner - Transaction Date: 2025-05-30
2026-04-18 10:33:45 INFO  c.a.b.w.runner.CSVUploadRunner - Transaction Date: 2025-05-30
2026-04-18 10:33:45 INFO  c.a.b.w.runner.CSVUploadRunner - Transaction Date: 2025-05-30
2026-04-18 10:33:45 INFO  c.a.b.w.runner.CSVUploadRunner - Transaction Date: 2025-05-30
2026-04-18 10:33:45 INFO  c.a.b.w.runner.CSVUploadRunner - Transaction Date: 2025-05-30
2026-04-18 10:33:45 INFO  c.a.b.w.runner.CSVUploadRunner - Transaction Date: 2025-05-30
2026-04-18 10:33:45 INFO  c.a.b.w.runner.CSVUploadRunner - Transaction Date: 2025-05-29
2026-04-18 10:33:45 INFO  c.a.b.w.runner.CSVUploadRunner - Transaction Date: 2025-05-29
2026-04-18 10:33:45 INFO  c.a.b.w.runner.CSVUploadRunner - Transaction Date: 2025-05-28
2026-04-18 10:33:45 INFO  c.a.b.w.runner.CSVUploadRunner - Transaction Date: 2025-05-28
2026-04-18 10:33:45 INFO  c.a.b.w.runner.CSVUploadRunner - Transaction Date: 2025-05-28
2026-04-18 10:33:45 INFO  c.a.b.w.runner.CSVUploadRunner - Transaction Date: 2025-05-27
2026-04-18 10:33:45 INFO  c.a.b.w.runner.CSVUploadRunner - Transaction Date: 2025-05-27
2026-04-18 10:33:45 INFO  c.a.b.w.runner.CSVUploadRunner - Transaction Date: 2025-05-26
2026-04-18 10:33:45 INFO  c.a.b.w.runner.CSVUploadRunner - Transaction Date: 2025-05-26
2026-04-18 10:33:45 INFO  c.a.b.w.runner.CSVUploadRunner - Transaction Date: 2025-05-25
2026-04-18 10:33:45 INFO  c.a.b.w.runner.CSVUploadRunner - Transaction Date: 2025-05-24
2026-04-18 10:33:45 INFO  c.a.b.w.runner.CSVUploadRunner - Transaction Date: 2025-05-23
2026-04-18 10:33:45 INFO  c.a.b.w.runner.CSVUploadRunner - Transaction Date: 2025-05-22
2026-04-18 10:33:45 INFO  c.a.b.w.runner.CSVUploadRunner - Transaction Date: 2025-05-22
2026-04-18 10:33:45 INFO  c.a.b.w.runner.CSVUploadRunner - Transaction Date: 2025-05-22
2026-04-18 10:33:45 INFO  c.a.b.w.runner.CSVUploadRunner - Transaction Date: 2025-05-21
2026-04-18 10:33:45 INFO  c.a.b.w.runner.CSVUploadRunner - Transaction Date: 2025-05-21
2026-04-18 10:33:45 INFO  c.a.b.w.runner.CSVUploadRunner - Transaction Date: 2025-05-21
2026-04-18 10:33:45 INFO  c.a.b.w.runner.CSVUploadRunner - Transaction Date: 2025-05-20
2026-04-18 10:33:45 INFO  c.a.b.w.runner.CSVUploadRunner - Transaction Date: 2025-05-20
2026-04-18 10:33:45 INFO  c.a.b.w.runner.CSVUploadRunner - Transaction Date: 2025-05-19
2026-04-18 10:33:45 INFO  c.a.b.w.runner.CSVUploadRunner - Transaction Date: 2025-05-19
2026-04-18 10:33:45 INFO  c.a.b.w.runner.CSVUploadRunner - Transaction Date: 2025-05-19
2026-04-18 10:33:45 INFO  c.a.b.w.runner.CSVUploadRunner - Transaction Date: 2025-05-19
2026-04-18 10:33:45 INFO  c.a.b.w.runner.CSVUploadRunner - Transaction Date: 2025-05-18
2026-04-18 10:33:45 INFO  c.a.b.w.runner.CSVUploadRunner - Transaction Date: 2025-05-18
2026-04-18 10:33:45 INFO  c.a.b.w.runner.CSVUploadRunner - Transaction Date: 2025-05-18
2026-04-18 10:33:45 INFO  c.a.b.w.runner.CSVUploadRunner - Transaction Date: 2025-05-17
2026-04-18 10:33:45 INFO  c.a.b.w.runner.CSVUploadRunner - Transaction Date: 2025-05-17
2026-04-18 10:33:45 INFO  c.a.b.w.runner.CSVUploadRunner - Transaction Date: 2025-05-16
2026-04-18 10:33:45 INFO  c.a.b.w.runner.CSVUploadRunner - Transaction Date: 2025-05-16
2026-04-18 10:33:45 INFO  c.a.b.w.runner.CSVUploadRunner - Transaction Date: 2025-05-16
2026-04-18 10:33:45 INFO  c.a.b.w.runner.CSVUploadRunner - Transaction Date: 2025-05-16
2026-04-18 10:33:45 INFO  c.a.b.w.runner.CSVUploadRunner - Transaction Date: 2025-05-16
2026-04-18 10:33:45 INFO  c.a.b.w.runner.CSVUploadRunner - Transaction Date: 2025-05-15
2026-04-18 10:33:45 INFO  c.a.b.w.runner.CSVUploadRunner - Transaction Date: 2025-05-15
2026-04-18 10:33:45 INFO  c.a.b.w.runner.CSVUploadRunner - Transaction Date: 2025-05-15
2026-04-18 10:33:45 INFO  c.a.b.w.runner.CSVUploadRunner - Transaction Date: 2025-05-15
2026-04-18 10:33:45 INFO  c.a.b.w.runner.CSVUploadRunner - Transaction Date: 2025-05-15
2026-04-18 10:33:45 INFO  c.a.b.w.runner.CSVUploadRunner - Transaction Date: 2025-05-15
2026-04-18 10:33:45 INFO  c.a.b.w.runner.CSVUploadRunner - Transaction Date: 2025-05-14
2026-04-18 10:33:45 INFO  c.a.b.w.runner.CSVUploadRunner - Transaction Date: 2025-05-14
2026-04-18 10:33:45 INFO  c.a.b.w.runner.CSVUploadRunner - Transaction Date: 2025-05-14
2026-04-18 10:33:45 INFO  c.a.b.w.runner.CSVUploadRunner - Transaction Date: 2025-05-13
2026-04-18 10:33:45 INFO  c.a.b.w.runner.CSVUploadRunner - Transaction Date: 2025-05-13
2026-04-18 10:33:45 INFO  c.a.b.w.runner.CSVUploadRunner - Transaction Date: 2025-05-13
2026-04-18 10:33:45 INFO  c.a.b.w.runner.CSVUploadRunner - Transaction Date: 2025-05-13
2026-04-18 10:33:45 INFO  c.a.b.w.runner.CSVUploadRunner - Transaction Date: 2025-05-13
2026-04-18 10:33:45 INFO  c.a.b.w.runner.CSVUploadRunner - Transaction Date: 2025-05-13
2026-04-18 10:33:45 INFO  c.a.b.w.runner.CSVUploadRunner - Transaction Date: 2025-05-13
2026-04-18 10:33:45 INFO  c.a.b.w.runner.CSVUploadRunner - Transaction Date: 2025-05-13
2026-04-18 10:33:45 INFO  c.a.b.w.runner.CSVUploadRunner - Transaction Date: 2025-05-13
2026-04-18 10:33:45 INFO  c.a.b.w.runner.CSVUploadRunner - Transaction Date: 2025-05-13
2026-04-18 10:33:45 INFO  c.a.b.w.runner.CSVUploadRunner - Transaction Date: 2025-05-12
2026-04-18 10:33:45 INFO  c.a.b.w.runner.CSVUploadRunner - Transaction Date: 2025-05-12
2026-04-18 10:33:45 INFO  c.a.b.w.runner.CSVUploadRunner - Transaction Date: 2025-05-12
2026-04-18 10:33:45 INFO  c.a.b.w.runner.CSVUploadRunner - Transaction Date: 2025-05-12
2026-04-18 10:33:45 INFO  c.a.b.w.runner.CSVUploadRunner - Transaction Date: 2025-05-12
2026-04-18 10:33:45 INFO  c.a.b.w.runner.CSVUploadRunner - Transaction Date: 2025-05-12
2026-04-18 10:33:45 INFO  c.a.b.w.runner.CSVUploadRunner - Transaction Date: 2025-05-11
2026-04-18 10:33:45 INFO  c.a.b.w.runner.CSVUploadRunner - Transaction Date: 2025-05-10
2026-04-18 10:33:45 INFO  c.a.b.w.runner.CSVUploadRunner - Transaction Date: 2025-05-10
2026-04-18 10:33:45 INFO  c.a.b.w.runner.CSVUploadRunner - Transaction Date: 2025-05-09
2026-04-18 10:33:45 INFO  c.a.b.w.runner.CSVUploadRunner - Transaction Date: 2025-05-08
2026-04-18 10:33:45 INFO  c.a.b.w.runner.CSVUploadRunner - Transaction Date: 2025-05-08
2026-04-18 10:33:45 INFO  c.a.b.w.runner.CSVUploadRunner - Transaction Date: 2025-05-08
2026-04-18 10:33:45 INFO  c.a.b.w.runner.CSVUploadRunner - Transaction Date: 2025-05-08
2026-04-18 10:33:45 INFO  c.a.b.w.runner.CSVUploadRunner - Transaction Date: 2025-05-08
2026-04-18 10:33:45 INFO  c.a.b.w.runner.CSVUploadRunner - Transaction Date: 2025-05-07
2026-04-18 10:33:45 INFO  c.a.b.w.runner.CSVUploadRunner - Transaction Date: 2025-05-07
2026-04-18 10:33:45 INFO  c.a.b.w.runner.CSVUploadRunner - Transaction Date: 2025-05-07
2026-04-18 10:33:45 INFO  c.a.b.w.runner.CSVUploadRunner - Transaction Date: 2025-05-07
2026-04-18 10:33:45 INFO  c.a.b.w.runner.CSVUploadRunner - Transaction Date: 2025-05-06
2026-04-18 10:33:45 INFO  c.a.b.w.runner.CSVUploadRunner - Transaction Date: 2025-05-06
2026-04-18 10:33:45 INFO  c.a.b.w.runner.CSVUploadRunner - Transaction Date: 2025-05-05
2026-04-18 10:33:45 INFO  c.a.b.w.runner.CSVUploadRunner - Transaction Date: 2025-05-05
2026-04-18 10:33:45 INFO  c.a.b.w.runner.CSVUploadRunner - Transaction Date: 2025-05-05
2026-04-18 10:33:45 INFO  c.a.b.w.runner.CSVUploadRunner - Transaction Date: 2025-05-04
2026-04-18 10:33:45 INFO  c.a.b.w.runner.CSVUploadRunner - Transaction Date: 2025-05-03
2026-04-18 10:33:45 INFO  c.a.b.w.runner.CSVUploadRunner - Transaction Date: 2025-05-01
2026-04-18 10:33:45 INFO  c.a.b.w.runner.CSVUploadRunner - Transaction Date: 2025-05-01
2026-04-18 10:33:45 INFO  c.a.b.w.runner.CSVUploadRunner - Transaction Date: 2025-05-01
2026-04-18 10:33:45 INFO  c.a.b.w.runner.CSVUploadRunner - Transaction Date: 2025-04-30
2026-04-18 10:33:45 INFO  c.a.b.w.runner.CSVUploadRunner - Transaction Date: 2025-04-30
2026-04-18 10:33:45 INFO  c.a.b.w.runner.CSVUploadRunner - Transaction Date: 2025-04-30
2026-04-18 10:33:45 INFO  c.a.b.w.runner.CSVUploadRunner - Transaction Date: 2025-04-30
2026-04-18 10:33:45 INFO  c.a.b.w.runner.CSVUploadRunner - Transaction Date: 2025-04-30
2026-04-18 10:33:45 INFO  c.a.b.w.runner.CSVUploadRunner - Transaction Date: 2025-04-29
2026-04-18 10:33:45 INFO  c.a.b.w.runner.CSVUploadRunner - Transaction Date: 2025-04-29
2026-04-18 10:33:45 INFO  c.a.b.w.runner.CSVUploadRunner - Transaction Date: 2025-04-29
2026-04-18 10:33:45 INFO  c.a.b.w.runner.CSVUploadRunner - Transaction Date: 2025-04-29
2026-04-18 10:33:45 INFO  c.a.b.w.runner.CSVUploadRunner - Transaction Date: 2025-04-29
2026-04-18 10:33:45 INFO  c.a.b.w.runner.CSVUploadRunner - Transaction Date: 2025-04-28
2026-04-18 10:33:45 INFO  c.a.b.w.runner.CSVUploadRunner - Transaction Date: 2025-04-28
2026-04-18 10:33:45 INFO  c.a.b.w.runner.CSVUploadRunner - Transaction Date: 2025-04-28
2026-04-18 10:33:45 INFO  c.a.b.w.runner.CSVUploadRunner - Transaction Date: 2025-04-27
2026-04-18 10:33:45 INFO  c.a.b.w.runner.CSVUploadRunner - Transaction Date: 2025-04-26
2026-04-18 10:33:45 INFO  c.a.b.w.runner.CSVUploadRunner - Transaction Date: 2025-04-25
2026-04-18 10:33:45 INFO  c.a.b.w.runner.CSVUploadRunner - Transaction Date: 2025-04-22
2026-04-18 10:33:45 INFO  c.a.b.w.runner.CSVUploadRunner - Transaction Date: 2025-04-22
2026-04-18 10:33:45 INFO  c.a.b.w.runner.CSVUploadRunner - Transaction Date: 2025-04-22
2026-04-18 10:33:45 INFO  c.a.b.w.runner.CSVUploadRunner - Transaction Date: 2025-04-22
2026-04-18 10:33:45 INFO  c.a.b.w.runner.CSVUploadRunner - Transaction Date: 2025-04-22
2026-04-18 10:33:45 INFO  c.a.b.w.runner.CSVUploadRunner - Transaction Date: 2025-04-22
2026-04-18 10:33:45 INFO  c.a.b.w.runner.CSVUploadRunner - Transaction Date: 2025-04-21
2026-04-18 10:33:45 INFO  c.a.b.w.runner.CSVUploadRunner - Transaction Date: 2025-04-21
2026-04-18 10:33:45 INFO  c.a.b.w.runner.CSVUploadRunner - Transaction Date: 2025-04-21
2026-04-18 10:33:45 INFO  c.a.b.w.runner.CSVUploadRunner - Transaction Date: 2025-04-21
2026-04-18 10:33:45 INFO  c.a.b.w.runner.CSVUploadRunner - Transaction Date: 2025-04-20
2026-04-18 10:33:45 INFO  c.a.b.w.runner.CSVUploadRunner - Transaction Date: 2025-04-20
2026-04-18 10:33:45 INFO  c.a.b.w.runner.CSVUploadRunner - Transaction Date: 2025-04-19
2026-04-18 10:33:45 INFO  c.a.b.w.runner.CSVUploadRunner - Transaction Date: 2025-04-19
2026-04-18 10:33:45 INFO  c.a.b.w.runner.CSVUploadRunner - Transaction Date: 2025-04-19
2026-04-18 10:33:45 INFO  c.a.b.w.runner.CSVUploadRunner - Transaction Date: 2025-04-18
2026-04-18 10:33:45 INFO  c.a.b.w.runner.CSVUploadRunner - Transaction Date: 2025-04-18
2026-04-18 10:33:45 INFO  c.a.b.w.runner.CSVUploadRunner - Transaction Date: 2025-04-18
2026-04-18 10:33:45 INFO  c.a.b.w.runner.CSVUploadRunner - Transaction Date: 2025-04-17
2026-04-18 10:33:45 INFO  c.a.b.w.runner.CSVUploadRunner - Transaction Date: 2025-04-17
2026-04-18 10:33:45 INFO  c.a.b.w.runner.CSVUploadRunner - Transaction Date: 2025-04-16
2026-04-18 10:33:45 INFO  c.a.b.w.runner.CSVUploadRunner - Transaction Date: 2025-04-16
2026-04-18 10:33:45 INFO  c.a.b.w.runner.CSVUploadRunner - Transaction Date: 2025-04-16
2026-04-18 10:33:45 INFO  c.a.b.w.runner.CSVUploadRunner - Transaction Date: 2025-04-16
2026-04-18 10:33:45 INFO  c.a.b.w.runner.CSVUploadRunner - Transaction Date: 2025-04-16
2026-04-18 10:33:45 INFO  c.a.b.w.runner.CSVUploadRunner - Transaction Date: 2025-04-16
2026-04-18 10:33:45 INFO  c.a.b.w.runner.CSVUploadRunner - Transaction Date: 2025-04-15
2026-04-18 10:33:45 INFO  c.a.b.w.runner.CSVUploadRunner - Transaction Date: 2025-04-15
2026-04-18 10:33:45 INFO  c.a.b.w.runner.CSVUploadRunner - Transaction Date: 2025-04-15
2026-04-18 10:33:45 INFO  c.a.b.w.runner.CSVUploadRunner - Transaction Date: 2025-04-15
2026-04-18 10:33:45 INFO  c.a.b.w.runner.CSVUploadRunner - Transaction Date: 2025-04-15
2026-04-18 10:33:45 INFO  c.a.b.w.runner.CSVUploadRunner - Transaction Date: 2025-04-13
2026-04-18 10:33:45 INFO  c.a.b.w.runner.CSVUploadRunner - Transaction Date: 2025-04-12
2026-04-18 10:33:45 INFO  c.a.b.w.runner.CSVUploadRunner - Transaction Date: 2025-04-12
2026-04-18 10:33:45 INFO  c.a.b.w.runner.CSVUploadRunner - Transaction Date: 2025-04-11
2026-04-18 10:33:45 INFO  c.a.b.w.runner.CSVUploadRunner - Transaction Date: 2025-04-10
2026-04-18 10:33:45 INFO  c.a.b.w.runner.CSVUploadRunner - Transaction Date: 2025-04-10
2026-04-18 10:33:45 INFO  c.a.b.w.runner.CSVUploadRunner - Transaction Date: 2025-04-10
2026-04-18 10:33:45 INFO  c.a.b.w.runner.CSVUploadRunner - Transaction Date: 2025-04-10
2026-04-18 10:33:45 INFO  c.a.b.w.runner.CSVUploadRunner - Transaction Date: 2025-04-09
2026-04-18 10:33:45 INFO  c.a.b.w.runner.CSVUploadRunner - Transaction Date: 2025-04-09
2026-04-18 10:33:45 INFO  c.a.b.w.runner.CSVUploadRunner - Transaction Date: 2025-04-09
2026-04-18 10:33:45 INFO  c.a.b.w.runner.CSVUploadRunner - Transaction Date: 2025-04-08
2026-04-18 10:33:45 INFO  c.a.b.w.runner.CSVUploadRunner - Transaction Date: 2025-04-08
2026-04-18 10:33:45 INFO  c.a.b.w.runner.CSVUploadRunner - Transaction Date: 2025-04-08
2026-04-18 10:33:45 INFO  c.a.b.w.runner.CSVUploadRunner - Transaction Date: 2025-04-08
2026-04-18 10:33:45 INFO  c.a.b.w.runner.CSVUploadRunner - Transaction Date: 2025-04-07
2026-04-18 10:33:45 INFO  c.a.b.w.runner.CSVUploadRunner - Transaction Date: 2025-04-06
2026-04-18 10:33:45 INFO  c.a.b.w.runner.CSVUploadRunner - Transaction Date: 2025-04-06
2026-04-18 10:33:45 INFO  c.a.b.w.runner.CSVUploadRunner - Transaction Date: 2025-04-05
2026-04-18 10:33:45 INFO  c.a.b.w.runner.CSVUploadRunner - Transaction Date: 2025-04-04
2026-04-18 10:33:45 INFO  c.a.b.w.runner.CSVUploadRunner - Transaction Date: 2025-04-02
2026-04-18 10:33:45 INFO  c.a.b.w.runner.CSVUploadRunner - Transaction Date: 2025-04-02
2026-04-18 10:33:45 INFO  c.a.b.w.runner.CSVUploadRunner - Transaction Date: 2025-04-02
2026-04-18 10:33:45 INFO  c.a.b.w.runner.CSVUploadRunner - Transaction Date: 2025-04-02
2026-04-18 10:33:45 INFO  c.a.b.w.runner.CSVUploadRunner - Transaction Date: 2025-04-02
2026-04-18 10:33:45 INFO  c.a.b.w.runner.CSVUploadRunner - Transaction Date: 2025-04-02
2026-04-18 10:33:45 INFO  c.a.b.w.runner.CSVUploadRunner - Transaction Date: 2025-04-02
2026-04-18 10:33:45 INFO  c.a.b.w.runner.CSVUploadRunner - Transaction Date: 2025-04-01
2026-04-18 10:33:45 INFO  c.a.b.w.runner.CSVUploadRunner - Transaction Date: 2025-04-01
2026-04-18 10:33:45 INFO  c.a.b.w.runner.CSVUploadRunner - Transaction Date: 2025-04-01
2026-04-18 10:33:45 INFO  c.a.b.w.runner.CSVUploadRunner - Transaction Date: 2025-04-01
2026-04-18 10:33:45 INFO  c.a.b.w.runner.CSVUploadRunner - Transaction Date: 2025-03-31
2026-04-18 10:33:45 INFO  c.a.b.w.runner.CSVUploadRunner - Transaction Date: 2025-03-31
2026-04-18 10:33:45 INFO  c.a.b.w.runner.CSVUploadRunner - Transaction Date: 2025-03-30
2026-04-18 10:33:45 INFO  c.a.b.w.runner.CSVUploadRunner - Transaction Date: 2025-03-30
2026-04-18 10:33:45 INFO  c.a.b.w.runner.CSVUploadRunner - Transaction Date: 2025-03-30
2026-04-18 10:33:45 INFO  c.a.b.w.runner.CSVUploadRunner - Transaction Date: 2025-03-29
2026-04-18 10:33:45 INFO  c.a.b.w.runner.CSVUploadRunner - Transaction Date: 2025-03-29
2026-04-18 10:33:45 INFO  c.a.b.w.runner.CSVUploadRunner - Transaction Date: 2025-03-28
2026-04-18 10:33:45 INFO  c.a.b.w.runner.CSVUploadRunner - Transaction Date: 2025-03-28
2026-04-18 10:33:45 INFO  c.a.b.w.runner.CSVUploadRunner - Transaction Date: 2025-03-27
2026-04-18 10:33:45 INFO  c.a.b.w.runner.CSVUploadRunner - Transaction Date: 2025-03-27
2026-04-18 10:33:45 INFO  c.a.b.w.runner.CSVUploadRunner - Transaction Date: 2025-03-27
2026-04-18 10:33:45 INFO  c.a.b.w.runner.CSVUploadRunner - Transaction Date: 2025-03-26
2026-04-18 10:33:45 INFO  c.a.b.w.runner.CSVUploadRunner - Transaction Date: 2025-03-26
2026-04-18 10:33:45 INFO  c.a.b.w.runner.CSVUploadRunner - Transaction Date: 2025-03-26
2026-04-18 10:33:45 INFO  c.a.b.w.runner.CSVUploadRunner - Transaction Date: 2025-03-26
2026-04-18 10:33:45 INFO  c.a.b.w.runner.CSVUploadRunner - Transaction Date: 2025-03-25
2026-04-18 10:33:45 INFO  c.a.b.w.runner.CSVUploadRunner - Transaction Date: 2025-03-25
2026-04-18 10:33:45 INFO  c.a.b.w.runner.CSVUploadRunner - Transaction Date: 2025-03-25
2026-04-18 10:33:45 INFO  c.a.b.w.runner.CSVUploadRunner - Transaction Date: 2025-03-25
2026-04-18 10:33:45 INFO  c.a.b.w.runner.CSVUploadRunner - Transaction Date: 2025-03-24
2026-04-18 10:33:45 INFO  c.a.b.w.runner.CSVUploadRunner - Transaction Date: 2025-03-24
2026-04-18 10:33:45 INFO  c.a.b.w.runner.CSVUploadRunner - Transaction Date: 2025-03-24
2026-04-18 10:33:45 INFO  c.a.b.w.runner.CSVUploadRunner - Transaction Date: 2025-03-23
2026-04-18 10:33:45 INFO  c.a.b.w.runner.CSVUploadRunner - Transaction Date: 2025-03-22
2026-04-18 10:33:45 INFO  c.a.b.w.runner.CSVUploadRunner - Transaction Date: 2025-03-22
2026-04-18 10:33:45 INFO  c.a.b.w.runner.CSVUploadRunner - Transaction Date: 2025-03-21
2026-04-18 10:33:45 INFO  c.a.b.w.runner.CSVUploadRunner - Transaction Date: 2025-03-21
2026-04-18 10:33:45 INFO  c.a.b.w.runner.CSVUploadRunner - Transaction Date: 2025-03-21
2026-04-18 10:33:45 INFO  c.a.b.w.runner.CSVUploadRunner - Transaction Date: 2025-03-20
2026-04-18 10:33:45 INFO  c.a.b.w.runner.CSVUploadRunner - Transaction Date: 2025-03-20
2026-04-18 10:33:45 INFO  c.a.b.w.runner.CSVUploadRunner - Transaction Date: 2025-03-20
2026-04-18 10:33:45 INFO  c.a.b.w.runner.CSVUploadRunner - Transaction Date: 2025-03-20
2026-04-18 10:33:45 INFO  c.a.b.w.runner.CSVUploadRunner - Transaction Date: 2025-03-20
2026-04-18 10:33:45 INFO  c.a.b.w.runner.CSVUploadRunner - Transaction Date: 2025-03-19
2026-04-18 10:33:45 INFO  c.a.b.w.runner.CSVUploadRunner - Transaction Date: 2025-03-19
2026-04-18 10:33:45 INFO  c.a.b.w.runner.CSVUploadRunner - Transaction Date: 2025-03-19
2026-04-18 10:33:45 INFO  c.a.b.w.runner.CSVUploadRunner - Transaction Date: 2025-03-19
2026-04-18 10:33:45 INFO  c.a.b.w.runner.CSVUploadRunner - Transaction Date: 2025-03-18
2026-04-18 10:33:45 INFO  c.a.b.w.runner.CSVUploadRunner - Transaction Date: 2025-03-18
2026-04-18 10:33:45 INFO  c.a.b.w.runner.CSVUploadRunner - Transaction Date: 2025-03-18
2026-04-18 10:33:45 INFO  c.a.b.w.runner.CSVUploadRunner - Transaction Date: 2025-03-18
2026-04-18 10:33:45 INFO  c.a.b.w.runner.CSVUploadRunner - Transaction Date: 2025-03-18
2026-04-18 10:33:45 INFO  c.a.b.w.runner.CSVUploadRunner - Transaction Date: 2025-03-17
2026-04-18 10:33:45 INFO  c.a.b.w.runner.CSVUploadRunner - Transaction Date: 2025-03-17
2026-04-18 10:33:45 INFO  c.a.b.w.runner.CSVUploadRunner - Transaction Date: 2025-03-16
2026-04-18 10:33:45 INFO  c.a.b.w.runner.CSVUploadRunner - Transaction Date: 2025-03-16
2026-04-18 10:33:45 INFO  c.a.b.w.runner.CSVUploadRunner - Transaction Date: 2025-03-16
2026-04-18 10:33:45 INFO  c.a.b.w.runner.CSVUploadRunner - Transaction Date: 2025-03-16
2026-04-18 10:33:45 INFO  c.a.b.w.runner.CSVUploadRunner - Transaction Date: 2025-03-15
2026-04-18 10:33:45 INFO  c.a.b.w.runner.CSVUploadRunner - Transaction Date: 2025-03-15
2026-04-18 10:33:45 INFO  c.a.b.w.runner.CSVUploadRunner - Transaction Date: 2025-03-15
2026-04-18 10:33:45 INFO  c.a.b.w.runner.CSVUploadRunner - Transaction Date: 2025-03-15
2026-04-18 10:33:45 INFO  c.a.b.w.runner.CSVUploadRunner - Transaction Date: 2025-03-14
2026-04-18 10:33:45 INFO  c.a.b.w.runner.CSVUploadRunner - Transaction Date: 2025-03-14
2026-04-18 10:33:45 INFO  c.a.b.w.runner.CSVUploadRunner - Transaction Date: 2025-03-13
2026-04-18 10:33:45 INFO  c.a.b.w.runner.CSVUploadRunner - Transaction Date: 2025-03-13
2026-04-18 10:33:45 INFO  c.a.b.w.runner.CSVUploadRunner - Transaction Date: 2025-03-12
2026-04-18 10:33:45 INFO  c.a.b.w.runner.CSVUploadRunner - Transaction Date: 2025-03-11
2026-04-18 10:33:45 INFO  c.a.b.w.runner.CSVUploadRunner - Transaction Date: 2025-03-11
2026-04-18 10:33:45 INFO  c.a.b.w.runner.CSVUploadRunner - Transaction Date: 2025-03-11
2026-04-18 10:33:45 INFO  c.a.b.w.runner.CSVUploadRunner - Transaction Date: 2025-03-10
2026-04-18 10:33:45 INFO  c.a.b.w.runner.CSVUploadRunner - Transaction Date: 2025-03-10
2026-04-18 10:33:45 INFO  c.a.b.w.runner.CSVUploadRunner - Transaction Date: 2025-03-09
2026-04-18 10:33:45 INFO  c.a.b.w.runner.CSVUploadRunner - Transaction Date: 2025-03-08
2026-04-18 10:33:45 INFO  c.a.b.w.runner.CSVUploadRunner - Transaction Date: 2025-03-06
2026-04-18 10:33:45 INFO  c.a.b.w.runner.CSVUploadRunner - Transaction Date: 2025-03-06
2026-04-18 10:33:45 INFO  c.a.b.w.runner.CSVUploadRunner - Transaction Date: 2025-03-05
2026-04-18 10:33:45 INFO  c.a.b.w.runner.CSVUploadRunner - Transaction Date: 2025-03-05
2026-04-18 10:33:45 INFO  c.a.b.w.runner.CSVUploadRunner - Transaction Date: 2025-03-05
2026-04-18 10:33:45 INFO  c.a.b.w.runner.CSVUploadRunner - Transaction Date: 2025-03-05
2026-04-18 10:33:45 INFO  c.a.b.w.runner.CSVUploadRunner - Transaction Date: 2025-03-04
2026-04-18 10:33:45 INFO  c.a.b.w.runner.CSVUploadRunner - Transaction Date: 2025-03-04
2026-04-18 10:33:45 INFO  c.a.b.w.runner.CSVUploadRunner - Transaction Date: 2025-03-03
2026-04-18 10:33:45 INFO  c.a.b.w.runner.CSVUploadRunner - Transaction Date: 2025-03-03
2026-04-18 10:33:45 INFO  c.a.b.w.runner.CSVUploadRunner - Transaction Date: 2025-03-03
2026-04-18 10:33:45 INFO  c.a.b.w.runner.CSVUploadRunner - Transaction Date: 2025-03-03
2026-04-18 10:33:45 INFO  c.a.b.w.runner.CSVUploadRunner - Transaction Date: 2025-03-02
2026-04-18 10:33:45 INFO  c.a.b.w.runner.CSVUploadRunner - Transaction Date: 2025-03-02
2026-04-18 10:33:45 INFO  c.a.b.w.runner.CSVUploadRunner - Transaction Date: 2025-03-02
2026-04-18 10:33:45 INFO  c.a.b.w.runner.CSVUploadRunner - Transaction Date: 2025-03-02
2026-04-18 10:33:45 INFO  c.a.b.w.runner.CSVUploadRunner - Transaction Date: 2025-03-02
2026-04-18 10:33:45 INFO  c.a.b.w.runner.CSVUploadRunner - Transaction Date: 2025-03-02
2026-04-18 10:33:45 INFO  c.a.b.w.runner.CSVUploadRunner - Transaction Date: 2025-03-01
2026-04-18 10:33:45 INFO  c.a.b.w.runner.CSVUploadRunner - Transaction Date: 2025-03-01
2026-04-18 10:33:45 INFO  c.a.b.w.runner.CSVUploadRunner - Transaction Date: 2025-03-01
2026-04-18 10:33:45 INFO  c.a.b.w.runner.CSVUploadRunner - Transaction Date: 2025-03-01
2026-04-18 10:33:45 INFO  c.a.b.w.runner.CSVUploadRunner - Transaction Date: 2025-03-01
2026-04-18 10:33:45 INFO  c.a.b.w.runner.CSVUploadRunner - Transaction Date: 2025-02-28
2026-04-18 10:33:45 INFO  c.a.b.w.runner.CSVUploadRunner - Transaction Date: 2025-02-28
2026-04-18 10:33:45 INFO  c.a.b.w.runner.CSVUploadRunner - Transaction Date: 2025-02-28
2026-04-18 10:33:45 INFO  c.a.b.w.runner.CSVUploadRunner - Transaction Date: 2025-02-28
2026-04-18 10:33:45 INFO  c.a.b.w.runner.CSVUploadRunner - Transaction Date: 2025-02-28
2026-04-18 10:33:45 INFO  c.a.b.w.runner.CSVUploadRunner - Transaction Date: 2025-02-27
2026-04-18 10:33:45 INFO  c.a.b.w.runner.CSVUploadRunner - Transaction Date: 2025-02-26
2026-04-18 10:33:45 INFO  c.a.b.w.runner.CSVUploadRunner - Transaction Date: 2025-02-25
2026-04-18 10:33:45 INFO  c.a.b.w.runner.CSVUploadRunner - Transaction Date: 2025-02-24
2026-04-18 10:33:45 INFO  c.a.b.w.runner.CSVUploadRunner - Transaction Date: 2025-02-24
2026-04-18 10:33:45 INFO  c.a.b.w.runner.CSVUploadRunner - Transaction Date: 2025-02-23
2026-04-18 10:33:45 INFO  c.a.b.w.runner.CSVUploadRunner - Transaction Date: 2025-02-22
2026-04-18 10:33:45 INFO  c.a.b.w.runner.CSVUploadRunner - Transaction Date: 2025-02-21
2026-04-18 10:33:45 INFO  c.a.b.w.runner.CSVUploadRunner - Transaction Date: 2025-02-21
2026-04-18 10:33:45 INFO  c.a.b.w.runner.CSVUploadRunner - Transaction Date: 2025-02-20
2026-04-18 10:33:45 INFO  c.a.b.w.runner.CSVUploadRunner - Transaction Date: 2025-02-20
2026-04-18 10:33:45 INFO  c.a.b.w.runner.CSVUploadRunner - Transaction Date: 2025-02-19
2026-04-18 10:33:45 INFO  c.a.b.w.runner.CSVUploadRunner - Transaction Date: 2025-02-18
2026-04-18 10:33:45 INFO  c.a.b.w.runner.CSVUploadRunner - Transaction Date: 2025-02-18
2026-04-18 10:33:45 INFO  c.a.b.w.runner.CSVUploadRunner - Transaction Date: 2025-02-18
2026-04-18 10:33:45 INFO  c.a.b.w.runner.CSVUploadRunner - Transaction Date: 2025-02-18
2026-04-18 10:33:45 INFO  c.a.b.w.runner.CSVUploadRunner - Transaction Date: 2025-02-18
2026-04-18 10:33:45 INFO  c.a.b.w.runner.CSVUploadRunner - Transaction Date: 2025-02-18
2026-04-18 10:33:45 INFO  c.a.b.w.runner.CSVUploadRunner - Transaction Date: 2025-02-17
2026-04-18 10:33:45 INFO  c.a.b.w.runner.CSVUploadRunner - Transaction Date: 2025-02-17
2026-04-18 10:33:45 INFO  c.a.b.w.runner.CSVUploadRunner - Transaction Date: 2025-02-17
2026-04-18 10:33:45 INFO  c.a.b.w.runner.CSVUploadRunner - Transaction Date: 2025-02-17
2026-04-18 10:33:45 INFO  c.a.b.w.runner.CSVUploadRunner - Transaction Date: 2025-02-16
2026-04-18 10:33:45 INFO  c.a.b.w.runner.CSVUploadRunner - Transaction Date: 2025-02-16
2026-04-18 10:33:45 INFO  c.a.b.w.runner.CSVUploadRunner - Transaction Date: 2025-02-16
2026-04-18 10:33:45 INFO  c.a.b.w.runner.CSVUploadRunner - Transaction Date: 2025-02-16
2026-04-18 10:33:45 INFO  c.a.b.w.runner.CSVUploadRunner - Transaction Date: 2025-02-15
2026-04-18 10:33:45 INFO  c.a.b.w.runner.CSVUploadRunner - Transaction Date: 2025-02-15
2026-04-18 10:33:45 INFO  c.a.b.w.runner.CSVUploadRunner - Transaction Date: 2025-02-15
2026-04-18 10:33:45 INFO  c.a.b.w.runner.CSVUploadRunner - Transaction Date: 2025-02-15
2026-04-18 10:33:45 INFO  c.a.b.w.runner.CSVUploadRunner - Transaction Date: 2025-02-15
2026-04-18 10:33:45 INFO  c.a.b.w.runner.CSVUploadRunner - Transaction Date: 2025-02-15
2026-04-18 10:33:45 INFO  c.a.b.w.runner.CSVUploadRunner - Transaction Date: 2025-02-14
2026-04-18 10:33:45 INFO  c.a.b.w.runner.CSVUploadRunner - Transaction Date: 2025-02-14
2026-04-18 10:33:45 INFO  c.a.b.w.runner.CSVUploadRunner - Transaction Date: 2025-02-14
2026-04-18 10:33:45 INFO  c.a.b.w.runner.CSVUploadRunner - Transaction Date: 2025-02-13
2026-04-18 10:33:45 INFO  c.a.b.w.runner.CSVUploadRunner - Transaction Date: 2025-02-13
2026-04-18 10:33:45 INFO  c.a.b.w.runner.CSVUploadRunner - Transaction Date: 2025-02-13
2026-04-18 10:33:45 INFO  c.a.b.w.runner.CSVUploadRunner - Transaction Date: 2025-02-12
2026-04-18 10:33:45 INFO  c.a.b.w.runner.CSVUploadRunner - Transaction Date: 2025-02-12
2026-04-18 10:33:45 INFO  c.a.b.w.runner.CSVUploadRunner - Transaction Date: 2025-02-12
2026-04-18 10:33:45 INFO  c.a.b.w.runner.CSVUploadRunner - Transaction Date: 2025-02-12
2026-04-18 10:33:45 INFO  c.a.b.w.runner.CSVUploadRunner - Transaction Date: 2025-02-12
2026-04-18 10:33:45 INFO  c.a.b.w.runner.CSVUploadRunner - Transaction Date: 2025-02-11
2026-04-18 10:33:45 INFO  c.a.b.w.runner.CSVUploadRunner - Transaction Date: 2025-02-11
2026-04-18 10:33:45 INFO  c.a.b.w.runner.CSVUploadRunner - Transaction Date: 2025-02-10
2026-04-18 10:33:45 INFO  c.a.b.w.runner.CSVUploadRunner - Transaction Date: 2025-02-09
2026-04-18 10:33:45 INFO  c.a.b.w.runner.CSVUploadRunner - Transaction Date: 2025-02-09
2026-04-18 10:33:45 INFO  c.a.b.w.runner.CSVUploadRunner - Transaction Date: 2025-02-09
2026-04-18 10:33:45 INFO  c.a.b.w.runner.CSVUploadRunner - Transaction Date: 2025-02-09
2026-04-18 10:33:45 INFO  c.a.b.w.runner.CSVUploadRunner - Transaction Date: 2025-02-09
2026-04-18 10:33:45 INFO  c.a.b.w.runner.CSVUploadRunner - Transaction Date: 2025-02-08
2026-04-18 10:33:45 INFO  c.a.b.w.runner.CSVUploadRunner - Transaction Date: 2025-02-08
2026-04-18 10:33:45 INFO  c.a.b.w.runner.CSVUploadRunner - Transaction Date: 2025-02-08
2026-04-18 10:33:45 INFO  c.a.b.w.runner.CSVUploadRunner - Transaction Date: 2025-02-07
2026-04-18 10:33:45 INFO  c.a.b.w.runner.CSVUploadRunner - Transaction Date: 2025-02-07
2026-04-18 10:33:45 INFO  c.a.b.w.runner.CSVUploadRunner - Transaction Date: 2025-02-06
2026-04-18 10:33:45 INFO  c.a.b.w.runner.CSVUploadRunner - Transaction Date: 2025-02-05
2026-04-18 10:33:45 INFO  c.a.b.w.runner.CSVUploadRunner - Transaction Date: 2025-02-05
2026-04-18 10:33:45 INFO  c.a.b.w.runner.CSVUploadRunner - Transaction Date: 2025-02-04
2026-04-18 10:33:45 INFO  c.a.b.w.runner.CSVUploadRunner - Transaction Date: 2025-02-03
2026-04-18 10:33:45 INFO  c.a.b.w.runner.CSVUploadRunner - Transaction Date: 2025-02-03
2026-04-18 10:33:45 INFO  c.a.b.w.runner.CSVUploadRunner - Transaction Date: 2025-02-03
2026-04-18 10:33:45 INFO  c.a.b.w.runner.CSVUploadRunner - Transaction Date: 2025-02-02
2026-04-18 10:33:45 INFO  c.a.b.w.runner.CSVUploadRunner - Transaction Date: 2025-02-02
2026-04-18 10:33:45 INFO  c.a.b.w.runner.CSVUploadRunner - Transaction Date: 2025-02-02
2026-04-18 10:33:45 INFO  c.a.b.w.runner.CSVUploadRunner - Transaction Date: 2025-02-02
2026-04-18 10:33:45 INFO  c.a.b.w.runner.CSVUploadRunner - Transaction Date: 2025-02-01
2026-04-18 10:33:45 INFO  c.a.b.w.runner.CSVUploadRunner - Transaction Date: 2025-02-01
2026-04-18 10:33:45 INFO  c.a.b.w.runner.CSVUploadRunner - Transaction Date: 2025-01-31
2026-04-18 10:33:45 INFO  c.a.b.w.runner.CSVUploadRunner - Transaction Date: 2025-01-31
2026-04-18 10:33:45 INFO  c.a.b.w.runner.CSVUploadRunner - Transaction Date: 2025-01-30
2026-04-18 10:33:45 INFO  c.a.b.w.runner.CSVUploadRunner - Transaction Date: 2025-01-30
2026-04-18 10:33:45 INFO  c.a.b.w.runner.CSVUploadRunner - Transaction Date: 2025-01-29
2026-04-18 10:33:45 INFO  c.a.b.w.runner.CSVUploadRunner - Transaction Date: 2025-01-29
2026-04-18 10:33:45 INFO  c.a.b.w.runner.CSVUploadRunner - Transaction Date: 2025-01-28
2026-04-18 10:33:45 INFO  c.a.b.w.runner.CSVUploadRunner - Transaction Date: 2025-01-28
2026-04-18 10:33:45 INFO  c.a.b.w.runner.CSVUploadRunner - Transaction Date: 2025-01-27
2026-04-18 10:33:45 INFO  c.a.b.w.runner.CSVUploadRunner - Transaction Date: 2025-01-26
2026-04-18 10:33:45 INFO  c.a.b.w.runner.CSVUploadRunner - Transaction Date: 2025-01-26
2026-04-18 10:33:45 INFO  c.a.b.w.runner.CSVUploadRunner - Transaction Date: 2025-01-25
2026-04-18 10:33:45 INFO  c.a.b.w.runner.CSVUploadRunner - Transaction Date: 2025-01-24
2026-04-18 10:33:45 INFO  c.a.b.w.runner.CSVUploadRunner - Transaction Date: 2025-01-24
2026-04-18 10:33:45 INFO  c.a.b.w.runner.CSVUploadRunner - Transaction Date: 2025-01-23
2026-04-18 10:33:45 INFO  c.a.b.w.runner.CSVUploadRunner - Transaction Date: 2025-01-22
2026-04-18 10:33:45 INFO  c.a.b.w.runner.CSVUploadRunner - Transaction Date: 2025-01-21
2026-04-18 10:33:45 INFO  c.a.b.w.runner.CSVUploadRunner - Transaction Date: 2025-01-21
2026-04-18 10:33:45 INFO  c.a.b.w.runner.CSVUploadRunner - Transaction Date: 2025-01-21
2026-04-18 10:33:45 INFO  c.a.b.w.runner.CSVUploadRunner - Transaction Date: 2025-01-21
2026-04-18 10:33:45 INFO  c.a.b.w.runner.CSVUploadRunner - Transaction Date: 2025-01-19
2026-04-18 10:33:45 INFO  c.a.b.w.runner.CSVUploadRunner - Transaction Date: 2025-01-19
2026-04-18 10:33:45 INFO  c.a.b.w.runner.CSVUploadRunner - Transaction Date: 2025-01-19
2026-04-18 10:33:45 INFO  c.a.b.w.runner.CSVUploadRunner - Transaction Date: 2025-01-18
2026-04-18 10:33:45 INFO  c.a.b.w.runner.CSVUploadRunner - Transaction Date: 2025-01-18
2026-04-18 10:33:45 INFO  c.a.b.w.runner.CSVUploadRunner - Transaction Date: 2025-01-18
2026-04-18 10:33:45 INFO  c.a.b.w.runner.CSVUploadRunner - Transaction Date: 2025-01-17
2026-04-18 10:33:45 INFO  c.a.b.w.runner.CSVUploadRunner - Transaction Date: 2025-01-17
2026-04-18 10:33:45 INFO  c.a.b.w.runner.CSVUploadRunner - Transaction Date: 2025-01-17
2026-04-18 10:33:45 INFO  c.a.b.w.runner.CSVUploadRunner - Transaction Date: 2025-01-17
2026-04-18 10:33:45 INFO  c.a.b.w.runner.CSVUploadRunner - Transaction Date: 2025-01-16
2026-04-18 10:33:45 INFO  c.a.b.w.runner.CSVUploadRunner - Transaction Date: 2025-01-16
2026-04-18 10:33:45 INFO  c.a.b.w.runner.CSVUploadRunner - Transaction Date: 2025-01-16
2026-04-18 10:33:45 INFO  c.a.b.w.runner.CSVUploadRunner - Transaction Date: 2025-01-16
2026-04-18 10:33:45 INFO  c.a.b.w.runner.CSVUploadRunner - Transaction Date: 2025-01-16
2026-04-18 10:33:45 INFO  c.a.b.w.runner.CSVUploadRunner - Transaction Date: 2025-01-16
2026-04-18 10:33:45 INFO  c.a.b.w.runner.CSVUploadRunner - Transaction Date: 2025-01-15
2026-04-18 10:33:45 INFO  c.a.b.w.runner.CSVUploadRunner - Transaction Date: 2025-01-15
2026-04-18 10:33:45 INFO  c.a.b.w.runner.CSVUploadRunner - Transaction Date: 2025-01-15
2026-04-18 10:33:45 INFO  c.a.b.w.runner.CSVUploadRunner - Transaction Date: 2025-01-15
2026-04-18 10:33:45 INFO  c.a.b.w.runner.CSVUploadRunner - Transaction Date: 2025-01-15
2026-04-18 10:33:45 INFO  c.a.b.w.runner.CSVUploadRunner - Transaction Date: 2025-01-13
2026-04-18 10:33:45 INFO  c.a.b.w.runner.CSVUploadRunner - Transaction Date: 2025-01-13
2026-04-18 10:33:45 INFO  c.a.b.w.runner.CSVUploadRunner - Transaction Date: 2025-01-13
2026-04-18 10:33:45 INFO  c.a.b.w.runner.CSVUploadRunner - Transaction Date: 2025-01-13
2026-04-18 10:33:45 INFO  c.a.b.w.runner.CSVUploadRunner - Transaction Date: 2025-01-12
2026-04-18 10:33:45 INFO  c.a.b.w.runner.CSVUploadRunner - Transaction Date: 2025-01-12
2026-04-18 10:33:45 INFO  c.a.b.w.runner.CSVUploadRunner - Transaction Date: 2025-01-12
2026-04-18 10:33:45 INFO  c.a.b.w.runner.CSVUploadRunner - Transaction Date: 2025-01-11
2026-04-18 10:33:45 INFO  c.a.b.w.runner.CSVUploadRunner - Transaction Date: 2025-01-11
2026-04-18 10:33:45 INFO  c.a.b.w.runner.CSVUploadRunner - Transaction Date: 2025-01-11
2026-04-18 10:33:45 INFO  c.a.b.w.runner.CSVUploadRunner - Transaction Date: 2025-01-10
2026-04-18 10:33:45 INFO  c.a.b.w.runner.CSVUploadRunner - Transaction Date: 2025-01-09
2026-04-18 10:33:45 INFO  c.a.b.w.runner.CSVUploadRunner - Transaction Date: 2025-01-09
2026-04-18 10:33:45 INFO  c.a.b.w.runner.CSVUploadRunner - Transaction Date: 2025-01-09
2026-04-18 10:33:45 INFO  c.a.b.w.runner.CSVUploadRunner - Transaction Date: 2025-01-09
2026-04-18 10:33:45 INFO  c.a.b.w.runner.CSVUploadRunner - Transaction Date: 2025-01-08
2026-04-18 10:33:45 INFO  c.a.b.w.runner.CSVUploadRunner - Transaction Date: 2025-01-08
2026-04-18 10:33:45 INFO  c.a.b.w.runner.CSVUploadRunner - Transaction Date: 2025-01-07
2026-04-18 10:33:45 INFO  c.a.b.w.runner.CSVUploadRunner - Transaction Date: 2025-01-07
2026-04-18 10:33:45 INFO  c.a.b.w.runner.CSVUploadRunner - Transaction Date: 2025-01-06
2026-04-18 10:33:45 INFO  c.a.b.w.runner.CSVUploadRunner - Transaction Date: 2025-01-06
2026-04-18 10:33:45 INFO  c.a.b.w.runner.CSVUploadRunner - Transaction Date: 2025-01-06
2026-04-18 10:33:45 INFO  c.a.b.w.runner.CSVUploadRunner - Transaction Date: 2025-01-06
2026-04-18 10:33:45 INFO  c.a.b.w.runner.CSVUploadRunner - Transaction Date: 2025-01-06
2026-04-18 10:33:45 INFO  c.a.b.w.runner.CSVUploadRunner - Transaction Date: 2025-01-05
2026-04-18 10:33:45 INFO  c.a.b.w.runner.CSVUploadRunner - Transaction Date: 2025-01-05
2026-04-18 10:33:45 INFO  c.a.b.w.runner.CSVUploadRunner - Transaction Date: 2025-01-05
2026-04-18 10:33:45 INFO  c.a.b.w.runner.CSVUploadRunner - Transaction Date: 2025-01-04
2026-04-18 10:33:45 INFO  c.a.b.w.runner.CSVUploadRunner - Transaction Date: 2025-01-04
2026-04-18 10:33:45 INFO  c.a.b.w.runner.CSVUploadRunner - Transaction Date: 2025-01-03
2026-04-18 10:33:45 INFO  c.a.b.w.runner.CSVUploadRunner - Transaction Date: 2025-01-02
2026-04-18 10:33:45 INFO  c.a.b.w.runner.CSVUploadRunner - Transaction Date: 2025-01-02
2026-04-18 10:33:45 INFO  c.a.b.w.runner.CSVUploadRunner - Transaction Date: 2025-01-02
2026-04-18 10:33:45 INFO  c.a.b.w.runner.CSVUploadRunner - Transaction Date: 2025-01-01
2026-04-18 10:33:45 INFO  c.a.b.w.runner.CSVUploadRunner - Transaction Date: 2025-01-01
2026-04-18 10:33:45 INFO  c.a.b.w.runner.CSVUploadRunner - Transaction Date: 2024-12-31
2026-04-18 10:33:45 INFO  c.a.b.w.runner.CSVUploadRunner - Transaction Date: 2024-12-30
2026-04-18 10:33:45 INFO  c.a.b.w.runner.CSVUploadRunner - Transaction Date: 2024-12-29
2026-04-18 10:33:45 INFO  c.a.b.w.runner.CSVUploadRunner - Transaction Date: 2024-12-26
2026-04-18 10:33:45 INFO  c.a.b.w.runner.CSVUploadRunner - Transaction Date: 2024-12-24
2026-04-18 10:33:45 INFO  c.a.b.w.runner.CSVUploadRunner - Transaction Date: 2024-12-23
2026-04-18 10:33:45 INFO  c.a.b.w.runner.CSVUploadRunner - Transaction Date: 2024-12-23
2026-04-18 10:33:45 INFO  c.a.b.w.runner.CSVUploadRunner - Transaction Date: 2024-12-22
2026-04-18 10:33:45 INFO  c.a.b.w.runner.CSVUploadRunner - Transaction Date: 2024-12-21
2026-04-18 10:33:45 INFO  c.a.b.w.runner.CSVUploadRunner - Transaction Date: 2024-12-20
2026-04-18 10:33:45 INFO  c.a.b.w.runner.CSVUploadRunner - Transaction Date: 2024-12-19
2026-04-18 10:33:45 INFO  c.a.b.w.runner.CSVUploadRunner - Transaction Date: 2024-12-19
2026-04-18 10:33:45 INFO  c.a.b.w.runner.CSVUploadRunner - Transaction Date: 2024-12-19
2026-04-18 10:33:45 INFO  c.a.b.w.runner.CSVUploadRunner - Transaction Date: 2024-12-19
2026-04-18 10:33:45 INFO  c.a.b.w.runner.CSVUploadRunner - Transaction Date: 2024-12-18
2026-04-18 10:33:45 INFO  c.a.b.w.runner.CSVUploadRunner - Transaction Date: 2024-12-17
2026-04-18 10:33:45 INFO  c.a.b.w.runner.CSVUploadRunner - Transaction Date: 2024-12-17
2026-04-18 10:33:45 INFO  c.a.b.w.runner.CSVUploadRunner - Transaction Date: 2024-12-16
2026-04-18 10:33:45 INFO  c.a.b.w.runner.CSVUploadRunner - Transaction Date: 2024-12-16
2026-04-18 10:33:45 INFO  c.a.b.w.runner.CSVUploadRunner - Transaction Date: 2024-12-16
2026-04-18 10:33:45 INFO  c.a.b.w.runner.CSVUploadRunner - Transaction Date: 2024-12-16
2026-04-18 10:33:45 INFO  c.a.b.w.runner.CSVUploadRunner - Transaction Date: 2024-12-15
2026-04-18 10:33:45 INFO  c.a.b.w.runner.CSVUploadRunner - Transaction Date: 2024-12-15
2026-04-18 10:33:45 INFO  c.a.b.w.runner.CSVUploadRunner - Transaction Date: 2024-12-15
2026-04-18 10:33:45 INFO  c.a.b.w.runner.CSVUploadRunner - Transaction Date: 2024-12-15
2026-04-18 10:33:45 INFO  c.a.b.w.runner.CSVUploadRunner - Transaction Date: 2024-12-15
2026-04-18 10:33:45 INFO  c.a.b.w.runner.CSVUploadRunner - Transaction Date: 2024-12-15
2026-04-18 10:33:45 INFO  c.a.b.w.runner.CSVUploadRunner - Transaction Date: 2024-12-13
2026-04-18 10:33:45 INFO  c.a.b.w.runner.CSVUploadRunner - Transaction Date: 2024-12-13
2026-04-18 10:33:45 INFO  c.a.b.w.runner.CSVUploadRunner - Transaction Date: 2024-12-13
2026-04-18 10:33:45 INFO  c.a.b.w.runner.CSVUploadRunner - Transaction Date: 2024-12-13
2026-04-18 10:33:45 INFO  c.a.b.w.runner.CSVUploadRunner - Transaction Date: 2024-12-13
2026-04-18 10:33:45 INFO  c.a.b.w.runner.CSVUploadRunner - Transaction Date: 2024-12-13
2026-04-18 10:33:45 INFO  c.a.b.w.runner.CSVUploadRunner - Transaction Date: 2024-12-13
2026-04-18 10:33:45 INFO  c.a.b.w.runner.CSVUploadRunner - Transaction Date: 2024-12-12
2026-04-18 10:33:45 INFO  c.a.b.w.runner.CSVUploadRunner - Transaction Date: 2024-12-11
2026-04-18 10:33:45 INFO  c.a.b.w.runner.CSVUploadRunner - Transaction Date: 2024-12-11
2026-04-18 10:33:45 INFO  c.a.b.w.runner.CSVUploadRunner - Transaction Date: 2024-12-11
2026-04-18 10:33:45 INFO  c.a.b.w.runner.CSVUploadRunner - Transaction Date: 2024-12-11
2026-04-18 10:33:45 INFO  c.a.b.w.runner.CSVUploadRunner - Transaction Date: 2024-12-10
2026-04-18 10:33:45 INFO  c.a.b.w.runner.CSVUploadRunner - Transaction Date: 2024-12-09
2026-04-18 10:33:45 INFO  c.a.b.w.runner.CSVUploadRunner - Transaction Date: 2024-12-08
2026-04-18 10:33:45 INFO  c.a.b.w.runner.CSVUploadRunner - Transaction Date: 2024-12-08
2026-04-18 10:33:45 INFO  c.a.b.w.runner.CSVUploadRunner - Transaction Date: 2024-12-08
2026-04-18 10:33:45 INFO  c.a.b.w.runner.CSVUploadRunner - Transaction Date: 2024-12-07
2026-04-18 10:33:45 INFO  c.a.b.w.runner.CSVUploadRunner - Transaction Date: 2024-12-07
2026-04-18 10:33:45 INFO  c.a.b.w.runner.CSVUploadRunner - Transaction Date: 2024-12-06
2026-04-18 10:33:45 INFO  c.a.b.w.runner.CSVUploadRunner - Transaction Date: 2024-12-06
2026-04-18 10:33:45 INFO  c.a.b.w.runner.CSVUploadRunner - Transaction Date: 2024-12-05
2026-04-18 10:33:45 INFO  c.a.b.w.runner.CSVUploadRunner - Transaction Date: 2024-12-05
2026-04-18 10:33:45 INFO  c.a.b.w.runner.CSVUploadRunner - Transaction Date: 2024-12-05
2026-04-18 10:33:45 INFO  c.a.b.w.runner.CSVUploadRunner - Transaction Date: 2024-12-05
2026-04-18 10:33:45 INFO  c.a.b.w.runner.CSVUploadRunner - Transaction Date: 2024-12-05
2026-04-18 10:33:45 INFO  c.a.b.w.runner.CSVUploadRunner - Transaction Date: 2024-12-03
2026-04-18 10:33:45 INFO  c.a.b.w.runner.CSVUploadRunner - Transaction Date: 2024-12-03
2026-04-18 10:33:45 INFO  c.a.b.w.runner.CSVUploadRunner - Transaction Date: 2024-12-03
2026-04-18 10:33:45 INFO  c.a.b.w.runner.CSVUploadRunner - Transaction Date: 2024-12-02
2026-04-18 10:33:45 INFO  c.a.b.w.runner.CSVUploadRunner - Transaction Date: 2024-12-02
2026-04-18 10:33:45 INFO  c.a.b.w.runner.CSVUploadRunner - Transaction Date: 2024-12-02
2026-04-18 10:33:45 INFO  c.a.b.w.runner.CSVUploadRunner - Transaction Date: 2024-12-02
2026-04-18 10:33:45 INFO  c.a.b.w.runner.CSVUploadRunner - Transaction Date: 2024-12-01
2026-04-18 10:33:45 INFO  c.a.b.w.runner.CSVUploadRunner - Transaction Date: 2024-12-01
2026-04-18 10:33:45 INFO  c.a.b.w.runner.CSVUploadRunner - Transaction Date: 2024-12-01
2026-04-18 10:33:45 INFO  c.a.b.w.runner.CSVUploadRunner - Transaction Date: 2024-11-29
2026-04-18 10:33:45 INFO  c.a.b.w.runner.CSVUploadRunner - Transaction Date: 2024-11-29
2026-04-18 10:33:45 INFO  c.a.b.w.runner.CSVUploadRunner - Transaction Date: 2024-11-29
2026-04-18 10:33:45 INFO  c.a.b.w.runner.CSVUploadRunner - Transaction Date: 2024-11-28
2026-04-18 10:33:45 INFO  c.a.b.w.runner.CSVUploadRunner - Transaction Date: 2024-11-26
2026-04-18 10:33:45 INFO  c.a.b.w.runner.CSVUploadRunner - Transaction Date: 2024-11-25
2026-04-18 10:33:45 INFO  c.a.b.w.runner.CSVUploadRunner - Transaction Date: 2024-11-24
2026-04-18 10:33:45 INFO  c.a.b.w.runner.CSVUploadRunner - Transaction Date: 2024-11-24
2026-04-18 10:33:45 INFO  c.a.b.w.runner.CSVUploadRunner - Transaction Date: 2024-11-24
2026-04-18 10:33:45 INFO  c.a.b.w.runner.CSVUploadRunner - Transaction Date: 2024-11-24
2026-04-18 10:33:45 INFO  c.a.b.w.runner.CSVUploadRunner - Transaction Date: 2024-11-23
2026-04-18 10:33:45 INFO  c.a.b.w.runner.CSVUploadRunner - Transaction Date: 2024-11-23
2026-04-18 10:33:45 INFO  c.a.b.w.runner.CSVUploadRunner - Transaction Date: 2024-11-22
2026-04-18 10:33:45 INFO  c.a.b.w.runner.CSVUploadRunner - Transaction Date: 2024-11-21
2026-04-18 10:33:45 INFO  c.a.b.w.runner.CSVUploadRunner - Transaction Date: 2024-11-20
2026-04-18 10:33:45 INFO  c.a.b.w.runner.CSVUploadRunner - Transaction Date: 2024-11-20
2026-04-18 10:33:45 INFO  c.a.b.w.runner.CSVUploadRunner - Transaction Date: 2024-11-19
2026-04-18 10:33:45 INFO  c.a.b.w.runner.CSVUploadRunner - Transaction Date: 2024-11-19
2026-04-18 10:33:45 INFO  c.a.b.w.runner.CSVUploadRunner - Transaction Date: 2024-11-19
2026-04-18 10:33:45 INFO  c.a.b.w.runner.CSVUploadRunner - Transaction Date: 2024-11-19
2026-04-18 10:33:45 INFO  c.a.b.w.runner.CSVUploadRunner - Transaction Date: 2024-11-19
2026-04-18 10:33:45 INFO  c.a.b.w.runner.CSVUploadRunner - Transaction Date: 2024-11-18
2026-04-18 10:33:45 INFO  c.a.b.w.runner.CSVUploadRunner - Transaction Date: 2024-11-18
2026-04-18 10:33:45 INFO  c.a.b.w.runner.CSVUploadRunner - Transaction Date: 2024-11-18
2026-04-18 10:33:45 INFO  c.a.b.w.runner.CSVUploadRunner - Transaction Date: 2024-11-18
2026-04-18 10:33:45 INFO  c.a.b.w.runner.CSVUploadRunner - Transaction Date: 2024-11-17
2026-04-18 10:33:45 INFO  c.a.b.w.runner.CSVUploadRunner - Transaction Date: 2024-11-17
2026-04-18 10:33:45 INFO  c.a.b.w.runner.CSVUploadRunner - Transaction Date: 2024-11-17
2026-04-18 10:33:45 INFO  c.a.b.w.runner.CSVUploadRunner - Transaction Date: 2024-11-17
2026-04-18 10:33:45 INFO  c.a.b.w.runner.CSVUploadRunner - Transaction Date: 2024-11-16
2026-04-18 10:33:45 INFO  c.a.b.w.runner.CSVUploadRunner - Transaction Date: 2024-11-16
2026-04-18 10:33:45 INFO  c.a.b.w.runner.CSVUploadRunner - Transaction Date: 2024-11-16
2026-04-18 10:33:45 INFO  c.a.b.w.runner.CSVUploadRunner - Transaction Date: 2024-11-16
2026-04-18 10:33:45 INFO  c.a.b.w.runner.CSVUploadRunner - Transaction Date: 2024-11-15
2026-04-18 10:33:45 INFO  c.a.b.w.runner.CSVUploadRunner - Transaction Date: 2024-11-15
2026-04-18 10:33:45 INFO  c.a.b.w.runner.CSVUploadRunner - Transaction Date: 2024-11-15
2026-04-18 10:33:45 INFO  c.a.b.w.runner.CSVUploadRunner - Transaction Date: 2024-11-15
2026-04-18 10:33:45 INFO  c.a.b.w.runner.CSVUploadRunner - Transaction Date: 2024-11-14
2026-04-18 10:33:45 INFO  c.a.b.w.runner.CSVUploadRunner - Transaction Date: 2024-11-13
2026-04-18 10:33:45 INFO  c.a.b.w.runner.CSVUploadRunner - Transaction Date: 2024-11-12
2026-04-18 10:33:45 INFO  c.a.b.w.runner.CSVUploadRunner - Transaction Date: 2024-11-11
2026-04-18 10:33:45 INFO  c.a.b.w.runner.CSVUploadRunner - Transaction Date: 2024-11-10
2026-04-18 10:33:45 INFO  c.a.b.w.runner.CSVUploadRunner - Transaction Date: 2024-11-10
2026-04-18 10:33:45 INFO  c.a.b.w.runner.CSVUploadRunner - Transaction Date: 2024-11-09
2026-04-18 10:33:45 INFO  c.a.b.w.runner.CSVUploadRunner - Transaction Date: 2024-11-08
2026-04-18 10:33:45 INFO  c.a.b.w.runner.CSVUploadRunner - Transaction Date: 2024-11-08
2026-04-18 10:33:45 INFO  c.a.b.w.runner.CSVUploadRunner - Transaction Date: 2024-11-08
2026-04-18 10:33:45 INFO  c.a.b.w.runner.CSVUploadRunner - Transaction Date: 2024-11-08
2026-04-18 10:33:45 INFO  c.a.b.w.runner.CSVUploadRunner - Transaction Date: 2024-11-08
2026-04-18 10:33:45 INFO  c.a.b.w.runner.CSVUploadRunner - Transaction Date: 2024-11-07
2026-04-18 10:33:45 INFO  c.a.b.w.runner.CSVUploadRunner - Transaction Date: 2024-11-06
2026-04-18 10:33:45 INFO  c.a.b.w.runner.CSVUploadRunner - Transaction Date: 2024-11-06
2026-04-18 10:33:45 INFO  c.a.b.w.runner.CSVUploadRunner - Transaction Date: 2024-11-05
2026-04-18 10:33:45 INFO  c.a.b.w.runner.CSVUploadRunner - Transaction Date: 2024-11-05
2026-04-18 10:33:45 INFO  c.a.b.w.runner.CSVUploadRunner - Transaction Date: 2024-11-05
2026-04-18 10:33:45 INFO  c.a.b.w.runner.CSVUploadRunner - Transaction Date: 2024-11-05
2026-04-18 10:33:45 INFO  c.a.b.w.runner.CSVUploadRunner - Transaction Date: 2024-11-05
2026-04-18 10:33:45 INFO  c.a.b.w.runner.CSVUploadRunner - Transaction Date: 2024-11-05
2026-04-18 10:33:45 INFO  c.a.b.w.runner.CSVUploadRunner - Transaction Date: 2024-11-04
2026-04-18 10:33:45 INFO  c.a.b.w.runner.CSVUploadRunner - Transaction Date: 2024-11-04
2026-04-18 10:33:45 INFO  c.a.b.w.runner.CSVUploadRunner - Transaction Date: 2024-11-04
2026-04-18 10:33:45 INFO  c.a.b.w.runner.CSVUploadRunner - Transaction Date: 2024-11-04
2026-04-18 10:33:45 INFO  c.a.b.w.runner.CSVUploadRunner - Transaction Date: 2024-11-03
2026-04-18 10:33:45 INFO  c.a.b.w.runner.CSVUploadRunner - Transaction Date: 2024-11-03
2026-04-18 10:33:45 INFO  c.a.b.w.runner.CSVUploadRunner - Transaction Date: 2024-11-03
2026-04-18 10:33:45 INFO  c.a.b.w.runner.CSVUploadRunner - Transaction Date: 2024-11-02
2026-04-18 10:33:45 INFO  c.a.b.w.runner.CSVUploadRunner - Transaction Date: 2024-11-02
2026-04-18 10:33:45 INFO  c.a.b.w.runner.CSVUploadRunner - Transaction Date: 2024-11-01
2026-04-18 10:33:45 INFO  c.a.b.w.runner.CSVUploadRunner - Transaction Date: 2024-11-01
2026-04-18 10:33:45 INFO  c.a.b.w.runner.CSVUploadRunner - Transaction Date: 2024-10-31
2026-04-18 10:33:45 INFO  c.a.b.w.runner.CSVUploadRunner - Transaction Date: 2024-10-31
2026-04-18 10:33:45 INFO  c.a.b.w.runner.CSVUploadRunner - Transaction Date: 2024-10-31
2026-04-18 10:33:45 INFO  c.a.b.w.runner.CSVUploadRunner - Transaction Date: 2024-10-30
2026-04-18 10:33:45 INFO  c.a.b.w.runner.CSVUploadRunner - Transaction Date: 2024-10-29
2026-04-18 10:33:45 INFO  c.a.b.w.runner.CSVUploadRunner - Transaction Date: 2024-10-29
2026-04-18 10:33:45 INFO  c.a.b.w.runner.CSVUploadRunner - Transaction Date: 2024-10-29
2026-04-18 10:33:45 INFO  c.a.b.w.runner.CSVUploadRunner - Transaction Date: 2024-10-29
2026-04-18 10:33:45 INFO  c.a.b.w.runner.CSVUploadRunner - Transaction Date: 2024-10-28
2026-04-18 10:33:45 INFO  c.a.b.w.runner.CSVUploadRunner - Transaction Date: 2024-10-28
2026-04-18 10:33:45 INFO  c.a.b.w.runner.CSVUploadRunner - Transaction Date: 2024-10-28
2026-04-18 10:33:45 INFO  c.a.b.w.runner.CSVUploadRunner - Transaction Date: 2024-10-27
2026-04-18 10:33:45 INFO  c.a.b.w.runner.CSVUploadRunner - Transaction Date: 2024-10-26
2026-04-18 10:33:45 INFO  c.a.b.w.runner.CSVUploadRunner - Transaction Date: 2024-10-26
2026-04-18 10:33:45 INFO  c.a.b.w.runner.CSVUploadRunner - Transaction Date: 2024-10-24
2026-04-18 10:33:45 INFO  c.a.b.w.runner.CSVUploadRunner - Transaction Date: 2024-10-24
2026-04-18 10:33:45 INFO  c.a.b.w.runner.CSVUploadRunner - Transaction Date: 2024-10-23
2026-04-18 10:33:45 INFO  c.a.b.w.runner.CSVUploadRunner - Transaction Date: 2024-10-23
2026-04-18 10:33:45 INFO  c.a.b.w.runner.CSVUploadRunner - Transaction Date: 2024-10-22
2026-04-18 10:33:45 INFO  c.a.b.w.runner.CSVUploadRunner - Transaction Date: 2024-10-21
2026-04-18 10:33:45 INFO  c.a.b.w.runner.CSVUploadRunner - Transaction Date: 2024-10-21
2026-04-18 10:33:45 INFO  c.a.b.w.runner.CSVUploadRunner - Transaction Date: 2024-10-20
2026-04-18 10:33:45 INFO  c.a.b.w.runner.CSVUploadRunner - Transaction Date: 2024-10-20
2026-04-18 10:33:45 INFO  c.a.b.w.runner.CSVUploadRunner - Transaction Date: 2024-10-19
2026-04-18 10:33:45 INFO  c.a.b.w.runner.CSVUploadRunner - Transaction Date: 2024-10-19
2026-04-18 10:33:45 INFO  c.a.b.w.runner.CSVUploadRunner - Transaction Date: 2024-10-19
2026-04-18 10:33:45 INFO  c.a.b.w.runner.CSVUploadRunner - Transaction Date: 2024-10-18
2026-04-18 10:33:45 INFO  c.a.b.w.runner.CSVUploadRunner - Transaction Date: 2024-10-18
2026-04-18 10:33:45 INFO  c.a.b.w.runner.CSVUploadRunner - Transaction Date: 2024-10-18
2026-04-18 10:33:45 INFO  c.a.b.w.runner.CSVUploadRunner - Transaction Date: 2024-10-17
2026-04-18 10:33:45 INFO  c.a.b.w.runner.CSVUploadRunner - Transaction Date: 2024-10-17
2026-04-18 10:33:45 INFO  c.a.b.w.runner.CSVUploadRunner - Transaction Date: 2024-10-17
2026-04-18 10:33:45 INFO  c.a.b.w.runner.CSVUploadRunner - Transaction Date: 2024-10-16
2026-04-18 10:33:45 INFO  c.a.b.w.runner.CSVUploadRunner - Transaction Date: 2024-10-16
2026-04-18 10:33:45 INFO  c.a.b.w.runner.CSVUploadRunner - Transaction Date: 2024-10-16
2026-04-18 10:33:45 INFO  c.a.b.w.runner.CSVUploadRunner - Transaction Date: 2024-10-16
2026-04-18 10:33:45 INFO  c.a.b.w.runner.CSVUploadRunner - Transaction Date: 2024-10-16
2026-04-18 10:33:45 INFO  c.a.b.w.runner.CSVUploadRunner - Transaction Date: 2024-10-15
2026-04-18 10:33:45 INFO  c.a.b.w.runner.CSVUploadRunner - Transaction Date: 2024-10-15
2026-04-18 10:33:45 INFO  c.a.b.w.runner.CSVUploadRunner - Transaction Date: 2024-10-15
2026-04-18 10:33:45 INFO  c.a.b.w.runner.CSVUploadRunner - Transaction Date: 2024-10-15
2026-04-18 10:33:45 INFO  c.a.b.w.runner.CSVUploadRunner - Transaction Date: 2024-10-15
2026-04-18 10:33:45 INFO  c.a.b.w.runner.CSVUploadRunner - Transaction Date: 2024-10-14
2026-04-18 10:33:45 INFO  c.a.b.w.runner.CSVUploadRunner - Transaction Date: 2024-10-14
2026-04-18 10:33:45 INFO  c.a.b.w.runner.CSVUploadRunner - Transaction Date: 2024-10-14
2026-04-18 10:33:45 INFO  c.a.b.w.runner.CSVUploadRunner - Transaction Date: 2024-10-14
2026-04-18 10:33:45 INFO  c.a.b.w.runner.CSVUploadRunner - Transaction Date: 2024-10-13
2026-04-18 10:33:45 INFO  c.a.b.w.runner.CSVUploadRunner - Transaction Date: 2024-10-13
2026-04-18 10:33:45 INFO  c.a.b.w.runner.CSVUploadRunner - Transaction Date: 2024-10-13
2026-04-18 10:33:45 INFO  c.a.b.w.runner.CSVUploadRunner - Transaction Date: 2024-10-11
2026-04-18 10:33:45 INFO  c.a.b.w.runner.CSVUploadRunner - Transaction Date: 2024-10-11
2026-04-18 10:33:45 INFO  c.a.b.w.runner.CSVUploadRunner - Transaction Date: 2024-10-11
2026-04-18 10:33:45 INFO  c.a.b.w.runner.CSVUploadRunner - Transaction Date: 2024-10-11
2026-04-18 10:33:45 INFO  c.a.b.w.runner.CSVUploadRunner - Transaction Date: 2024-10-10
2026-04-18 10:33:45 INFO  c.a.b.w.runner.CSVUploadRunner - Transaction Date: 2024-10-10
2026-04-18 10:33:45 INFO  c.a.b.w.runner.CSVUploadRunner - Transaction Date: 2024-10-09
2026-04-18 10:33:45 INFO  c.a.b.w.runner.CSVUploadRunner - Transaction Date: 2024-10-09
2026-04-18 10:33:45 INFO  c.a.b.w.runner.CSVUploadRunner - Transaction Date: 2024-10-09
2026-04-18 10:33:45 INFO  c.a.b.w.runner.CSVUploadRunner - Transaction Date: 2024-10-08
2026-04-18 10:33:45 INFO  c.a.b.w.runner.CSVUploadRunner - Transaction Date: 2024-10-06
2026-04-18 10:33:45 INFO  c.a.b.w.runner.CSVUploadRunner - Transaction Date: 2024-10-05
2026-04-18 10:33:45 INFO  c.a.b.w.runner.CSVUploadRunner - Transaction Date: 2024-10-04
2026-04-18 10:33:45 INFO  c.a.b.w.runner.CSVUploadRunner - Transaction Date: 2024-10-04
2026-04-18 10:33:45 INFO  c.a.b.w.runner.CSVUploadRunner - Transaction Date: 2024-10-04
2026-04-18 10:33:45 INFO  c.a.b.w.runner.CSVUploadRunner - Transaction Date: 2024-10-04
2026-04-18 10:33:45 INFO  c.a.b.w.runner.CSVUploadRunner - Transaction Date: 2024-10-03
2026-04-18 10:33:45 INFO  c.a.b.w.runner.CSVUploadRunner - Transaction Date: 2024-10-03
2026-04-18 10:33:45 INFO  c.a.b.w.runner.CSVUploadRunner - Transaction Date: 2024-10-03
2026-04-18 10:33:45 INFO  c.a.b.w.runner.CSVUploadRunner - Transaction Date: 2024-10-03
2026-04-18 10:33:45 INFO  c.a.b.w.runner.CSVUploadRunner - Transaction Date: 2024-10-02
2026-04-18 10:33:45 INFO  c.a.b.w.runner.CSVUploadRunner - Transaction Date: 2024-10-02
2026-04-18 10:33:45 INFO  c.a.b.w.runner.CSVUploadRunner - Transaction Date: 2024-10-01
2026-04-18 10:33:45 INFO  c.a.b.w.runner.CSVUploadRunner - Transaction Date: 2024-10-01
2026-04-18 10:33:45 INFO  c.a.b.w.runner.CSVUploadRunner - Transaction Date: 2024-10-01
2026-04-18 10:33:45 INFO  c.a.b.w.runner.CSVUploadRunner - Transaction Date: 2024-09-30
2026-04-18 10:33:45 INFO  c.a.b.w.runner.CSVUploadRunner - Transaction Date: 2024-09-30
2026-04-18 10:33:45 INFO  c.a.b.w.runner.CSVUploadRunner - Transaction Date: 2024-09-30
2026-04-18 10:33:45 INFO  c.a.b.w.runner.CSVUploadRunner - Transaction Date: 2024-09-30
2026-04-18 10:33:45 INFO  c.a.b.w.runner.CSVUploadRunner - Transaction Date: 2024-09-29
2026-04-18 10:33:45 INFO  c.a.b.w.runner.CSVUploadRunner - Transaction Date: 2024-09-29
2026-04-18 10:33:45 INFO  c.a.b.w.runner.CSVUploadRunner - Transaction Date: 2024-09-29
2026-04-18 10:33:45 INFO  c.a.b.w.runner.CSVUploadRunner - Transaction Date: 2024-09-28
2026-04-18 10:33:45 INFO  c.a.b.w.runner.CSVUploadRunner - Transaction Date: 2024-09-28
2026-04-18 10:33:45 INFO  c.a.b.w.runner.CSVUploadRunner - Transaction Date: 2024-09-28
2026-04-18 10:33:45 INFO  c.a.b.w.runner.CSVUploadRunner - Transaction Date: 2024-09-26
2026-04-18 10:33:45 INFO  c.a.b.w.runner.CSVUploadRunner - Transaction Date: 2024-09-25
2026-04-18 10:33:45 INFO  c.a.b.w.runner.CSVUploadRunner - Transaction Date: 2024-09-25
2026-04-18 10:33:45 INFO  c.a.b.w.runner.CSVUploadRunner - Transaction Date: 2024-09-25
2026-04-18 10:33:45 INFO  c.a.b.w.runner.CSVUploadRunner - Transaction Date: 2024-09-24
2026-04-18 10:33:45 INFO  c.a.b.w.runner.CSVUploadRunner - Transaction Date: 2024-09-24
2026-04-18 10:33:45 INFO  c.a.b.w.runner.CSVUploadRunner - Transaction Date: 2024-09-23
2026-04-18 10:33:45 INFO  c.a.b.w.runner.CSVUploadRunner - Transaction Date: 2024-09-23
2026-04-18 10:33:45 INFO  c.a.b.w.runner.CSVUploadRunner - Transaction Date: 2024-09-22
2026-04-18 10:33:45 INFO  c.a.b.w.runner.CSVUploadRunner - Transaction Date: 2024-09-22
2026-04-18 10:33:45 INFO  c.a.b.w.runner.CSVUploadRunner - Transaction Date: 2024-09-21
2026-04-18 10:33:45 INFO  c.a.b.w.runner.CSVUploadRunner - Transaction Date: 2024-09-21
2026-04-18 10:33:45 INFO  c.a.b.w.runner.CSVUploadRunner - Transaction Date: 2024-09-21
2026-04-18 10:33:45 INFO  c.a.b.w.runner.CSVUploadRunner - Transaction Date: 2024-09-21
2026-04-18 10:33:45 INFO  c.a.b.w.runner.CSVUploadRunner - Transaction Date: 2024-09-20
2026-04-18 10:33:45 INFO  c.a.b.w.runner.CSVUploadRunner - Transaction Date: 2024-09-19
2026-04-18 10:33:45 INFO  c.a.b.w.runner.CSVUploadRunner - Transaction Date: 2024-09-19
2026-04-18 10:33:45 INFO  c.a.b.w.runner.CSVUploadRunner - Transaction Date: 2024-09-19
2026-04-18 10:33:45 INFO  c.a.b.w.runner.CSVUploadRunner - Transaction Date: 2024-09-18
2026-04-18 10:33:45 INFO  c.a.b.w.runner.CSVUploadRunner - Transaction Date: 2024-09-17
2026-04-18 10:33:45 INFO  c.a.b.w.runner.CSVUploadRunner - Transaction Date: 2024-09-17
2026-04-18 10:33:45 INFO  c.a.b.w.runner.CSVUploadRunner - Transaction Date: 2024-09-16
2026-04-18 10:33:45 INFO  c.a.b.w.runner.CSVUploadRunner - Transaction Date: 2024-09-16
2026-04-18 10:33:45 INFO  c.a.b.w.runner.CSVUploadRunner - Transaction Date: 2024-09-16
2026-04-18 10:33:45 INFO  c.a.b.w.runner.CSVUploadRunner - Transaction Date: 2024-09-15
2026-04-18 10:33:45 INFO  c.a.b.w.runner.CSVUploadRunner - Transaction Date: 2024-09-15
2026-04-18 10:33:45 INFO  c.a.b.w.runner.CSVUploadRunner - Transaction Date: 2024-09-15
2026-04-18 10:33:45 INFO  c.a.b.w.runner.CSVUploadRunner - Transaction Date: 2024-09-15
2026-04-18 10:33:45 INFO  c.a.b.w.runner.CSVUploadRunner - Transaction Date: 2024-09-15
2026-04-18 10:33:45 INFO  c.a.b.w.runner.CSVUploadRunner - Transaction Date: 2024-09-15
2026-04-18 10:33:45 INFO  c.a.b.w.runner.CSVUploadRunner - Transaction Date: 2024-09-14
2026-04-18 10:33:45 INFO  c.a.b.w.runner.CSVUploadRunner - Transaction Date: 2024-09-14
2026-04-18 10:33:45 INFO  c.a.b.w.runner.CSVUploadRunner - Transaction Date: 2024-09-14
2026-04-18 10:33:45 INFO  c.a.b.w.runner.CSVUploadRunner - Transaction Date: 2024-09-13
2026-04-18 10:33:45 INFO  c.a.b.w.runner.CSVUploadRunner - Transaction Date: 2024-09-13
2026-04-18 10:33:45 INFO  c.a.b.w.runner.CSVUploadRunner - Transaction Date: 2024-09-13
2026-04-18 10:33:45 INFO  c.a.b.w.runner.CSVUploadRunner - Transaction Date: 2024-09-13
2026-04-18 10:33:45 INFO  c.a.b.w.runner.CSVUploadRunner - Transaction Date: 2024-09-13
2026-04-18 10:33:45 INFO  c.a.b.w.runner.CSVUploadRunner - Transaction Date: 2024-09-12
2026-04-18 10:33:45 INFO  c.a.b.w.runner.CSVUploadRunner - Transaction Date: 2024-09-12
2026-04-18 10:33:45 INFO  c.a.b.w.runner.CSVUploadRunner - Transaction Date: 2024-09-12
2026-04-18 10:33:45 INFO  c.a.b.w.runner.CSVUploadRunner - Transaction Date: 2024-09-11
2026-04-18 10:33:45 INFO  c.a.b.w.runner.CSVUploadRunner - Transaction Date: 2024-09-11
2026-04-18 10:33:45 INFO  c.a.b.w.runner.CSVUploadRunner - Transaction Date: 2024-09-11
2026-04-18 10:33:45 INFO  c.a.b.w.runner.CSVUploadRunner - Transaction Date: 2024-09-11
2026-04-18 10:33:45 INFO  c.a.b.w.runner.CSVUploadRunner - Transaction Date: 2024-09-10
2026-04-18 10:33:45 INFO  c.a.b.w.runner.CSVUploadRunner - Transaction Date: 2024-09-10
2026-04-18 10:33:45 INFO  c.a.b.w.runner.CSVUploadRunner - Transaction Date: 2024-09-09
2026-04-18 10:33:45 INFO  c.a.b.w.runner.CSVUploadRunner - Transaction Date: 2024-09-09
2026-04-18 10:33:45 INFO  c.a.b.w.runner.CSVUploadRunner - Transaction Date: 2024-09-09
2026-04-18 10:33:45 INFO  c.a.b.w.runner.CSVUploadRunner - Transaction Date: 2024-09-08
2026-04-18 10:33:45 INFO  c.a.b.w.runner.CSVUploadRunner - Transaction Date: 2024-09-08
2026-04-18 10:33:45 INFO  c.a.b.w.runner.CSVUploadRunner - Transaction Date: 2024-09-05
2026-04-18 10:33:45 INFO  c.a.b.w.runner.CSVUploadRunner - Transaction Date: 2024-09-05
2026-04-18 10:33:45 INFO  c.a.b.w.runner.CSVUploadRunner - Transaction Date: 2024-09-05
2026-04-18 10:33:45 INFO  c.a.b.w.runner.CSVUploadRunner - Transaction Date: 2024-09-05
2026-04-18 10:33:45 INFO  c.a.b.w.runner.CSVUploadRunner - Transaction Date: 2024-09-05
2026-04-18 10:33:45 INFO  c.a.b.w.runner.CSVUploadRunner - Transaction Date: 2024-09-04
2026-04-18 10:33:45 INFO  c.a.b.w.runner.CSVUploadRunner - Transaction Date: 2024-09-04
2026-04-18 10:33:45 INFO  c.a.b.w.runner.CSVUploadRunner - Transaction Date: 2024-09-04
2026-04-18 10:33:45 INFO  c.a.b.w.runner.CSVUploadRunner - Transaction Date: 2024-09-04
2026-04-18 10:33:45 INFO  c.a.b.w.runner.CSVUploadRunner - Transaction Date: 2024-09-04
2026-04-18 10:33:45 INFO  c.a.b.w.runner.CSVUploadRunner - Transaction Date: 2024-09-04
2026-04-18 10:33:45 INFO  c.a.b.w.runner.CSVUploadRunner - Transaction Date: 2024-09-03
2026-04-18 10:33:45 INFO  c.a.b.w.runner.CSVUploadRunner - Transaction Date: 2024-09-03
2026-04-18 10:33:45 INFO  c.a.b.w.runner.CSVUploadRunner - Transaction Date: 2024-09-03
2026-04-18 10:33:45 INFO  c.a.b.w.runner.CSVUploadRunner - Transaction Date: 2024-09-03
2026-04-18 10:33:45 INFO  c.a.b.w.runner.CSVUploadRunner - Transaction Date: 2024-09-03
2026-04-18 10:33:45 INFO  c.a.b.w.runner.CSVUploadRunner - Transaction Date: 2024-09-03
2026-04-18 10:33:45 INFO  c.a.b.w.runner.CSVUploadRunner - Transaction Date: 2024-09-02
2026-04-18 10:33:45 INFO  c.a.b.w.runner.CSVUploadRunner - Transaction Date: 2024-09-01
2026-04-18 10:33:45 INFO  c.a.b.w.runner.CSVUploadRunner - Transaction Date: 2024-09-01
2026-04-18 10:33:45 INFO  c.a.b.w.runner.CSVUploadRunner - Transaction Date: 2024-08-30
2026-04-18 10:33:45 INFO  c.a.b.w.runner.CSVUploadRunner - Transaction Date: 2024-08-30
2026-04-18 10:33:45 INFO  c.a.b.w.runner.CSVUploadRunner - Transaction Date: 2024-08-30
2026-04-18 10:33:45 INFO  c.a.b.w.runner.CSVUploadRunner - Transaction Date: 2024-08-30
2026-04-18 10:33:45 INFO  c.a.b.w.runner.CSVUploadRunner - Transaction Date: 2024-08-30
2026-04-18 10:33:45 INFO  c.a.b.w.runner.CSVUploadRunner - Transaction Date: 2024-08-30
2026-04-18 10:33:45 INFO  c.a.b.w.runner.CSVUploadRunner - Transaction Date: 2024-08-29
2026-04-18 10:33:45 INFO  c.a.b.w.runner.CSVUploadRunner - Transaction Date: 2024-08-29
2026-04-18 10:33:45 INFO  c.a.b.w.runner.CSVUploadRunner - Transaction Date: 2024-08-29
2026-04-18 10:33:45 INFO  c.a.b.w.runner.CSVUploadRunner - Transaction Date: 2024-08-29
2026-04-18 10:33:45 INFO  c.a.b.w.runner.CSVUploadRunner - Transaction Date: 2024-08-29
2026-04-18 10:33:45 INFO  c.a.b.w.runner.CSVUploadRunner - Transaction Date: 2024-08-28
2026-04-18 10:33:45 INFO  c.a.b.w.runner.CSVUploadRunner - Transaction Date: 2024-08-28
2026-04-18 10:33:45 INFO  c.a.b.w.runner.CSVUploadRunner - Transaction Date: 2024-08-28
2026-04-18 10:33:45 INFO  c.a.b.w.runner.CSVUploadRunner - Transaction Date: 2024-08-26
2026-04-18 10:33:45 INFO  c.a.b.w.runner.CSVUploadRunner - Transaction Date: 2024-08-26
2026-04-18 10:33:45 INFO  c.a.b.w.runner.CSVUploadRunner - Transaction Date: 2024-08-25
2026-04-18 10:33:45 INFO  c.a.b.w.runner.CSVUploadRunner - Transaction Date: 2024-08-25
2026-04-18 10:33:45 INFO  c.a.b.w.runner.CSVUploadRunner - Transaction Date: 2024-08-24
2026-04-18 10:33:45 INFO  c.a.b.w.runner.CSVUploadRunner - Transaction Date: 2024-08-24
2026-04-18 10:33:45 INFO  c.a.b.w.runner.CSVUploadRunner - Transaction Date: 2024-08-23
2026-04-18 10:33:45 INFO  c.a.b.w.runner.CSVUploadRunner - Transaction Date: 2024-08-22
2026-04-18 10:33:45 INFO  c.a.b.w.runner.CSVUploadRunner - Transaction Date: 2024-08-22
2026-04-18 10:33:45 INFO  c.a.b.w.runner.CSVUploadRunner - Transaction Date: 2024-08-22
2026-04-18 10:33:45 INFO  c.a.b.w.runner.CSVUploadRunner - Transaction Date: 2024-08-20
2026-04-18 10:33:45 INFO  c.a.b.w.runner.CSVUploadRunner - Transaction Date: 2024-08-19
2026-04-18 10:33:45 INFO  c.a.b.w.runner.CSVUploadRunner - Transaction Date: 2024-08-19
2026-04-18 10:33:45 INFO  c.a.b.w.runner.CSVUploadRunner - Transaction Date: 2024-08-19
2026-04-18 10:33:45 INFO  c.a.b.w.runner.CSVUploadRunner - Transaction Date: 2024-08-19
2026-04-18 10:33:45 INFO  c.a.b.w.runner.CSVUploadRunner - Transaction Date: 2024-08-19
2026-04-18 10:33:45 INFO  c.a.b.w.runner.CSVUploadRunner - Transaction Date: 2024-08-19
2026-04-18 10:33:45 INFO  c.a.b.w.runner.CSVUploadRunner - Transaction Date: 2024-08-19
2026-04-18 10:33:45 INFO  c.a.b.w.runner.CSVUploadRunner - Transaction Date: 2024-08-18
2026-04-18 10:33:45 INFO  c.a.b.w.runner.CSVUploadRunner - Transaction Date: 2024-08-18
2026-04-18 10:33:45 INFO  c.a.b.w.runner.CSVUploadRunner - Transaction Date: 2024-08-17
2026-04-18 10:33:45 INFO  c.a.b.w.runner.CSVUploadRunner - Transaction Date: 2024-08-17
2026-04-18 10:33:45 INFO  c.a.b.w.runner.CSVUploadRunner - Transaction Date: 2024-08-17
2026-04-18 10:33:45 INFO  c.a.b.w.runner.CSVUploadRunner - Transaction Date: 2024-08-17
2026-04-18 10:33:45 INFO  c.a.b.w.runner.CSVUploadRunner - Transaction Date: 2024-08-16
2026-04-18 10:33:45 INFO  c.a.b.w.runner.CSVUploadRunner - Transaction Date: 2024-08-16
2026-04-18 10:33:45 INFO  c.a.b.w.runner.CSVUploadRunner - Transaction Date: 2024-08-16
2026-04-18 10:33:45 INFO  c.a.b.w.runner.CSVUploadRunner - Transaction Date: 2024-08-15
2026-04-18 10:33:45 INFO  c.a.b.w.runner.CSVUploadRunner - Transaction Date: 2024-08-15
2026-04-18 10:33:45 INFO  c.a.b.w.runner.CSVUploadRunner - Transaction Date: 2024-08-15
2026-04-18 10:33:45 INFO  c.a.b.w.runner.CSVUploadRunner - Transaction Date: 2024-08-15
2026-04-18 10:33:45 INFO  c.a.b.w.runner.CSVUploadRunner - Transaction Date: 2024-08-15
2026-04-18 10:33:45 INFO  c.a.b.w.runner.CSVUploadRunner - Transaction Date: 2024-08-14
2026-04-18 10:33:45 INFO  c.a.b.w.runner.CSVUploadRunner - Transaction Date: 2024-08-14
2026-04-18 10:33:45 INFO  c.a.b.w.runner.CSVUploadRunner - Transaction Date: 2024-08-14
2026-04-18 10:33:45 INFO  c.a.b.w.runner.CSVUploadRunner - Transaction Date: 2024-08-13
2026-04-18 10:33:45 INFO  c.a.b.w.runner.CSVUploadRunner - Transaction Date: 2024-08-13
2026-04-18 10:33:45 INFO  c.a.b.w.runner.CSVUploadRunner - Transaction Date: 2024-08-13
2026-04-18 10:33:45 INFO  c.a.b.w.runner.CSVUploadRunner - Transaction Date: 2024-08-12
2026-04-18 10:33:45 INFO  c.a.b.w.runner.CSVUploadRunner - Transaction Date: 2024-08-12
2026-04-18 10:33:45 INFO  c.a.b.w.runner.CSVUploadRunner - Transaction Date: 2024-08-12
2026-04-18 10:33:45 INFO  c.a.b.w.runner.CSVUploadRunner - Transaction Date: 2024-08-11
2026-04-18 10:33:45 INFO  c.a.b.w.runner.CSVUploadRunner - Transaction Date: 2024-08-11
2026-04-18 10:33:45 INFO  c.a.b.w.runner.CSVUploadRunner - Transaction Date: 2024-08-11
2026-04-18 10:33:45 INFO  c.a.b.w.runner.CSVUploadRunner - Transaction Date: 2024-08-11
2026-04-18 10:33:45 INFO  c.a.b.w.runner.CSVUploadRunner - Transaction Date: 2024-08-11
2026-04-18 10:33:45 INFO  c.a.b.w.runner.CSVUploadRunner - Transaction Date: 2024-08-11
2026-04-18 10:33:45 INFO  c.a.b.w.runner.CSVUploadRunner - Transaction Date: 2024-08-11
2026-04-18 10:33:45 INFO  c.a.b.w.runner.CSVUploadRunner - Transaction Date: 2024-08-10
2026-04-18 10:33:45 INFO  c.a.b.w.runner.CSVUploadRunner - Transaction Date: 2024-08-09
2026-04-18 10:33:45 INFO  c.a.b.w.runner.CSVUploadRunner - Transaction Date: 2024-08-09
2026-04-18 10:33:45 INFO  c.a.b.w.runner.CSVUploadRunner - Transaction Date: 2024-08-08
2026-04-18 10:33:45 INFO  c.a.b.w.runner.CSVUploadRunner - Transaction Date: 2024-08-07
2026-04-18 10:33:45 INFO  c.a.b.w.runner.CSVUploadRunner - Transaction Date: 2024-08-06
2026-04-18 10:33:45 INFO  c.a.b.w.runner.CSVUploadRunner - Transaction Date: 2024-08-06
2026-04-18 10:33:45 INFO  c.a.b.w.runner.CSVUploadRunner - Transaction Date: 2024-08-06
2026-04-18 10:33:45 INFO  c.a.b.w.runner.CSVUploadRunner - Transaction Date: 2024-08-06
2026-04-18 10:33:45 INFO  c.a.b.w.runner.CSVUploadRunner - Transaction Date: 2024-08-06
2026-04-18 10:33:45 INFO  c.a.b.w.runner.CSVUploadRunner - Transaction Date: 2024-08-06
2026-04-18 10:33:45 INFO  c.a.b.w.runner.CSVUploadRunner - Transaction Date: 2024-08-06
2026-04-18 10:33:45 INFO  c.a.b.w.runner.CSVUploadRunner - Transaction Date: 2024-08-04
2026-04-18 10:33:45 INFO  c.a.b.w.runner.CSVUploadRunner - Transaction Date: 2024-08-03
2026-04-18 10:33:45 INFO  c.a.b.w.runner.CSVUploadRunner - Transaction Date: 2024-08-03
2026-04-18 10:33:45 INFO  c.a.b.w.runner.CSVUploadRunner - Transaction Date: 2024-08-03
2026-04-18 10:33:45 INFO  c.a.b.w.runner.CSVUploadRunner - Transaction Date: 2024-08-03
2026-04-18 10:33:45 INFO  c.a.b.w.runner.CSVUploadRunner - Transaction Date: 2024-08-03
2026-04-18 10:33:45 INFO  c.a.b.w.runner.CSVUploadRunner - Transaction Date: 2024-08-03
2026-04-18 10:33:45 INFO  c.a.b.w.runner.CSVUploadRunner - Transaction Date: 2024-08-02
2026-04-18 10:33:45 INFO  c.a.b.w.runner.CSVUploadRunner - Transaction Date: 2024-08-02
2026-04-18 10:33:45 INFO  c.a.b.w.runner.CSVUploadRunner - Transaction Date: 2024-08-02
2026-04-18 10:33:45 INFO  c.a.b.w.runner.CSVUploadRunner - Transaction Date: 2024-08-02
2026-04-18 10:33:45 INFO  c.a.b.w.runner.CSVUploadRunner - Transaction Date: 2024-08-01
2026-04-18 10:33:45 INFO  c.a.b.w.runner.CSVUploadRunner - Transaction Date: 2024-08-01
2026-04-18 10:33:45 INFO  c.a.b.w.runner.CSVUploadRunner - Transaction Date: 2024-08-01
2026-04-18 10:33:45 INFO  c.a.b.w.runner.CSVUploadRunner - Transaction Date: 2024-08-01
2026-04-18 10:33:45 INFO  c.a.b.w.runner.CSVUploadRunner - Transaction Date: 2024-07-31
2026-04-18 10:33:45 INFO  c.a.b.w.runner.CSVUploadRunner - Transaction Date: 2024-07-31
2026-04-18 10:33:45 INFO  c.a.b.w.runner.CSVUploadRunner - Transaction Date: 2024-07-31
2026-04-18 10:33:45 INFO  c.a.b.w.runner.CSVUploadRunner - Transaction Date: 2024-07-30
2026-04-18 10:33:45 INFO  c.a.b.w.runner.CSVUploadRunner - Transaction Date: 2024-07-29
2026-04-18 10:33:45 INFO  c.a.b.w.runner.CSVUploadRunner - Transaction Date: 2024-07-28
2026-04-18 10:33:45 INFO  c.a.b.w.runner.CSVUploadRunner - Transaction Date: 2024-07-26
2026-04-18 10:33:45 INFO  c.a.b.w.runner.CSVUploadRunner - Transaction Date: 2024-07-26
2026-04-18 10:33:45 INFO  c.a.b.w.runner.CSVUploadRunner - Transaction Date: 2024-07-25
2026-04-18 10:33:45 INFO  c.a.b.w.runner.CSVUploadRunner - Transaction Date: 2024-07-25
2026-04-18 10:33:45 INFO  c.a.b.w.runner.CSVUploadRunner - Transaction Date: 2024-07-25
2026-04-18 10:33:45 INFO  c.a.b.w.runner.CSVUploadRunner - Transaction Date: 2024-07-25
2026-04-18 10:33:45 INFO  c.a.b.w.runner.CSVUploadRunner - Transaction Date: 2024-07-24
2026-04-18 10:33:45 INFO  c.a.b.w.runner.CSVUploadRunner - Transaction Date: 2024-07-23
2026-04-18 10:33:45 INFO  c.a.b.w.runner.CSVUploadRunner - Transaction Date: 2024-07-23
2026-04-18 10:33:45 INFO  c.a.b.w.runner.CSVUploadRunner - Transaction Date: 2024-07-23
2026-04-18 10:33:45 INFO  c.a.b.w.runner.CSVUploadRunner - Transaction Date: 2024-07-23
2026-04-18 10:33:45 INFO  c.a.b.w.runner.CSVUploadRunner - Transaction Date: 2024-07-22
2026-04-18 10:33:45 INFO  c.a.b.w.runner.CSVUploadRunner - Transaction Date: 2024-07-22
2026-04-18 10:33:45 INFO  c.a.b.w.runner.CSVUploadRunner - Transaction Date: 2024-07-22
2026-04-18 10:33:45 INFO  c.a.b.w.runner.CSVUploadRunner - Transaction Date: 2024-07-22
2026-04-18 10:33:45 INFO  c.a.b.w.runner.CSVUploadRunner - Transaction Date: 2024-07-21
2026-04-18 10:33:45 INFO  c.a.b.w.runner.CSVUploadRunner - Transaction Date: 2024-07-21
2026-04-18 10:33:45 INFO  c.a.b.w.runner.CSVUploadRunner - Transaction Date: 2024-07-21
2026-04-18 10:33:45 INFO  c.a.b.w.runner.CSVUploadRunner - Transaction Date: 2024-07-21
2026-04-18 10:33:45 INFO  c.a.b.w.runner.CSVUploadRunner - Transaction Date: 2024-07-21
2026-04-18 10:33:45 INFO  c.a.b.w.runner.CSVUploadRunner - Transaction Date: 2024-07-21
2026-04-18 10:33:45 INFO  c.a.b.w.runner.CSVUploadRunner - Transaction Date: 2024-07-21
2026-04-18 10:33:45 INFO  c.a.b.w.runner.CSVUploadRunner - Transaction Date: 2024-07-21
2026-04-18 10:33:45 INFO  c.a.b.w.runner.CSVUploadRunner - Transaction Date: 2024-07-21
2026-04-18 10:33:45 INFO  c.a.b.w.runner.CSVUploadRunner - Transaction Date: 2024-07-21
2026-04-18 10:33:45 INFO  c.a.b.w.runner.CSVUploadRunner - Transaction Date: 2024-07-21
2026-04-18 10:33:45 INFO  c.a.b.w.runner.CSVUploadRunner - Transaction Date: 2024-07-21
2026-04-18 10:33:45 INFO  c.a.b.w.runner.CSVUploadRunner - Transaction Date: 2024-07-21
2026-04-18 10:33:45 INFO  c.a.b.w.runner.CSVUploadRunner - Transaction Date: 2024-07-21
2026-04-18 10:33:45 INFO  c.a.b.w.runner.CSVUploadRunner - Transaction Date: 2024-07-21
2026-04-18 10:33:45 INFO  c.a.b.w.runner.CSVUploadRunner - Transaction Date: 2024-07-20
2026-04-18 10:33:45 INFO  c.a.b.w.runner.CSVUploadRunner - Transaction Date: 2024-07-19
2026-04-18 10:33:45 INFO  c.a.b.w.runner.CSVUploadRunner - Transaction Date: 2024-07-19
2026-04-18 10:33:45 INFO  c.a.b.w.runner.CSVUploadRunner - Transaction Date: 2024-07-19
2026-04-18 10:33:45 INFO  c.a.b.w.runner.CSVUploadRunner - Transaction Date: 2024-07-18
2026-04-18 10:33:45 INFO  c.a.b.w.runner.CSVUploadRunner - Transaction Date: 2024-07-17
2026-04-18 10:33:45 INFO  c.a.b.w.runner.CSVUploadRunner - Transaction Date: 2024-07-16
2026-04-18 10:33:45 INFO  c.a.b.w.runner.CSVUploadRunner - Transaction Date: 2024-07-16
2026-04-18 10:33:45 INFO  c.a.b.w.runner.CSVUploadRunner - Transaction Date: 2024-07-16
2026-04-18 10:33:45 INFO  c.a.b.w.runner.CSVUploadRunner - Transaction Date: 2024-07-16
2026-04-18 10:33:45 INFO  c.a.b.w.runner.CSVUploadRunner - Transaction Date: 2024-07-15
2026-04-18 10:33:45 INFO  c.a.b.w.runner.CSVUploadRunner - Transaction Date: 2024-07-15
2026-04-18 10:33:45 INFO  c.a.b.w.runner.CSVUploadRunner - Transaction Date: 2024-07-15
2026-04-18 10:33:45 INFO  c.a.b.w.runner.CSVUploadRunner - Transaction Date: 2024-07-15
2026-04-18 10:33:45 INFO  c.a.b.w.runner.CSVUploadRunner - Transaction Date: 2024-07-15
2026-04-18 10:33:45 INFO  c.a.b.w.runner.CSVUploadRunner - Transaction Date: 2024-07-15
2026-04-18 10:33:45 INFO  c.a.b.w.runner.CSVUploadRunner - Transaction Date: 2024-07-15
2026-04-18 10:33:45 INFO  c.a.b.w.runner.CSVUploadRunner - Transaction Date: 2024-07-14
2026-04-18 10:33:45 INFO  c.a.b.w.runner.CSVUploadRunner - Transaction Date: 2024-07-14
2026-04-18 10:33:45 INFO  c.a.b.w.runner.CSVUploadRunner - Transaction Date: 2024-07-14
2026-04-18 10:33:45 INFO  c.a.b.w.runner.CSVUploadRunner - Transaction Date: 2024-07-14
2026-04-18 10:33:45 INFO  c.a.b.w.runner.CSVUploadRunner - Transaction Date: 2024-07-14
2026-04-18 10:33:45 INFO  c.a.b.w.runner.CSVUploadRunner - Transaction Date: 2024-07-14
2026-04-18 10:33:45 INFO  c.a.b.w.runner.CSVUploadRunner - Transaction Date: 2024-07-14
2026-04-18 10:33:45 INFO  c.a.b.w.runner.CSVUploadRunner - Transaction Date: 2024-07-14
2026-04-18 10:33:45 INFO  c.a.b.w.runner.CSVUploadRunner - Transaction Date: 2024-07-13
2026-04-18 10:33:45 INFO  c.a.b.w.runner.CSVUploadRunner - Transaction Date: 2024-07-13
2026-04-18 10:33:45 INFO  c.a.b.w.runner.CSVUploadRunner - Transaction Date: 2024-07-12
2026-04-18 10:33:45 INFO  c.a.b.w.runner.CSVUploadRunner - Transaction Date: 2024-07-11
2026-04-18 10:33:45 INFO  c.a.b.w.runner.CSVUploadRunner - Transaction Date: 2024-07-11
2026-04-18 10:33:45 INFO  c.a.b.w.runner.CSVUploadRunner - Transaction Date: 2024-07-11
2026-04-18 10:33:45 INFO  c.a.b.w.runner.CSVUploadRunner - Transaction Date: 2024-07-11
2026-04-18 10:33:45 INFO  c.a.b.w.runner.CSVUploadRunner - Transaction Date: 2024-07-09
2026-04-18 10:33:45 INFO  c.a.b.w.runner.CSVUploadRunner - Transaction Date: 2024-07-09
2026-04-18 10:33:45 INFO  c.a.b.w.runner.CSVUploadRunner - Transaction Date: 2024-07-09
2026-04-18 10:33:45 INFO  c.a.b.w.runner.CSVUploadRunner - Transaction Date: 2024-07-09
2026-04-18 10:33:45 INFO  c.a.b.w.runner.CSVUploadRunner - Transaction Date: 2024-07-08
2026-04-18 10:33:45 INFO  c.a.b.w.runner.CSVUploadRunner - Transaction Date: 2024-07-08
2026-04-18 10:33:45 INFO  c.a.b.w.runner.CSVUploadRunner - Transaction Date: 2024-07-08
2026-04-18 10:33:45 INFO  c.a.b.w.runner.CSVUploadRunner - Transaction Date: 2024-07-08
2026-04-18 10:33:45 INFO  c.a.b.w.runner.CSVUploadRunner - Transaction Date: 2024-07-08
2026-04-18 10:33:45 INFO  c.a.b.w.runner.CSVUploadRunner - Transaction Date: 2024-07-07
2026-04-18 10:33:45 INFO  c.a.b.w.runner.CSVUploadRunner - Transaction Date: 2024-07-06
2026-04-18 10:33:45 INFO  c.a.b.w.runner.CSVUploadRunner - Transaction Date: 2024-07-06
2026-04-18 10:33:45 INFO  c.a.b.w.runner.CSVUploadRunner - Transaction Date: 2024-07-05
2026-04-18 10:33:45 INFO  c.a.b.w.runner.CSVUploadRunner - Transaction Date: 2024-07-05
2026-04-18 10:33:45 INFO  c.a.b.w.runner.CSVUploadRunner - Transaction Date: 2024-07-04
2026-04-18 10:33:45 INFO  c.a.b.w.runner.CSVUploadRunner - Transaction Date: 2024-07-04
2026-04-18 10:33:45 INFO  c.a.b.w.runner.CSVUploadRunner - Transaction Date: 2024-07-03
2026-04-18 10:33:45 INFO  c.a.b.w.runner.CSVUploadRunner - Transaction Date: 2024-07-03
2026-04-18 10:33:45 INFO  c.a.b.w.runner.CSVUploadRunner - Transaction Date: 2024-07-02
2026-04-18 10:33:45 INFO  c.a.b.w.runner.CSVUploadRunner - Transaction Date: 2024-07-02
2026-04-18 10:33:45 INFO  c.a.b.w.runner.CSVUploadRunner - Transaction Date: 2024-07-02
2026-04-18 10:33:45 INFO  c.a.b.w.runner.CSVUploadRunner - Transaction Date: 2024-07-02
2026-04-18 10:33:45 INFO  c.a.b.w.runner.CSVUploadRunner - Transaction Date: 2024-07-01
2026-04-18 10:33:45 INFO  c.a.b.w.runner.CSVUploadRunner - Transaction Date: 2024-07-01
2026-04-18 10:33:45 INFO  c.a.b.w.runner.CSVUploadRunner - Transaction Date: 2024-07-01
2026-04-18 10:33:45 INFO  c.a.b.w.runner.CSVUploadRunner - Transaction Date: 2024-07-01
2026-04-18 10:33:45 INFO  c.a.b.w.runner.CSVUploadRunner - Transaction Date: 2024-07-01
2026-04-18 10:33:45 INFO  c.a.b.w.runner.CSVUploadRunner - Transaction Date: 2024-07-01
2026-04-18 10:33:45 INFO  c.a.b.w.runner.CSVUploadRunner - Transaction Date: 2024-07-01
2026-04-18 10:33:45 INFO  c.a.b.w.runner.CSVUploadRunner - Transaction Date: 2024-07-01
2026-04-18 10:33:45 INFO  c.a.b.w.runner.CSVUploadRunner - Transaction Date: 2024-06-30
2026-04-18 10:33:45 INFO  c.a.b.w.runner.CSVUploadRunner - Transaction Date: 2024-06-30
2026-04-18 10:33:45 INFO  c.a.b.w.runner.CSVUploadRunner - Transaction Date: 2024-06-29
2026-04-18 10:33:45 INFO  c.a.b.w.runner.CSVUploadRunner - Transaction Date: 2024-06-29
2026-04-18 10:33:45 INFO  c.a.b.w.runner.CSVUploadRunner - Transaction Date: 2024-06-29
2026-04-18 10:33:45 INFO  c.a.b.w.runner.CSVUploadRunner - Transaction Date: 2024-06-29
2026-04-18 10:33:45 INFO  c.a.b.w.runner.CSVUploadRunner - Transaction Date: 2024-06-28
2026-04-18 10:33:45 INFO  c.a.b.w.runner.CSVUploadRunner - Transaction Date: 2024-06-28
2026-04-18 10:33:45 INFO  c.a.b.w.runner.CSVUploadRunner - Transaction Date: 2024-06-28
2026-04-18 10:33:45 INFO  c.a.b.w.runner.CSVUploadRunner - Transaction Date: 2024-06-28
2026-04-18 10:33:45 INFO  c.a.b.w.runner.CSVUploadRunner - Transaction Date: 2024-06-26
2026-04-18 10:33:45 INFO  c.a.b.w.runner.CSVUploadRunner - Transaction Date: 2024-06-26
2026-04-18 10:33:45 INFO  c.a.b.w.runner.CSVUploadRunner - Transaction Date: 2024-06-26
2026-04-18 10:33:45 INFO  c.a.b.w.runner.CSVUploadRunner - Transaction Date: 2024-06-25
2026-04-18 10:33:45 INFO  c.a.b.w.runner.CSVUploadRunner - Transaction Date: 2024-06-24
2026-04-18 10:33:45 INFO  c.a.b.w.runner.CSVUploadRunner - Transaction Date: 2024-06-24
2026-04-18 10:33:45 INFO  c.a.b.w.runner.CSVUploadRunner - Transaction Date: 2024-06-24
2026-04-18 10:33:45 INFO  c.a.b.w.runner.CSVUploadRunner - Transaction Date: 2024-06-24
2026-04-18 10:33:45 INFO  c.a.b.w.runner.CSVUploadRunner - Transaction Date: 2024-06-24
2026-04-18 10:33:45 INFO  c.a.b.w.runner.CSVUploadRunner - Transaction Date: 2024-06-24
2026-04-18 10:33:45 INFO  c.a.b.w.runner.CSVUploadRunner - Transaction Date: 2024-06-24
2026-04-18 10:33:45 INFO  c.a.b.w.runner.CSVUploadRunner - Transaction Date: 2024-06-23
2026-04-18 10:33:45 INFO  c.a.b.w.runner.CSVUploadRunner - Transaction Date: 2024-06-23
2026-04-18 10:33:45 INFO  c.a.b.w.runner.CSVUploadRunner - Transaction Date: 2024-06-23
2026-04-18 10:33:45 INFO  c.a.b.w.runner.CSVUploadRunner - Transaction Date: 2024-06-22
2026-04-18 10:33:45 INFO  c.a.b.w.runner.CSVUploadRunner - Transaction Date: 2024-06-22
2026-04-18 10:33:45 INFO  c.a.b.w.runner.CSVUploadRunner - Transaction Date: 2024-06-22
2026-04-18 10:33:45 INFO  c.a.b.w.runner.CSVUploadRunner - Transaction Date: 2024-06-22
2026-04-18 10:33:45 INFO  c.a.b.w.runner.CSVUploadRunner - Transaction Date: 2024-06-22
2026-04-18 10:33:45 INFO  c.a.b.w.runner.CSVUploadRunner - Transaction Date: 2024-06-21
2026-04-18 10:33:45 INFO  c.a.b.w.runner.CSVUploadRunner - Transaction Date: 2024-06-21
2026-04-18 10:33:45 INFO  c.a.b.w.runner.CSVUploadRunner - Transaction Date: 2024-06-21
2026-04-18 10:33:45 INFO  c.a.b.w.runner.CSVUploadRunner - Transaction Date: 2024-06-20
2026-04-18 10:33:45 INFO  c.a.b.w.runner.CSVUploadRunner - Transaction Date: 2024-06-20
2026-04-18 10:33:45 INFO  c.a.b.w.runner.CSVUploadRunner - Transaction Date: 2024-06-18
2026-04-18 10:33:45 INFO  c.a.b.w.runner.CSVUploadRunner - Transaction Date: 2024-06-18
2026-04-18 10:33:45 INFO  c.a.b.w.runner.CSVUploadRunner - Transaction Date: 2024-06-18
2026-04-18 10:33:45 INFO  c.a.b.w.runner.CSVUploadRunner - Transaction Date: 2024-06-18
2026-04-18 10:33:45 INFO  c.a.b.w.runner.CSVUploadRunner - Transaction Date: 2024-06-18
2026-04-18 10:33:45 INFO  c.a.b.w.runner.CSVUploadRunner - Transaction Date: 2024-06-18
2026-04-18 10:33:45 INFO  c.a.b.w.runner.CSVUploadRunner - Transaction Date: 2024-06-17
2026-04-18 10:33:45 INFO  c.a.b.w.runner.CSVUploadRunner - Transaction Date: 2024-06-17
2026-04-18 10:33:45 INFO  c.a.b.w.runner.CSVUploadRunner - Transaction Date: 2024-06-17
2026-04-18 10:33:45 INFO  c.a.b.w.runner.CSVUploadRunner - Transaction Date: 2024-06-17
2026-04-18 10:33:45 INFO  c.a.b.w.runner.CSVUploadRunner - Transaction Date: 2024-06-16
2026-04-18 10:33:45 INFO  c.a.b.w.runner.CSVUploadRunner - Transaction Date: 2024-06-16
2026-04-18 10:33:45 INFO  c.a.b.w.runner.CSVUploadRunner - Transaction Date: 2024-06-16
2026-04-18 10:33:45 INFO  c.a.b.w.runner.CSVUploadRunner - Transaction Date: 2024-06-16
2026-04-18 10:33:45 INFO  c.a.b.w.runner.CSVUploadRunner - Transaction Date: 2024-06-15
2026-04-18 10:33:45 INFO  c.a.b.w.runner.CSVUploadRunner - Transaction Date: 2024-06-15
2026-04-18 10:33:45 INFO  c.a.b.w.runner.CSVUploadRunner - Transaction Date: 2024-06-15
2026-04-18 10:33:45 INFO  c.a.b.w.runner.CSVUploadRunner - Transaction Date: 2024-06-15
2026-04-18 10:33:45 INFO  c.a.b.w.runner.CSVUploadRunner - Transaction Date: 2024-06-15
2026-04-18 10:33:45 INFO  c.a.b.w.runner.CSVUploadRunner - Transaction Date: 2024-06-14
2026-04-18 10:33:45 INFO  c.a.b.w.runner.CSVUploadRunner - Transaction Date: 2024-06-13
2026-04-18 10:33:45 INFO  c.a.b.w.runner.CSVUploadRunner - Transaction Date: 2024-06-12
2026-04-18 10:33:45 INFO  c.a.b.w.runner.CSVUploadRunner - Transaction Date: 2024-06-11
2026-04-18 10:33:45 INFO  c.a.b.w.runner.CSVUploadRunner - Transaction Date: 2024-06-11
2026-04-18 10:33:45 INFO  c.a.b.w.runner.CSVUploadRunner - Transaction Date: 2024-06-10
2026-04-18 10:33:45 INFO  c.a.b.w.runner.CSVUploadRunner - Transaction Date: 2024-06-10
2026-04-18 10:33:45 INFO  c.a.b.w.runner.CSVUploadRunner - Transaction Date: 2024-06-10
2026-04-18 10:33:45 INFO  c.a.b.w.runner.CSVUploadRunner - Transaction Date: 2024-06-09
2026-04-18 10:33:45 INFO  c.a.b.w.runner.CSVUploadRunner - Transaction Date: 2024-06-09
2026-04-18 10:33:45 INFO  c.a.b.w.runner.CSVUploadRunner - Transaction Date: 2024-06-09
2026-04-18 10:33:45 INFO  c.a.b.w.runner.CSVUploadRunner - Transaction Date: 2024-06-09
2026-04-18 10:33:45 INFO  c.a.b.w.runner.CSVUploadRunner - Transaction Date: 2024-06-08
2026-04-18 10:33:45 INFO  c.a.b.w.runner.CSVUploadRunner - Transaction Date: 2024-06-07
2026-04-18 10:33:45 INFO  c.a.b.w.runner.CSVUploadRunner - Transaction Date: 2024-06-06
2026-04-18 10:33:45 INFO  c.a.b.w.runner.CSVUploadRunner - Transaction Date: 2024-06-06
2026-04-18 10:33:45 INFO  c.a.b.w.runner.CSVUploadRunner - Transaction Date: 2024-06-06
2026-04-18 10:33:45 INFO  c.a.b.w.runner.CSVUploadRunner - Transaction Date: 2024-06-06
2026-04-18 10:33:45 INFO  c.a.b.w.runner.CSVUploadRunner - Transaction Date: 2024-06-06
2026-04-18 10:33:45 INFO  c.a.b.w.runner.CSVUploadRunner - Transaction Date: 2024-06-05
2026-04-18 10:33:45 INFO  c.a.b.w.runner.CSVUploadRunner - Transaction Date: 2024-06-05
2026-04-18 10:33:45 INFO  c.a.b.w.runner.CSVUploadRunner - Transaction Date: 2024-06-04
2026-04-18 10:33:45 INFO  c.a.b.w.runner.CSVUploadRunner - Transaction Date: 2024-06-04
2026-04-18 10:33:45 INFO  c.a.b.w.runner.CSVUploadRunner - Transaction Date: 2024-06-04
2026-04-18 10:33:45 INFO  c.a.b.w.runner.CSVUploadRunner - Transaction Date: 2024-06-03
2026-04-18 10:33:45 INFO  c.a.b.w.runner.CSVUploadRunner - Transaction Date: 2024-06-03
2026-04-18 10:33:45 INFO  c.a.b.w.runner.CSVUploadRunner - Transaction Date: 2024-06-02
2026-04-18 10:33:45 INFO  c.a.b.w.runner.CSVUploadRunner - Transaction Date: 2024-06-02
2026-04-18 10:33:45 INFO  c.a.b.w.runner.CSVUploadRunner - Transaction Date: 2024-06-02
2026-04-18 10:33:45 INFO  c.a.b.w.runner.CSVUploadRunner - Transaction Date: 2024-06-02
2026-04-18 10:33:45 INFO  c.a.b.w.runner.CSVUploadRunner - Transaction Date: 2024-06-01
2026-04-18 10:33:45 INFO  c.a.b.w.runner.CSVUploadRunner - Transaction Date: 2024-06-01
2026-04-18 10:33:45 INFO  c.a.b.w.runner.CSVUploadRunner - Transaction Date: 2024-06-01
2026-04-18 10:33:45 INFO  c.a.b.w.runner.CSVUploadRunner - Transaction Date: 2024-06-01
2026-04-18 10:33:45 INFO  c.a.b.w.runner.CSVUploadRunner - Transaction Date: 2024-05-31
2026-04-18 10:33:45 INFO  c.a.b.w.runner.CSVUploadRunner - Transaction Date: 2024-05-31
2026-04-18 10:33:45 INFO  c.a.b.w.runner.CSVUploadRunner - Transaction Date: 2024-05-31
2026-04-18 10:33:45 INFO  c.a.b.w.runner.CSVUploadRunner - Transaction Date: 2024-05-31
2026-04-18 10:33:45 INFO  c.a.b.w.runner.CSVUploadRunner - Transaction Date: 2024-05-31
2026-04-18 10:33:45 INFO  c.a.b.w.runner.CSVUploadRunner - Transaction Date: 2024-05-31
2026-04-18 10:33:45 INFO  c.a.b.w.runner.CSVUploadRunner - Transaction Date: 2024-05-30
2026-04-18 10:33:45 INFO  c.a.b.w.runner.CSVUploadRunner - Transaction Date: 2024-05-30
2026-04-18 10:33:45 INFO  c.a.b.w.runner.CSVUploadRunner - Transaction Date: 2024-05-30
2026-04-18 10:33:45 INFO  c.a.b.w.runner.CSVUploadRunner - Transaction Date: 2024-05-29
2026-04-18 10:33:45 INFO  c.a.b.w.runner.CSVUploadRunner - Transaction Date: 2024-05-29
2026-04-18 10:33:45 INFO  c.a.b.w.runner.CSVUploadRunner - Transaction Date: 2024-05-29
2026-04-18 10:33:45 INFO  c.a.b.w.runner.CSVUploadRunner - Transaction Date: 2024-05-28
2026-04-18 10:33:45 INFO  c.a.b.w.runner.CSVUploadRunner - Transaction Date: 2024-05-28
2026-04-18 10:33:45 INFO  c.a.b.w.runner.CSVUploadRunner - Transaction Date: 2024-05-28
2026-04-18 10:33:45 INFO  c.a.b.w.runner.CSVUploadRunner - Transaction Date: 2024-05-28
2026-04-18 10:33:45 INFO  c.a.b.w.runner.CSVUploadRunner - Transaction Date: 2024-05-28
2026-04-18 10:33:45 INFO  c.a.b.w.runner.CSVUploadRunner - Transaction Date: 2024-05-27
2026-04-18 10:33:45 INFO  c.a.b.w.runner.CSVUploadRunner - Transaction Date: 2024-05-26
2026-04-18 10:33:45 INFO  c.a.b.w.runner.CSVUploadRunner - Transaction Date: 2024-05-26
2026-04-18 10:33:45 INFO  c.a.b.w.runner.CSVUploadRunner - Transaction Date: 2024-05-25
2026-04-18 10:33:45 INFO  c.a.b.w.runner.CSVUploadRunner - Transaction Date: 2024-05-25
2026-04-18 10:33:45 INFO  c.a.b.w.runner.CSVUploadRunner - Transaction Date: 2024-05-25
2026-04-18 10:33:45 INFO  c.a.b.w.runner.CSVUploadRunner - Transaction Date: 2024-05-25
2026-04-18 10:33:45 INFO  c.a.b.w.runner.CSVUploadRunner - Transaction Date: 2024-05-25
2026-04-18 10:33:45 INFO  c.a.b.w.runner.CSVUploadRunner - Transaction Date: 2024-05-24
2026-04-18 10:33:45 INFO  c.a.b.w.runner.CSVUploadRunner - Transaction Date: 2024-05-24
2026-04-18 10:33:45 INFO  c.a.b.w.runner.CSVUploadRunner - Transaction Date: 2024-05-24
2026-04-18 10:33:45 INFO  c.a.b.w.runner.CSVUploadRunner - Transaction Date: 2024-05-24
2026-04-18 10:33:45 INFO  c.a.b.w.runner.CSVUploadRunner - Transaction Date: 2024-05-24
2026-04-18 10:33:45 INFO  c.a.b.w.runner.CSVUploadRunner - Transaction Date: 2024-05-23
2026-04-18 10:33:45 INFO  c.a.b.w.runner.CSVUploadRunner - Transaction Date: 2024-05-23
2026-04-18 10:33:45 INFO  c.a.b.w.runner.CSVUploadRunner - Transaction Date: 2024-05-23
2026-04-18 10:33:45 INFO  c.a.b.w.runner.CSVUploadRunner - Transaction Date: 2024-05-22
2026-04-18 10:33:45 INFO  c.a.b.w.runner.CSVUploadRunner - Transaction Date: 2024-05-21
2026-04-18 10:33:45 INFO  c.a.b.w.runner.CSVUploadRunner - Transaction Date: 2024-05-21
2026-04-18 10:33:45 INFO  c.a.b.w.runner.CSVUploadRunner - Transaction Date: 2024-05-20
2026-04-18 10:33:45 INFO  c.a.b.w.runner.CSVUploadRunner - Transaction Date: 2024-05-20
2026-04-18 10:33:45 INFO  c.a.b.w.runner.CSVUploadRunner - Transaction Date: 2024-05-20
2026-04-18 10:33:45 INFO  c.a.b.w.runner.CSVUploadRunner - Transaction Date: 2024-05-20
2026-04-18 10:33:45 INFO  c.a.b.w.runner.CSVUploadRunner - Transaction Date: 2024-05-20
2026-04-18 10:33:45 INFO  c.a.b.w.runner.CSVUploadRunner - Transaction Date: 2024-05-19
2026-04-18 10:33:45 INFO  c.a.b.w.runner.CSVUploadRunner - Transaction Date: 2024-05-19
2026-04-18 10:33:45 INFO  c.a.b.w.runner.CSVUploadRunner - Transaction Date: 2024-05-18
2026-04-18 10:33:45 INFO  c.a.b.w.runner.CSVUploadRunner - Transaction Date: 2024-05-17
2026-04-18 10:33:45 INFO  c.a.b.w.runner.CSVUploadRunner - Transaction Date: 2024-05-16
2026-04-18 10:33:45 INFO  c.a.b.w.runner.CSVUploadRunner - Transaction Date: 2024-05-16
2026-04-18 10:33:45 INFO  c.a.b.w.runner.CSVUploadRunner - Transaction Date: 2024-05-15
2026-04-18 10:33:45 INFO  c.a.b.w.runner.CSVUploadRunner - Transaction Date: 2024-05-15
2026-04-18 10:33:45 INFO  c.a.b.w.runner.CSVUploadRunner - Transaction Date: 2024-05-15
2026-04-18 10:33:45 INFO  c.a.b.w.runner.CSVUploadRunner - Transaction Date: 2024-05-15
2026-04-18 10:33:45 INFO  c.a.b.w.runner.CSVUploadRunner - Transaction Date: 2024-05-15
2026-04-18 10:33:45 INFO  c.a.b.w.runner.CSVUploadRunner - Transaction Date: 2024-05-14
2026-04-18 10:33:45 INFO  c.a.b.w.runner.CSVUploadRunner - Transaction Date: 2024-05-13
2026-04-18 10:33:45 INFO  c.a.b.w.runner.CSVUploadRunner - Transaction Date: 2024-05-11
2026-04-18 10:33:45 INFO  c.a.b.w.runner.CSVUploadRunner - Transaction Date: 2024-05-10
2026-04-18 10:33:45 INFO  c.a.b.w.runner.CSVUploadRunner - Transaction Date: 2024-05-10
2026-04-18 10:33:45 INFO  c.a.b.w.runner.CSVUploadRunner - Transaction Date: 2024-05-08
2026-04-18 10:33:45 INFO  c.a.b.w.runner.CSVUploadRunner - Transaction Date: 2024-05-08
2026-04-18 10:33:45 INFO  c.a.b.w.runner.CSVUploadRunner - Transaction Date: 2024-05-07
2026-04-18 10:33:45 INFO  c.a.b.w.runner.CSVUploadRunner - Transaction Date: 2024-05-06
2026-04-18 10:33:45 INFO  c.a.b.w.runner.CSVUploadRunner - Transaction Date: 2024-05-05
2026-04-18 10:33:45 INFO  c.a.b.w.runner.CSVUploadRunner - Transaction Date: 2024-05-05
2026-04-18 10:33:45 INFO  c.a.b.w.runner.CSVUploadRunner - Transaction Date: 2024-05-04
2026-04-18 10:33:45 INFO  c.a.b.w.runner.CSVUploadRunner - Transaction Date: 2024-05-03
2026-04-18 10:33:45 INFO  c.a.b.w.runner.CSVUploadRunner - Transaction Date: 2024-05-03
2026-04-18 10:33:45 INFO  c.a.b.w.runner.CSVUploadRunner - Transaction Date: 2024-05-03
2026-04-18 10:33:45 INFO  c.a.b.w.runner.CSVUploadRunner - Transaction Date: 2024-05-02
2026-04-18 10:33:45 INFO  c.a.b.w.runner.CSVUploadRunner - Transaction Date: 2024-05-02
2026-04-18 10:33:45 INFO  c.a.b.w.runner.CSVUploadRunner - Transaction Date: 2024-05-02
2026-04-18 10:33:45 INFO  c.a.b.w.runner.CSVUploadRunner - Transaction Date: 2024-05-02
2026-04-18 10:33:45 INFO  c.a.b.w.runner.CSVUploadRunner - Transaction Date: 2024-05-02
2026-04-18 10:33:45 INFO  c.a.b.w.runner.CSVUploadRunner - Transaction Date: 2024-05-01
2026-04-18 10:33:45 INFO  c.a.b.w.runner.CSVUploadRunner - Transaction Date: 2024-05-01
2026-04-18 10:33:45 INFO  c.a.b.w.runner.CSVUploadRunner - Transaction Date: 2024-05-01
2026-04-18 10:33:45 INFO  c.a.b.w.runner.CSVUploadRunner - Transaction Date: 2024-05-01
2026-04-18 10:33:45 INFO  c.a.b.w.runner.CSVUploadRunner - Transaction Date: 2024-05-01
2026-04-18 10:33:45 INFO  c.a.b.w.runner.CSVUploadRunner - Transaction Date: 2024-05-01
2026-04-18 10:33:45 INFO  c.a.b.w.runner.CSVUploadRunner - Transaction Date: 2024-04-30
2026-04-18 10:33:45 INFO  c.a.b.w.runner.CSVUploadRunner - Transaction Date: 2024-04-30
2026-04-18 10:33:45 INFO  c.a.b.w.runner.CSVUploadRunner - Transaction Date: 2024-04-30
2026-04-18 10:33:45 INFO  c.a.b.w.runner.CSVUploadRunner - Transaction Date: 2024-04-30
2026-04-18 10:33:45 INFO  c.a.b.w.runner.CSVUploadRunner - Transaction Date: 2024-04-30
2026-04-18 10:33:45 INFO  c.a.b.w.runner.CSVUploadRunner - Transaction Date: 2024-04-30
2026-04-18 10:33:45 INFO  c.a.b.w.runner.CSVUploadRunner - Transaction Date: 2024-04-30
2026-04-18 10:33:45 INFO  c.a.b.w.runner.CSVUploadRunner - Transaction Date: 2024-04-29
2026-04-18 10:33:45 INFO  c.a.b.w.runner.CSVUploadRunner - Transaction Date: 2024-04-29
2026-04-18 10:33:45 INFO  c.a.b.w.runner.CSVUploadRunner - Transaction Date: 2024-04-29
2026-04-18 10:33:45 INFO  c.a.b.w.runner.CSVUploadRunner - Transaction Date: 2024-04-28
2026-04-18 10:33:45 INFO  c.a.b.w.runner.CSVUploadRunner - Transaction Date: 2024-04-28
2026-04-18 10:33:45 INFO  c.a.b.w.runner.CSVUploadRunner - Transaction Date: 2024-04-26
2026-04-18 10:33:45 INFO  c.a.b.w.runner.CSVUploadRunner - Transaction Date: 2024-04-26
2026-04-18 10:33:45 INFO  c.a.b.w.runner.CSVUploadRunner - Transaction Date: 2024-04-25
2026-04-18 10:33:45 INFO  c.a.b.w.runner.CSVUploadRunner - Transaction Date: 2024-04-25
2026-04-18 10:33:45 INFO  c.a.b.w.runner.CSVUploadRunner - Transaction Date: 2024-04-23
2026-04-18 10:33:45 INFO  c.a.b.w.runner.CSVUploadRunner - Transaction Date: 2024-04-23
2026-04-18 10:33:45 INFO  c.a.b.w.runner.CSVUploadRunner - Transaction Date: 2024-04-22
2026-04-18 10:33:45 INFO  c.a.b.w.runner.CSVUploadRunner - Transaction Date: 2024-04-22
2026-04-18 10:33:45 INFO  c.a.b.w.runner.CSVUploadRunner - Transaction Date: 2024-04-22
2026-04-18 10:33:45 INFO  c.a.b.w.runner.CSVUploadRunner - Transaction Date: 2024-04-20
2026-04-18 10:33:45 INFO  c.a.b.w.runner.CSVUploadRunner - Transaction Date: 2024-04-20
2026-04-18 10:33:45 INFO  c.a.b.w.runner.CSVUploadRunner - Transaction Date: 2024-04-20
2026-04-18 10:33:45 INFO  c.a.b.w.runner.CSVUploadRunner - Transaction Date: 2024-04-20
2026-04-18 10:33:45 INFO  c.a.b.w.runner.CSVUploadRunner - Transaction Date: 2024-04-20
2026-04-18 10:33:45 INFO  c.a.b.w.runner.CSVUploadRunner - Transaction Date: 2024-04-19
2026-04-18 10:33:45 INFO  c.a.b.w.runner.CSVUploadRunner - Transaction Date: 2024-04-18
2026-04-18 10:33:45 INFO  c.a.b.w.runner.CSVUploadRunner - Transaction Date: 2024-04-18
2026-04-18 10:33:45 INFO  c.a.b.w.runner.CSVUploadRunner - Transaction Date: 2024-04-18
2026-04-18 10:33:45 INFO  c.a.b.w.runner.CSVUploadRunner - Transaction Date: 2024-04-18
2026-04-18 10:33:45 INFO  c.a.b.w.runner.CSVUploadRunner - Transaction Date: 2024-04-17
2026-04-18 10:33:45 INFO  c.a.b.w.runner.CSVUploadRunner - Transaction Date: 2024-04-17
2026-04-18 10:33:45 INFO  c.a.b.w.runner.CSVUploadRunner - Transaction Date: 2024-04-17
2026-04-18 10:33:45 INFO  c.a.b.w.runner.CSVUploadRunner - Transaction Date: 2024-04-17
2026-04-18 10:33:45 INFO  c.a.b.w.runner.CSVUploadRunner - Transaction Date: 2024-04-17
2026-04-18 10:33:45 INFO  c.a.b.w.runner.CSVUploadRunner - Transaction Date: 2024-04-17
2026-04-18 10:33:45 INFO  c.a.b.w.runner.CSVUploadRunner - Transaction Date: 2024-04-17
2026-04-18 10:33:45 INFO  c.a.b.w.runner.CSVUploadRunner - Transaction Date: 2024-04-17
2026-04-18 10:33:45 INFO  c.a.b.w.runner.CSVUploadRunner - Transaction Date: 2024-04-16
2026-04-18 10:33:45 INFO  c.a.b.w.runner.CSVUploadRunner - Transaction Date: 2024-04-16
2026-04-18 10:33:45 INFO  c.a.b.w.runner.CSVUploadRunner - Transaction Date: 2024-04-16
2026-04-18 10:33:45 INFO  c.a.b.w.runner.CSVUploadRunner - Transaction Date: 2024-04-16
2026-04-18 10:33:45 INFO  c.a.b.w.runner.CSVUploadRunner - Transaction Date: 2024-04-16
2026-04-18 10:33:45 INFO  c.a.b.w.runner.CSVUploadRunner - Transaction Date: 2024-04-16
2026-04-18 10:33:45 INFO  c.a.b.w.runner.CSVUploadRunner - Transaction Date: 2024-04-15
2026-04-18 10:33:45 INFO  c.a.b.w.runner.CSVUploadRunner - Transaction Date: 2024-04-15
2026-04-18 10:33:45 INFO  c.a.b.w.runner.CSVUploadRunner - Transaction Date: 2024-04-15
2026-04-18 10:33:45 INFO  c.a.b.w.runner.CSVUploadRunner - Transaction Date: 2024-04-15
2026-04-18 10:33:45 INFO  c.a.b.w.runner.CSVUploadRunner - Transaction Date: 2024-04-15
2026-04-18 10:33:45 INFO  c.a.b.w.runner.CSVUploadRunner - Transaction Date: 2024-04-15
2026-04-18 10:33:45 INFO  c.a.b.w.runner.CSVUploadRunner - Transaction Date: 2024-04-15
2026-04-18 10:33:45 INFO  c.a.b.w.runner.CSVUploadRunner - Transaction Date: 2024-04-15
2026-04-18 10:33:45 INFO  c.a.b.w.runner.CSVUploadRunner - Transaction Date: 2024-04-15
2026-04-18 10:33:45 INFO  c.a.b.w.runner.CSVUploadRunner - Transaction Date: 2024-04-14
2026-04-18 10:33:45 INFO  c.a.b.w.runner.CSVUploadRunner - Transaction Date: 2024-04-14
2026-04-18 10:33:45 INFO  c.a.b.w.runner.CSVUploadRunner - Transaction Date: 2024-04-13
2026-04-18 10:33:45 INFO  c.a.b.w.runner.CSVUploadRunner - Transaction Date: 2024-04-12
2026-04-18 10:33:45 INFO  c.a.b.w.runner.CSVUploadRunner - Transaction Date: 2024-04-11
2026-04-18 10:33:45 INFO  c.a.b.w.runner.CSVUploadRunner - Transaction Date: 2024-04-11
2026-04-18 10:33:45 INFO  c.a.b.w.runner.CSVUploadRunner - Transaction Date: 2024-04-11
2026-04-18 10:33:45 INFO  c.a.b.w.runner.CSVUploadRunner - Transaction Date: 2024-04-11
2026-04-18 10:33:45 INFO  c.a.b.w.runner.CSVUploadRunner - Transaction Date: 2024-04-10
2026-04-18 10:33:45 INFO  c.a.b.w.runner.CSVUploadRunner - Transaction Date: 2024-04-08
2026-04-18 10:33:45 INFO  c.a.b.w.runner.CSVUploadRunner - Transaction Date: 2024-04-08
2026-04-18 10:33:45 INFO  c.a.b.w.runner.CSVUploadRunner - Transaction Date: 2024-04-07
2026-04-18 10:33:45 INFO  c.a.b.w.runner.CSVUploadRunner - Transaction Date: 2024-04-07
2026-04-18 10:33:45 INFO  c.a.b.w.runner.CSVUploadRunner - Transaction Date: 2024-04-07
2026-04-18 10:33:45 INFO  c.a.b.w.runner.CSVUploadRunner - Transaction Date: 2024-04-07
2026-04-18 10:33:45 INFO  c.a.b.w.runner.CSVUploadRunner - Transaction Date: 2024-04-07
2026-04-18 10:33:45 INFO  c.a.b.w.runner.CSVUploadRunner - Transaction Date: 2024-04-05
2026-04-18 10:33:45 INFO  c.a.b.w.runner.CSVUploadRunner - Transaction Date: 2024-04-04
2026-04-18 10:33:45 INFO  c.a.b.w.runner.CSVUploadRunner - Transaction Date: 2024-04-03
2026-04-18 10:33:45 INFO  c.a.b.w.runner.CSVUploadRunner - Transaction Date: 2024-04-03
2026-04-18 10:33:45 INFO  c.a.b.w.runner.CSVUploadRunner - Transaction Date: 2024-04-03
2026-04-18 10:33:45 INFO  c.a.b.w.runner.CSVUploadRunner - Transaction Date: 2024-04-02
2026-04-18 10:33:45 INFO  c.a.b.w.runner.CSVUploadRunner - Transaction Date: 2024-04-02
2026-04-18 10:33:45 INFO  c.a.b.w.runner.CSVUploadRunner - Transaction Date: 2024-04-01
2026-04-18 10:33:45 INFO  c.a.b.w.runner.CSVUploadRunner - Transaction Date: 2024-04-01
2026-04-18 10:33:45 INFO  c.a.b.w.runner.CSVUploadRunner - Transaction Date: 2024-04-01
2026-04-18 10:33:45 INFO  c.a.b.w.runner.CSVUploadRunner - Transaction Date: 2024-04-01
2026-04-18 10:33:45 INFO  c.a.b.w.runner.CSVUploadRunner - Transaction Date: 2024-04-01
2026-04-18 10:33:45 INFO  c.a.b.w.runner.CSVUploadRunner - Transaction Date: 2024-04-01
2026-04-18 10:33:45 INFO  c.a.b.w.runner.CSVUploadRunner - Transaction Date: 2024-04-01
2026-04-18 10:33:45 INFO  c.a.b.w.runner.CSVUploadRunner - Transaction Date: 2024-04-01
2026-04-18 10:33:45 INFO  c.a.b.w.runner.CSVUploadRunner - Transaction Date: 2024-03-31
2026-04-18 10:33:45 INFO  c.a.b.w.runner.CSVUploadRunner - Transaction Date: 2024-03-31
2026-04-18 10:33:45 INFO  c.a.b.w.runner.CSVUploadRunner - Transaction Date: 2024-03-31
2026-04-18 10:33:45 INFO  c.a.b.w.runner.CSVUploadRunner - Transaction Date: 2024-03-31
2026-04-18 10:33:45 INFO  c.a.b.w.runner.CSVUploadRunner - Transaction Date: 2024-03-31
2026-04-18 10:33:45 INFO  c.a.b.w.runner.CSVUploadRunner - Transaction Date: 2024-03-30
2026-04-18 10:33:45 INFO  c.a.b.w.runner.CSVUploadRunner - Transaction Date: 2024-03-30
2026-04-18 10:33:45 INFO  c.a.b.w.runner.CSVUploadRunner - Transaction Date: 2024-03-30
2026-04-18 10:33:45 INFO  c.a.b.w.runner.CSVUploadRunner - Transaction Date: 2024-03-29
2026-04-18 10:33:45 INFO  c.a.b.w.runner.CSVUploadRunner - Transaction Date: 2024-03-29
2026-04-18 10:33:45 INFO  c.a.b.w.runner.CSVUploadRunner - Transaction Date: 2024-03-29
2026-04-18 10:33:45 INFO  c.a.b.w.runner.CSVUploadRunner - Transaction Date: 2024-03-29
2026-04-18 10:33:45 INFO  c.a.b.w.runner.CSVUploadRunner - Transaction Date: 2024-03-29
2026-04-18 10:33:45 INFO  c.a.b.w.runner.CSVUploadRunner - Transaction Date: 2024-03-29
2026-04-18 10:33:45 INFO  c.a.b.w.runner.CSVUploadRunner - Transaction Date: 2024-03-28
2026-04-18 10:33:45 INFO  c.a.b.w.runner.CSVUploadRunner - Transaction Date: 2024-03-25
2026-04-18 10:33:45 INFO  c.a.b.w.runner.CSVUploadRunner - Transaction Date: 2024-03-25
2026-04-18 10:33:45 INFO  c.a.b.w.runner.CSVUploadRunner - Transaction Date: 2024-03-25
2026-04-18 10:33:45 INFO  c.a.b.w.runner.CSVUploadRunner - Transaction Date: 2024-03-24
2026-04-18 10:33:45 INFO  c.a.b.w.runner.CSVUploadRunner - Transaction Date: 2024-03-24
2026-04-18 10:33:45 INFO  c.a.b.w.runner.CSVUploadRunner - Transaction Date: 2024-03-24
2026-04-18 10:33:45 INFO  c.a.b.w.runner.CSVUploadRunner - Transaction Date: 2024-03-24
2026-04-18 10:33:45 INFO  c.a.b.w.runner.CSVUploadRunner - Transaction Date: 2024-03-24
2026-04-18 10:33:45 INFO  c.a.b.w.runner.CSVUploadRunner - Transaction Date: 2024-03-23
2026-04-18 10:33:45 INFO  c.a.b.w.runner.CSVUploadRunner - Transaction Date: 2024-03-22
2026-04-18 10:33:45 INFO  c.a.b.w.runner.CSVUploadRunner - Transaction Date: 2024-03-20
2026-04-18 10:33:45 INFO  c.a.b.w.runner.CSVUploadRunner - Transaction Date: 2024-03-20
2026-04-18 10:33:45 INFO  c.a.b.w.runner.CSVUploadRunner - Transaction Date: 2024-03-19
2026-04-18 10:33:45 INFO  c.a.b.w.runner.CSVUploadRunner - Transaction Date: 2024-03-19
2026-04-18 10:33:45 INFO  c.a.b.w.runner.CSVUploadRunner - Transaction Date: 2024-03-19
2026-04-18 10:33:45 INFO  c.a.b.w.runner.CSVUploadRunner - Transaction Date: 2024-03-18
2026-04-18 10:33:45 INFO  c.a.b.w.runner.CSVUploadRunner - Transaction Date: 2024-03-18
2026-04-18 10:33:45 INFO  c.a.b.w.runner.CSVUploadRunner - Transaction Date: 2024-03-18
2026-04-18 10:33:45 INFO  c.a.b.w.runner.CSVUploadRunner - Transaction Date: 2024-03-18
2026-04-18 10:33:45 INFO  c.a.b.w.runner.CSVUploadRunner - Transaction Date: 2024-03-18
2026-04-18 10:33:45 INFO  c.a.b.w.runner.CSVUploadRunner - Transaction Date: 2024-03-18
2026-04-18 10:33:45 INFO  c.a.b.w.runner.CSVUploadRunner - Transaction Date: 2024-03-17
2026-04-18 10:33:45 INFO  c.a.b.w.runner.CSVUploadRunner - Transaction Date: 2024-03-17
2026-04-18 10:33:45 INFO  c.a.b.w.runner.CSVUploadRunner - Transaction Date: 2024-03-17
2026-04-18 10:33:45 INFO  c.a.b.w.runner.CSVUploadRunner - Transaction Date: 2024-03-17
2026-04-18 10:33:45 INFO  c.a.b.w.runner.CSVUploadRunner - Transaction Date: 2024-03-16
2026-04-18 10:33:45 INFO  c.a.b.w.runner.CSVUploadRunner - Transaction Date: 2024-03-16
2026-04-18 10:33:45 INFO  c.a.b.w.runner.CSVUploadRunner - Transaction Date: 2024-03-16
2026-04-18 10:33:45 INFO  c.a.b.w.runner.CSVUploadRunner - Transaction Date: 2024-03-16
2026-04-18 10:33:45 INFO  c.a.b.w.runner.CSVUploadRunner - Transaction Date: 2024-03-16
2026-04-18 10:33:45 INFO  c.a.b.w.runner.CSVUploadRunner - Transaction Date: 2024-03-16
2026-04-18 10:33:45 INFO  c.a.b.w.runner.CSVUploadRunner - Transaction Date: 2024-03-15
2026-04-18 10:33:45 INFO  c.a.b.w.runner.CSVUploadRunner - Transaction Date: 2024-03-15
2026-04-18 10:33:45 INFO  c.a.b.w.runner.CSVUploadRunner - Transaction Date: 2024-03-15
2026-04-18 10:33:45 INFO  c.a.b.w.runner.CSVUploadRunner - Transaction Date: 2024-03-15
2026-04-18 10:33:45 INFO  c.a.b.w.runner.CSVUploadRunner - Transaction Date: 2024-03-15
2026-04-18 10:33:45 INFO  c.a.b.w.runner.CSVUploadRunner - Transaction Date: 2024-03-14
2026-04-18 10:33:45 INFO  c.a.b.w.runner.CSVUploadRunner - Transaction Date: 2024-03-13
2026-04-18 10:33:45 INFO  c.a.b.w.runner.CSVUploadRunner - Transaction Date: 2024-03-12
2026-04-18 10:33:45 INFO  c.a.b.w.runner.CSVUploadRunner - Transaction Date: 2024-03-11
2026-04-18 10:33:45 INFO  c.a.b.w.runner.CSVUploadRunner - Transaction Date: 2024-03-11
2026-04-18 10:33:45 INFO  c.a.b.w.runner.CSVUploadRunner - Transaction Date: 2024-03-11
2026-04-18 10:33:45 INFO  c.a.b.w.runner.CSVUploadRunner - Transaction Date: 2024-03-11
2026-04-18 10:33:45 INFO  c.a.b.w.runner.CSVUploadRunner - Transaction Date: 2024-03-11
2026-04-18 10:33:45 INFO  c.a.b.w.runner.CSVUploadRunner - Transaction Date: 2024-03-11
2026-04-18 10:33:45 INFO  c.a.b.w.runner.CSVUploadRunner - Transaction Date: 2024-03-10
2026-04-18 10:33:45 INFO  c.a.b.w.runner.CSVUploadRunner - Transaction Date: 2024-03-10
2026-04-18 10:33:45 INFO  c.a.b.w.runner.CSVUploadRunner - Transaction Date: 2024-03-10
2026-04-18 10:33:45 INFO  c.a.b.w.runner.CSVUploadRunner - Transaction Date: 2024-03-09
2026-04-18 10:33:45 INFO  c.a.b.w.runner.CSVUploadRunner - Transaction Date: 2024-03-09
2026-04-18 10:33:45 INFO  c.a.b.w.runner.CSVUploadRunner - Transaction Date: 2024-03-09
2026-04-18 10:33:45 INFO  c.a.b.w.runner.CSVUploadRunner - Transaction Date: 2024-03-09
2026-04-18 10:33:45 INFO  c.a.b.w.runner.CSVUploadRunner - Transaction Date: 2024-03-08
2026-04-18 10:33:45 INFO  c.a.b.w.runner.CSVUploadRunner - Transaction Date: 2024-03-08
2026-04-18 10:33:45 INFO  c.a.b.w.runner.CSVUploadRunner - Transaction Date: 2024-03-08
2026-04-18 10:33:45 INFO  c.a.b.w.runner.CSVUploadRunner - Transaction Date: 2024-03-07
2026-04-18 10:33:45 INFO  c.a.b.w.runner.CSVUploadRunner - Transaction Date: 2024-03-07
2026-04-18 10:33:45 INFO  c.a.b.w.runner.CSVUploadRunner - Transaction Date: 2024-03-06
2026-04-18 10:33:45 INFO  c.a.b.w.runner.CSVUploadRunner - Transaction Date: 2024-03-06
2026-04-18 10:33:45 INFO  c.a.b.w.runner.CSVUploadRunner - Transaction Date: 2024-03-05
2026-04-18 10:33:45 INFO  c.a.b.w.runner.CSVUploadRunner - Transaction Date: 2024-03-04
2026-04-18 10:33:45 INFO  c.a.b.w.runner.CSVUploadRunner - Transaction Date: 2024-03-04
2026-04-18 10:33:45 INFO  c.a.b.w.runner.CSVUploadRunner - Transaction Date: 2024-03-04
2026-04-18 10:33:45 INFO  c.a.b.w.runner.CSVUploadRunner - Transaction Date: 2024-03-03
2026-04-18 10:33:45 INFO  c.a.b.w.runner.CSVUploadRunner - Transaction Date: 2024-03-03
2026-04-18 10:33:45 INFO  c.a.b.w.runner.CSVUploadRunner - Transaction Date: 2024-03-03
2026-04-18 10:33:45 INFO  c.a.b.w.runner.CSVUploadRunner - Transaction Date: 2024-03-03
2026-04-18 10:33:45 INFO  c.a.b.w.runner.CSVUploadRunner - Transaction Date: 2024-03-03
2026-04-18 10:33:45 INFO  c.a.b.w.runner.CSVUploadRunner - Transaction Date: 2024-03-02
2026-04-18 10:33:45 INFO  c.a.b.w.runner.CSVUploadRunner - Transaction Date: 2024-03-02
2026-04-18 10:33:45 INFO  c.a.b.w.runner.CSVUploadRunner - Transaction Date: 2024-03-02
2026-04-18 10:33:45 INFO  c.a.b.w.runner.CSVUploadRunner - Transaction Date: 2024-03-01
2026-04-18 10:33:45 INFO  c.a.b.w.runner.CSVUploadRunner - Transaction Date: 2024-03-01
2026-04-18 10:33:45 INFO  c.a.b.w.runner.CSVUploadRunner - Transaction Date: 2024-03-01
2026-04-18 10:33:45 INFO  c.a.b.w.runner.CSVUploadRunner - Transaction Date: 2024-03-01
2026-04-18 10:33:45 INFO  c.a.b.w.runner.CSVUploadRunner - Transaction Date: 2024-03-01
2026-04-18 10:33:45 INFO  c.a.b.w.runner.CSVUploadRunner - Transaction Date: 2024-03-01
2026-04-18 10:33:45 INFO  c.a.b.w.runner.CSVUploadRunner - Transaction Date: 2024-02-29
2026-04-18 10:33:45 INFO  c.a.b.w.runner.CSVUploadRunner - Transaction Date: 2024-02-29
2026-04-18 10:33:45 INFO  c.a.b.w.runner.CSVUploadRunner - Transaction Date: 2024-02-29
2026-04-18 10:33:45 INFO  c.a.b.w.runner.CSVUploadRunner - Transaction Date: 2024-02-29
2026-04-18 10:33:45 INFO  c.a.b.w.runner.CSVUploadRunner - Transaction Date: 2024-02-29
2026-04-18 10:33:45 INFO  c.a.b.w.runner.CSVUploadRunner - Transaction Date: 2024-02-29
2026-04-18 10:33:45 INFO  c.a.b.w.runner.CSVUploadRunner - Transaction Date: 2024-02-29
2026-04-18 10:33:45 INFO  c.a.b.w.runner.CSVUploadRunner - Transaction Date: 2024-02-29
2026-04-18 10:33:45 INFO  c.a.b.w.runner.CSVUploadRunner - Transaction Date: 2024-02-29
2026-04-18 10:33:45 INFO  c.a.b.w.runner.CSVUploadRunner - Transaction Date: 2024-02-29
2026-04-18 10:33:45 INFO  c.a.b.w.runner.CSVUploadRunner - Transaction Date: 2024-02-29
2026-04-18 10:33:45 INFO  c.a.b.w.runner.CSVUploadRunner - Transaction Date: 2024-02-27
2026-04-18 10:33:45 INFO  c.a.b.w.runner.CSVUploadRunner - Transaction Date: 2024-02-26
2026-04-18 10:33:45 INFO  c.a.b.w.runner.CSVUploadRunner - Transaction Date: 2024-02-26
2026-04-18 10:33:45 INFO  c.a.b.w.runner.CSVUploadRunner - Transaction Date: 2024-02-26
2026-04-18 10:33:45 INFO  c.a.b.w.runner.CSVUploadRunner - Transaction Date: 2024-02-26
2026-04-18 10:33:45 INFO  c.a.b.w.runner.CSVUploadRunner - Transaction Date: 2024-02-25
2026-04-18 10:33:45 INFO  c.a.b.w.runner.CSVUploadRunner - Transaction Date: 2024-02-25
2026-04-18 10:33:45 INFO  c.a.b.w.runner.CSVUploadRunner - Transaction Date: 2024-02-25
2026-04-18 10:33:45 INFO  c.a.b.w.runner.CSVUploadRunner - Transaction Date: 2024-02-24
2026-04-18 10:33:45 INFO  c.a.b.w.runner.CSVUploadRunner - Transaction Date: 2024-02-23
2026-04-18 10:33:45 INFO  c.a.b.w.runner.CSVUploadRunner - Transaction Date: 2024-02-23
2026-04-18 10:33:45 INFO  c.a.b.w.runner.CSVUploadRunner - Transaction Date: 2024-02-23
2026-04-18 10:33:45 INFO  c.a.b.w.runner.CSVUploadRunner - Transaction Date: 2024-02-22
2026-04-18 10:33:45 INFO  c.a.b.w.runner.CSVUploadRunner - Transaction Date: 2024-02-21
2026-04-18 10:33:45 INFO  c.a.b.w.runner.CSVUploadRunner - Transaction Date: 2024-02-21
2026-04-18 10:33:45 INFO  c.a.b.w.runner.CSVUploadRunner - Transaction Date: 2024-02-21
2026-04-18 10:33:45 INFO  c.a.b.w.runner.CSVUploadRunner - Transaction Date: 2024-02-21
2026-04-18 10:33:45 INFO  c.a.b.w.runner.CSVUploadRunner - Transaction Date: 2024-02-20
2026-04-18 10:33:45 INFO  c.a.b.w.runner.CSVUploadRunner - Transaction Date: 2024-02-20
2026-04-18 10:33:45 INFO  c.a.b.w.runner.CSVUploadRunner - Transaction Date: 2024-02-20
2026-04-18 10:33:45 INFO  c.a.b.w.runner.CSVUploadRunner - Transaction Date: 2024-02-20
2026-04-18 10:33:45 INFO  c.a.b.w.runner.CSVUploadRunner - Transaction Date: 2024-02-20
2026-04-18 10:33:45 INFO  c.a.b.w.runner.CSVUploadRunner - Transaction Date: 2024-02-19
2026-04-18 10:33:45 INFO  c.a.b.w.runner.CSVUploadRunner - Transaction Date: 2024-02-19
2026-04-18 10:33:45 INFO  c.a.b.w.runner.CSVUploadRunner - Transaction Date: 2024-02-18
2026-04-18 10:33:45 INFO  c.a.b.w.runner.CSVUploadRunner - Transaction Date: 2024-02-18
2026-04-18 10:33:45 INFO  c.a.b.w.runner.CSVUploadRunner - Transaction Date: 2024-02-17
2026-04-18 10:33:45 INFO  c.a.b.w.runner.CSVUploadRunner - Transaction Date: 2024-02-17
2026-04-18 10:33:45 INFO  c.a.b.w.runner.CSVUploadRunner - Transaction Date: 2024-02-17
2026-04-18 10:33:45 INFO  c.a.b.w.runner.CSVUploadRunner - Transaction Date: 2024-02-16
2026-04-18 10:33:45 INFO  c.a.b.w.runner.CSVUploadRunner - Transaction Date: 2024-02-16
2026-04-18 10:33:45 INFO  c.a.b.w.runner.CSVUploadRunner - Transaction Date: 2024-02-15
2026-04-18 10:33:45 INFO  c.a.b.w.runner.CSVUploadRunner - Transaction Date: 2024-02-15
2026-04-18 10:33:45 INFO  c.a.b.w.runner.CSVUploadRunner - Transaction Date: 2024-02-15
2026-04-18 10:33:45 INFO  c.a.b.w.runner.CSVUploadRunner - Transaction Date: 2024-02-15
2026-04-18 10:33:45 INFO  c.a.b.w.runner.CSVUploadRunner - Transaction Date: 2024-02-15
2026-04-18 10:33:45 INFO  c.a.b.w.runner.CSVUploadRunner - Transaction Date: 2024-02-15
2026-04-18 10:33:45 INFO  c.a.b.w.runner.CSVUploadRunner - Transaction Date: 2024-02-13
2026-04-18 10:33:45 INFO  c.a.b.w.runner.CSVUploadRunner - Transaction Date: 2024-02-13
2026-04-18 10:33:45 INFO  c.a.b.w.runner.CSVUploadRunner - Transaction Date: 2024-02-13
2026-04-18 10:33:45 INFO  c.a.b.w.runner.CSVUploadRunner - Transaction Date: 2024-02-13
2026-04-18 10:33:45 INFO  c.a.b.w.runner.CSVUploadRunner - Transaction Date: 2024-02-12
2026-04-18 10:33:45 INFO  c.a.b.w.runner.CSVUploadRunner - Transaction Date: 2024-02-12
2026-04-18 10:33:45 INFO  c.a.b.w.runner.CSVUploadRunner - Transaction Date: 2024-02-12
2026-04-18 10:33:45 INFO  c.a.b.w.runner.CSVUploadRunner - Transaction Date: 2024-02-12
2026-04-18 10:33:45 INFO  c.a.b.w.runner.CSVUploadRunner - Transaction Date: 2024-02-12
2026-04-18 10:33:45 INFO  c.a.b.w.runner.CSVUploadRunner - Transaction Date: 2024-02-12
2026-04-18 10:33:45 INFO  c.a.b.w.runner.CSVUploadRunner - Transaction Date: 2024-02-11
2026-04-18 10:33:45 INFO  c.a.b.w.runner.CSVUploadRunner - Transaction Date: 2024-02-11
2026-04-18 10:33:45 INFO  c.a.b.w.runner.CSVUploadRunner - Transaction Date: 2024-02-11
2026-04-18 10:33:45 INFO  c.a.b.w.runner.CSVUploadRunner - Transaction Date: 2024-02-10
2026-04-18 10:33:45 INFO  c.a.b.w.runner.CSVUploadRunner - Transaction Date: 2024-02-10
2026-04-18 10:33:45 INFO  c.a.b.w.runner.CSVUploadRunner - Transaction Date: 2024-02-10
2026-04-18 10:33:45 INFO  c.a.b.w.runner.CSVUploadRunner - Transaction Date: 2024-02-08
2026-04-18 10:33:45 INFO  c.a.b.w.runner.CSVUploadRunner - Transaction Date: 2024-02-08
2026-04-18 10:33:45 INFO  c.a.b.w.runner.CSVUploadRunner - Transaction Date: 2024-02-07
2026-04-18 10:33:45 INFO  c.a.b.w.runner.CSVUploadRunner - Transaction Date: 2024-02-07
2026-04-18 10:33:45 INFO  c.a.b.w.runner.CSVUploadRunner - Transaction Date: 2024-02-06
2026-04-18 10:33:45 INFO  c.a.b.w.runner.CSVUploadRunner - Transaction Date: 2024-02-06
2026-04-18 10:33:45 INFO  c.a.b.w.runner.CSVUploadRunner - Transaction Date: 2024-02-05
2026-04-18 10:33:45 INFO  c.a.b.w.runner.CSVUploadRunner - Transaction Date: 2024-02-05
2026-04-18 10:33:45 INFO  c.a.b.w.runner.CSVUploadRunner - Transaction Date: 2024-02-04
2026-04-18 10:33:45 INFO  c.a.b.w.runner.CSVUploadRunner - Transaction Date: 2024-02-04
2026-04-18 10:33:45 INFO  c.a.b.w.runner.CSVUploadRunner - Transaction Date: 2024-02-04
2026-04-18 10:33:45 INFO  c.a.b.w.runner.CSVUploadRunner - Transaction Date: 2024-02-04
2026-04-18 10:33:45 INFO  c.a.b.w.runner.CSVUploadRunner - Transaction Date: 2024-02-03
2026-04-18 10:33:45 INFO  c.a.b.w.runner.CSVUploadRunner - Transaction Date: 2024-02-03
2026-04-18 10:33:45 INFO  c.a.b.w.runner.CSVUploadRunner - Transaction Date: 2024-02-03
2026-04-18 10:33:45 INFO  c.a.b.w.runner.CSVUploadRunner - Transaction Date: 2024-02-03
2026-04-18 10:33:45 INFO  c.a.b.w.runner.CSVUploadRunner - Transaction Date: 2024-02-03
2026-04-18 10:33:45 INFO  c.a.b.w.runner.CSVUploadRunner - Transaction Date: 2024-02-03
2026-04-18 10:33:45 INFO  c.a.b.w.runner.CSVUploadRunner - Transaction Date: 2024-02-02
2026-04-18 10:33:45 INFO  c.a.b.w.runner.CSVUploadRunner - Transaction Date: 2024-02-02
2026-04-18 10:33:45 INFO  c.a.b.w.runner.CSVUploadRunner - Transaction Date: 2024-02-02
2026-04-18 10:33:45 INFO  c.a.b.w.runner.CSVUploadRunner - Transaction Date: 2024-02-02
2026-04-18 10:33:45 INFO  c.a.b.w.runner.CSVUploadRunner - Transaction Date: 2024-02-02
2026-04-18 10:33:45 INFO  c.a.b.w.runner.CSVUploadRunner - Transaction Date: 2024-02-01
2026-04-18 10:33:45 INFO  c.a.b.w.runner.CSVUploadRunner - Transaction Date: 2024-02-01
2026-04-18 10:33:45 INFO  c.a.b.w.runner.CSVUploadRunner - Transaction Date: 2024-02-01
2026-04-18 10:33:45 INFO  c.a.b.w.runner.CSVUploadRunner - Transaction Date: 2024-02-01
2026-04-18 10:33:45 INFO  c.a.b.w.runner.CSVUploadRunner - Transaction Date: 2024-02-01
2026-04-18 10:33:45 INFO  c.a.b.w.runner.CSVUploadRunner - Transaction Date: 2024-02-01
2026-04-18 10:33:45 INFO  c.a.b.w.runner.CSVUploadRunner - Transaction Date: 2024-01-31
2026-04-18 10:33:45 INFO  c.a.b.w.runner.CSVUploadRunner - Transaction Date: 2024-01-31
2026-04-18 10:33:45 INFO  c.a.b.w.runner.CSVUploadRunner - Transaction Date: 2024-01-31
2026-04-18 10:33:45 INFO  c.a.b.w.runner.CSVUploadRunner - Transaction Date: 2024-01-31
2026-04-18 10:33:45 INFO  c.a.b.w.runner.CSVUploadRunner - Transaction Date: 2024-01-31
2026-04-18 10:33:45 INFO  c.a.b.w.runner.CSVUploadRunner - Transaction Date: 2024-01-30
2026-04-18 10:33:45 INFO  c.a.b.w.runner.CSVUploadRunner - Transaction Date: 2024-01-30
2026-04-18 10:33:45 INFO  c.a.b.w.runner.CSVUploadRunner - Transaction Date: 2024-01-29
2026-04-18 10:33:45 INFO  c.a.b.w.runner.CSVUploadRunner - Transaction Date: 2024-01-28
2026-04-18 10:33:45 INFO  c.a.b.w.runner.CSVUploadRunner - Transaction Date: 2024-01-28
2026-04-18 10:33:45 INFO  c.a.b.w.runner.CSVUploadRunner - Transaction Date: 2024-01-28
2026-04-18 10:33:45 INFO  c.a.b.w.runner.CSVUploadRunner - Transaction Date: 2024-01-28
2026-04-18 10:33:45 INFO  c.a.b.w.runner.CSVUploadRunner - Transaction Date: 2024-01-27
2026-04-18 10:33:45 INFO  c.a.b.w.runner.CSVUploadRunner - Transaction Date: 2024-01-26
2026-04-18 10:33:45 INFO  c.a.b.w.runner.CSVUploadRunner - Transaction Date: 2024-01-26
2026-04-18 10:33:45 INFO  c.a.b.w.runner.CSVUploadRunner - Transaction Date: 2024-01-26
2026-04-18 10:33:45 INFO  c.a.b.w.runner.CSVUploadRunner - Transaction Date: 2024-01-26
2026-04-18 10:33:45 INFO  c.a.b.w.runner.CSVUploadRunner - Transaction Date: 2024-01-25
2026-04-18 10:33:45 INFO  c.a.b.w.runner.CSVUploadRunner - Transaction Date: 2024-01-25
2026-04-18 10:33:45 INFO  c.a.b.w.runner.CSVUploadRunner - Transaction Date: 2024-01-25
2026-04-18 10:33:45 INFO  c.a.b.w.runner.CSVUploadRunner - Transaction Date: 2024-01-25
2026-04-18 10:33:45 INFO  c.a.b.w.runner.CSVUploadRunner - Transaction Date: 2024-01-25
2026-04-18 10:33:45 INFO  c.a.b.w.runner.CSVUploadRunner - Transaction Date: 2024-01-24
2026-04-18 10:33:45 INFO  c.a.b.w.runner.CSVUploadRunner - Transaction Date: 2024-01-23
2026-04-18 10:33:45 INFO  c.a.b.w.runner.CSVUploadRunner - Transaction Date: 2024-01-23
2026-04-18 10:33:45 INFO  c.a.b.w.runner.CSVUploadRunner - Transaction Date: 2024-01-23
2026-04-18 10:33:45 INFO  c.a.b.w.runner.CSVUploadRunner - Transaction Date: 2024-01-22
2026-04-18 10:33:45 INFO  c.a.b.w.runner.CSVUploadRunner - Transaction Date: 2024-01-22
2026-04-18 10:33:45 INFO  c.a.b.w.runner.CSVUploadRunner - Transaction Date: 2024-01-22
2026-04-18 10:33:45 INFO  c.a.b.w.runner.CSVUploadRunner - Transaction Date: 2024-01-22
2026-04-18 10:33:45 INFO  c.a.b.w.runner.CSVUploadRunner - Transaction Date: 2024-01-21
2026-04-18 10:33:45 INFO  c.a.b.w.runner.CSVUploadRunner - Transaction Date: 2024-01-21
2026-04-18 10:33:45 INFO  c.a.b.w.runner.CSVUploadRunner - Transaction Date: 2024-01-21
2026-04-18 10:33:45 INFO  c.a.b.w.runner.CSVUploadRunner - Transaction Date: 2024-01-20
2026-04-18 10:33:45 INFO  c.a.b.w.runner.CSVUploadRunner - Transaction Date: 2024-01-19
2026-04-18 10:33:45 INFO  c.a.b.w.runner.CSVUploadRunner - Transaction Date: 2024-01-19
2026-04-18 10:33:45 INFO  c.a.b.w.runner.CSVUploadRunner - Transaction Date: 2024-01-18
2026-04-18 10:33:45 INFO  c.a.b.w.runner.CSVUploadRunner - Transaction Date: 2024-01-18
2026-04-18 10:33:45 INFO  c.a.b.w.runner.CSVUploadRunner - Transaction Date: 2024-01-18
2026-04-18 10:33:45 INFO  c.a.b.w.runner.CSVUploadRunner - Transaction Date: 2024-01-18
2026-04-18 10:33:45 INFO  c.a.b.w.runner.CSVUploadRunner - Transaction Date: 2024-01-17
2026-04-18 10:33:45 INFO  c.a.b.w.runner.CSVUploadRunner - Transaction Date: 2024-01-17
2026-04-18 10:33:45 INFO  c.a.b.w.runner.CSVUploadRunner - Transaction Date: 2024-01-17
2026-04-18 10:33:45 INFO  c.a.b.w.runner.CSVUploadRunner - Transaction Date: 2024-01-17
2026-04-18 10:33:45 INFO  c.a.b.w.runner.CSVUploadRunner - Transaction Date: 2024-01-17
2026-04-18 10:33:45 INFO  c.a.b.w.runner.CSVUploadRunner - Transaction Date: 2024-01-16
2026-04-18 10:33:45 INFO  c.a.b.w.runner.CSVUploadRunner - Transaction Date: 2024-01-16
2026-04-18 10:33:45 INFO  c.a.b.w.runner.CSVUploadRunner - Transaction Date: 2024-01-16
2026-04-18 10:33:45 INFO  c.a.b.w.runner.CSVUploadRunner - Transaction Date: 2024-01-16
2026-04-18 10:33:45 INFO  c.a.b.w.runner.CSVUploadRunner - Transaction Date: 2024-01-16
2026-04-18 10:33:45 INFO  c.a.b.w.runner.CSVUploadRunner - Transaction Date: 2024-01-15
2026-04-18 10:33:45 INFO  c.a.b.w.runner.CSVUploadRunner - Transaction Date: 2024-01-15
2026-04-18 10:33:45 INFO  c.a.b.w.runner.CSVUploadRunner - Transaction Date: 2024-01-15
2026-04-18 10:33:45 INFO  c.a.b.w.runner.CSVUploadRunner - Transaction Date: 2024-01-14
2026-04-18 10:33:45 INFO  c.a.b.w.runner.CSVUploadRunner - Transaction Date: 2024-01-14
2026-04-18 10:33:45 INFO  c.a.b.w.runner.CSVUploadRunner - Transaction Date: 2024-01-14
2026-04-18 10:33:45 INFO  c.a.b.w.runner.CSVUploadRunner - Transaction Date: 2024-01-13
2026-04-18 10:33:45 INFO  c.a.b.w.runner.CSVUploadRunner - Transaction Date: 2024-01-13
2026-04-18 10:33:45 INFO  c.a.b.w.runner.CSVUploadRunner - Transaction Date: 2024-01-13
2026-04-18 10:33:45 INFO  c.a.b.w.runner.CSVUploadRunner - Transaction Date: 2024-01-12
2026-04-18 10:33:45 INFO  c.a.b.w.runner.CSVUploadRunner - Transaction Date: 2024-01-12
2026-04-18 10:33:45 INFO  c.a.b.w.runner.CSVUploadRunner - Transaction Date: 2024-01-11
2026-04-18 10:33:45 INFO  c.a.b.w.runner.CSVUploadRunner - Transaction Date: 2024-01-11
2026-04-18 10:33:45 INFO  c.a.b.w.runner.CSVUploadRunner - Transaction Date: 2024-01-11
2026-04-18 10:33:45 INFO  c.a.b.w.runner.CSVUploadRunner - Transaction Date: 2024-01-08
2026-04-18 10:33:45 INFO  c.a.b.w.runner.CSVUploadRunner - Transaction Date: 2024-01-08
2026-04-18 10:33:45 INFO  c.a.b.w.runner.CSVUploadRunner - Transaction Date: 2024-01-08
2026-04-18 10:33:45 INFO  c.a.b.w.runner.CSVUploadRunner - Transaction Date: 2024-01-07
2026-04-18 10:33:45 INFO  c.a.b.w.runner.CSVUploadRunner - Transaction Date: 2024-01-07
2026-04-18 10:33:45 INFO  c.a.b.w.runner.CSVUploadRunner - Transaction Date: 2024-01-06
2026-04-18 10:33:45 INFO  c.a.b.w.runner.CSVUploadRunner - Transaction Date: 2024-01-06
2026-04-18 10:33:45 INFO  c.a.b.w.runner.CSVUploadRunner - Transaction Date: 2024-01-06
2026-04-18 10:33:45 INFO  c.a.b.w.runner.CSVUploadRunner - Transaction Date: 2024-01-06
2026-04-18 10:33:45 INFO  c.a.b.w.runner.CSVUploadRunner - Transaction Date: 2024-01-06
2026-04-18 10:33:45 INFO  c.a.b.w.runner.CSVUploadRunner - Transaction Date: 2024-01-05
2026-04-18 10:33:45 INFO  c.a.b.w.runner.CSVUploadRunner - Transaction Date: 2024-01-05
2026-04-18 10:33:45 INFO  c.a.b.w.runner.CSVUploadRunner - Transaction Date: 2024-01-05
2026-04-18 10:33:45 INFO  c.a.b.w.runner.CSVUploadRunner - Transaction Date: 2024-01-04
2026-04-18 10:33:45 INFO  c.a.b.w.runner.CSVUploadRunner - Transaction Date: 2024-01-04
2026-04-18 10:33:45 INFO  c.a.b.w.runner.CSVUploadRunner - Transaction Date: 2024-01-04
2026-04-18 10:33:45 INFO  c.a.b.w.runner.CSVUploadRunner - Transaction Date: 2024-01-03
2026-04-18 10:33:45 INFO  c.a.b.w.runner.CSVUploadRunner - Transaction Date: 2024-01-03
2026-04-18 10:33:45 INFO  c.a.b.w.runner.CSVUploadRunner - Transaction Date: 2024-01-03
2026-04-18 10:33:45 INFO  c.a.b.w.runner.CSVUploadRunner - Transaction Date: 2024-01-03
2026-04-18 10:33:45 INFO  c.a.b.w.runner.CSVUploadRunner - Transaction Date: 2024-01-03
2026-04-18 10:33:45 INFO  c.a.b.w.runner.CSVUploadRunner - Transaction Date: 2024-01-03
2026-04-18 10:33:45 INFO  c.a.b.w.runner.CSVUploadRunner - Transaction Date: 2024-01-02
2026-04-18 10:33:45 INFO  c.a.b.w.runner.CSVUploadRunner - Transaction Date: 2024-01-02
2026-04-18 10:33:45 INFO  c.a.b.w.runner.CSVUploadRunner - Transaction Date: 2024-01-02
2026-04-18 10:33:45 INFO  c.a.b.w.runner.CSVUploadRunner - Transaction Date: 2024-01-02
2026-04-18 10:33:45 INFO  c.a.b.w.runner.CSVUploadRunner - Transaction Date: 2024-01-01
2026-04-18 10:33:45 INFO  c.a.b.w.runner.CSVUploadRunner - Transaction Date: 2024-01-01
2026-04-18 10:33:45 INFO  c.a.b.w.runner.CSVUploadRunner - Transaction Date: 2023-12-31
2026-04-18 10:33:45 INFO  c.a.b.w.runner.CSVUploadRunner - Transaction Date: 2023-12-31
2026-04-18 10:33:45 INFO  c.a.b.w.runner.CSVUploadRunner - Transaction Date: 2023-12-30
2026-04-18 10:33:45 INFO  c.a.b.w.runner.CSVUploadRunner - Transaction Date: 2023-12-30
2026-04-18 10:33:45 INFO  c.a.b.w.runner.CSVUploadRunner - Transaction Date: 2023-12-29
2026-04-18 10:33:45 INFO  c.a.b.w.runner.CSVUploadRunner - Transaction Date: 2023-12-29
2026-04-18 10:33:45 INFO  c.a.b.w.runner.CSVUploadRunner - Transaction Date: 2023-12-29
2026-04-18 10:33:45 INFO  c.a.b.w.runner.CSVUploadRunner - Transaction Date: 2023-12-29
2026-04-18 10:33:45 INFO  c.a.b.w.runner.CSVUploadRunner - Transaction Date: 2023-12-29
2026-04-18 10:33:45 INFO  c.a.b.w.runner.CSVUploadRunner - Transaction Date: 2023-12-28
2026-04-18 10:33:45 INFO  c.a.b.w.runner.CSVUploadRunner - Transaction Date: 2023-12-28
2026-04-18 10:33:45 INFO  c.a.b.w.runner.CSVUploadRunner - Transaction Date: 2023-12-28
2026-04-18 10:33:45 INFO  c.a.b.w.runner.CSVUploadRunner - Transaction Date: 2023-12-27
2026-04-18 10:33:45 INFO  c.a.b.w.runner.CSVUploadRunner - Transaction Date: 2023-12-27
2026-04-18 10:33:45 INFO  c.a.b.w.runner.CSVUploadRunner - Transaction Date: 2023-12-27
2026-04-18 10:33:45 INFO  c.a.b.w.runner.CSVUploadRunner - Transaction Date: 2023-12-27
2026-04-18 10:33:45 INFO  c.a.b.w.runner.CSVUploadRunner - Transaction Date: 2023-12-26
2026-04-18 10:33:45 INFO  c.a.b.w.runner.CSVUploadRunner - Transaction Date: 2023-12-26
2026-04-18 10:33:45 INFO  c.a.b.w.runner.CSVUploadRunner - Transaction Date: 2023-12-26
2026-04-18 10:33:45 INFO  c.a.b.w.runner.CSVUploadRunner - Transaction Date: 2023-12-26
2026-04-18 10:33:45 INFO  c.a.b.w.runner.CSVUploadRunner - Transaction Date: 2023-12-26
2026-04-18 10:33:45 INFO  c.a.b.w.runner.CSVUploadRunner - Transaction Date: 2023-12-23
2026-04-18 10:33:45 INFO  c.a.b.w.runner.CSVUploadRunner - Transaction Date: 2023-12-23
2026-04-18 10:33:45 INFO  c.a.b.w.runner.CSVUploadRunner - Transaction Date: 2023-12-22
2026-04-18 10:33:45 INFO  c.a.b.w.runner.CSVUploadRunner - Transaction Date: 2023-12-22
2026-04-18 10:33:45 INFO  c.a.b.w.runner.CSVUploadRunner - Transaction Date: 2023-12-22
2026-04-18 10:33:45 INFO  c.a.b.w.runner.CSVUploadRunner - Transaction Date: 2023-12-22
2026-04-18 10:33:45 INFO  c.a.b.w.runner.CSVUploadRunner - Transaction Date: 2023-12-22
2026-04-18 10:33:45 INFO  c.a.b.w.runner.CSVUploadRunner - Transaction Date: 2023-12-21
2026-04-18 10:33:45 INFO  c.a.b.w.runner.CSVUploadRunner - Transaction Date: 2023-12-21
2026-04-18 10:33:45 INFO  c.a.b.w.runner.CSVUploadRunner - Transaction Date: 2023-12-21
2026-04-18 10:33:45 INFO  c.a.b.w.runner.CSVUploadRunner - Transaction Date: 2023-12-20
2026-04-18 10:33:45 INFO  c.a.b.w.runner.CSVUploadRunner - Transaction Date: 2023-12-19
2026-04-18 10:33:45 INFO  c.a.b.w.runner.CSVUploadRunner - Transaction Date: 2023-12-19
2026-04-18 10:33:45 INFO  c.a.b.w.runner.CSVUploadRunner - Transaction Date: 2023-12-19
2026-04-18 10:33:45 INFO  c.a.b.w.runner.CSVUploadRunner - Transaction Date: 2023-12-19
2026-04-18 10:33:45 INFO  c.a.b.w.runner.CSVUploadRunner - Transaction Date: 2023-12-18
2026-04-18 10:33:45 INFO  c.a.b.w.runner.CSVUploadRunner - Transaction Date: 2023-12-18
2026-04-18 10:33:45 INFO  c.a.b.w.runner.CSVUploadRunner - Transaction Date: 2023-12-18
2026-04-18 10:33:45 INFO  c.a.b.w.runner.CSVUploadRunner - Transaction Date: 2023-12-18
2026-04-18 10:33:45 INFO  c.a.b.w.runner.CSVUploadRunner - Transaction Date: 2023-12-17
2026-04-18 10:33:45 INFO  c.a.b.w.runner.CSVUploadRunner - Transaction Date: 2023-12-17
2026-04-18 10:33:45 INFO  c.a.b.w.runner.CSVUploadRunner - Transaction Date: 2023-12-16
2026-04-18 10:33:45 INFO  c.a.b.w.runner.CSVUploadRunner - Transaction Date: 2023-12-16
2026-04-18 10:33:45 INFO  c.a.b.w.runner.CSVUploadRunner - Transaction Date: 2023-12-16
2026-04-18 10:33:45 INFO  c.a.b.w.runner.CSVUploadRunner - Transaction Date: 2023-12-16
2026-04-18 10:33:45 INFO  c.a.b.w.runner.CSVUploadRunner - Transaction Date: 2023-12-15
2026-04-18 10:33:45 INFO  c.a.b.w.runner.CSVUploadRunner - Transaction Date: 2023-12-15
2026-04-18 10:33:45 INFO  c.a.b.w.runner.CSVUploadRunner - Transaction Date: 2023-12-15
2026-04-18 10:33:45 INFO  c.a.b.w.runner.CSVUploadRunner - Transaction Date: 2023-12-15
2026-04-18 10:33:45 INFO  c.a.b.w.runner.CSVUploadRunner - Transaction Date: 2023-12-15
2026-04-18 10:33:45 INFO  c.a.b.w.runner.CSVUploadRunner - Transaction Date: 2023-12-15
2026-04-18 10:33:45 INFO  c.a.b.w.runner.CSVUploadRunner - Transaction Date: 2023-12-15
2026-04-18 10:33:45 INFO  c.a.b.w.runner.CSVUploadRunner - Transaction Date: 2023-12-14
2026-04-18 10:33:45 INFO  c.a.b.w.runner.CSVUploadRunner - Transaction Date: 2023-12-14
2026-04-18 10:33:45 INFO  c.a.b.w.runner.CSVUploadRunner - Transaction Date: 2023-12-13
2026-04-18 10:33:45 INFO  c.a.b.w.runner.CSVUploadRunner - Transaction Date: 2023-12-13
2026-04-18 10:33:45 INFO  c.a.b.w.runner.CSVUploadRunner - Transaction Date: 2023-12-12
2026-04-18 10:33:45 INFO  c.a.b.w.runner.CSVUploadRunner - Transaction Date: 2023-12-12
2026-04-18 10:33:45 INFO  c.a.b.w.runner.CSVUploadRunner - Transaction Date: 2023-12-12
2026-04-18 10:33:45 INFO  c.a.b.w.runner.CSVUploadRunner - Transaction Date: 2023-12-11
2026-04-18 10:33:45 INFO  c.a.b.w.runner.CSVUploadRunner - Transaction Date: 2023-12-11
2026-04-18 10:33:45 INFO  c.a.b.w.runner.CSVUploadRunner - Transaction Date: 2023-12-11
2026-04-18 10:33:45 INFO  c.a.b.w.runner.CSVUploadRunner - Transaction Date: 2023-12-11
2026-04-18 10:33:45 INFO  c.a.b.w.runner.CSVUploadRunner - Transaction Date: 2023-12-11
2026-04-18 10:33:45 INFO  c.a.b.w.runner.CSVUploadRunner - Transaction Date: 2023-12-11
2026-04-18 10:33:45 INFO  c.a.b.w.runner.CSVUploadRunner - Transaction Date: 2023-12-11
2026-04-18 10:33:45 INFO  c.a.b.w.runner.CSVUploadRunner - Transaction Date: 2023-12-10
2026-04-18 10:33:45 INFO  c.a.b.w.runner.CSVUploadRunner - Transaction Date: 2023-12-10
2026-04-18 10:33:45 INFO  c.a.b.w.runner.CSVUploadRunner - Transaction Date: 2023-12-10
2026-04-18 10:33:45 INFO  c.a.b.w.runner.CSVUploadRunner - Transaction Date: 2023-12-10
2026-04-18 10:33:45 INFO  c.a.b.w.runner.CSVUploadRunner - Transaction Date: 2023-12-10
2026-04-18 10:33:45 INFO  c.a.b.w.runner.CSVUploadRunner - Transaction Date: 2023-12-09
2026-04-18 10:33:45 INFO  c.a.b.w.runner.CSVUploadRunner - Transaction Date: 2023-12-08
2026-04-18 10:33:45 INFO  c.a.b.w.runner.CSVUploadRunner - Transaction Date: 2023-12-08
2026-04-18 10:33:45 INFO  c.a.b.w.runner.CSVUploadRunner - Transaction Date: 2023-12-08
2026-04-18 10:33:45 INFO  c.a.b.w.runner.CSVUploadRunner - Transaction Date: 2023-12-08
2026-04-18 10:33:45 INFO  c.a.b.w.runner.CSVUploadRunner - Transaction Date: 2023-12-08
2026-04-18 10:33:45 INFO  c.a.b.w.runner.CSVUploadRunner - Transaction Date: 2023-12-07
2026-04-18 10:33:45 INFO  c.a.b.w.runner.CSVUploadRunner - Transaction Date: 2023-12-07
2026-04-18 10:33:45 INFO  c.a.b.w.runner.CSVUploadRunner - Transaction Date: 2023-12-06
2026-04-18 10:33:45 INFO  c.a.b.w.runner.CSVUploadRunner - Transaction Date: 2023-12-06
2026-04-18 10:33:45 INFO  c.a.b.w.runner.CSVUploadRunner - Transaction Date: 2023-12-05
2026-04-18 10:33:45 INFO  c.a.b.w.runner.CSVUploadRunner - Transaction Date: 2023-12-05
2026-04-18 10:33:45 INFO  c.a.b.w.runner.CSVUploadRunner - Transaction Date: 2023-12-05
2026-04-18 10:33:45 INFO  c.a.b.w.runner.CSVUploadRunner - Transaction Date: 2023-12-05
2026-04-18 10:33:45 INFO  c.a.b.w.runner.CSVUploadRunner - Transaction Date: 2023-12-04
2026-04-18 10:33:45 INFO  c.a.b.w.runner.CSVUploadRunner - Transaction Date: 2023-12-04
2026-04-18 10:33:45 INFO  c.a.b.w.runner.CSVUploadRunner - Transaction Date: 2023-12-04
2026-04-18 10:33:45 INFO  c.a.b.w.runner.CSVUploadRunner - Transaction Date: 2023-12-04
2026-04-18 10:33:45 INFO  c.a.b.w.runner.CSVUploadRunner - Transaction Date: 2023-12-04
2026-04-18 10:33:45 INFO  c.a.b.w.runner.CSVUploadRunner - Transaction Date: 2023-12-04
2026-04-18 10:33:45 INFO  c.a.b.w.runner.CSVUploadRunner - Transaction Date: 2023-12-03
2026-04-18 10:33:45 INFO  c.a.b.w.runner.CSVUploadRunner - Transaction Date: 2023-12-03
2026-04-18 10:33:45 INFO  c.a.b.w.runner.CSVUploadRunner - Transaction Date: 2023-12-03
2026-04-18 10:33:45 INFO  c.a.b.w.runner.CSVUploadRunner - Transaction Date: 2023-12-02
2026-04-18 10:33:45 INFO  c.a.b.w.runner.CSVUploadRunner - Transaction Date: 2023-12-02
2026-04-18 10:33:45 INFO  c.a.b.w.runner.CSVUploadRunner - Transaction Date: 2023-12-02
2026-04-18 10:33:45 INFO  c.a.b.w.runner.CSVUploadRunner - Transaction Date: 2023-12-02
2026-04-18 10:33:45 INFO  c.a.b.w.runner.CSVUploadRunner - Transaction Date: 2023-12-01
2026-04-18 10:33:45 INFO  c.a.b.w.runner.CSVUploadRunner - Transaction Date: 2023-12-01
2026-04-18 10:33:45 INFO  c.a.b.w.runner.CSVUploadRunner - Transaction Date: 2023-12-01
2026-04-18 10:33:45 INFO  c.a.b.w.runner.CSVUploadRunner - Transaction Date: 2023-11-30
2026-04-18 10:33:45 INFO  c.a.b.w.runner.CSVUploadRunner - Transaction Date: 2023-11-30
2026-04-18 10:33:45 INFO  c.a.b.w.runner.CSVUploadRunner - Transaction Date: 2023-11-30
2026-04-18 10:33:45 INFO  c.a.b.w.runner.CSVUploadRunner - Transaction Date: 2023-11-30
2026-04-18 10:33:45 INFO  c.a.b.w.runner.CSVUploadRunner - Transaction Date: 2023-11-29
2026-04-18 10:33:45 INFO  c.a.b.w.runner.CSVUploadRunner - Transaction Date: 2023-11-29
2026-04-18 10:33:45 INFO  c.a.b.w.runner.CSVUploadRunner - Transaction Date: 2023-11-28
2026-04-18 10:33:45 INFO  c.a.b.w.runner.CSVUploadRunner - Transaction Date: 2023-11-28
2026-04-18 10:33:45 INFO  c.a.b.w.runner.CSVUploadRunner - Transaction Date: 2023-11-23
2026-04-18 10:33:45 INFO  c.a.b.w.runner.CSVUploadRunner - Transaction Date: 2023-11-22
2026-04-18 10:33:45 INFO  c.a.b.w.runner.CSVUploadRunner - Transaction Date: 2023-11-22
2026-04-18 10:33:45 INFO  c.a.b.w.runner.CSVUploadRunner - Transaction Date: 2023-11-21
2026-04-18 10:33:45 INFO  c.a.b.w.runner.CSVUploadRunner - Transaction Date: 2023-11-21
2026-04-18 10:33:45 INFO  c.a.b.w.runner.CSVUploadRunner - Transaction Date: 2023-11-21
2026-04-18 10:33:45 INFO  c.a.b.w.runner.CSVUploadRunner - Transaction Date: 2023-11-21
2026-04-18 10:33:45 INFO  c.a.b.w.runner.CSVUploadRunner - Transaction Date: 2023-11-21
2026-04-18 10:33:45 INFO  c.a.b.w.runner.CSVUploadRunner - Transaction Date: 2023-11-21
2026-04-18 10:33:45 INFO  c.a.b.w.runner.CSVUploadRunner - Transaction Date: 2023-11-20
2026-04-18 10:33:45 INFO  c.a.b.w.runner.CSVUploadRunner - Transaction Date: 2023-11-20
2026-04-18 10:33:45 INFO  c.a.b.w.runner.CSVUploadRunner - Transaction Date: 2023-11-19
2026-04-18 10:33:45 INFO  c.a.b.w.runner.CSVUploadRunner - Transaction Date: 2023-11-19
2026-04-18 10:33:45 INFO  c.a.b.w.runner.CSVUploadRunner - Transaction Date: 2023-11-19
2026-04-18 10:33:45 INFO  c.a.b.w.runner.CSVUploadRunner - Transaction Date: 2023-11-19
2026-04-18 10:33:45 INFO  c.a.b.w.runner.CSVUploadRunner - Transaction Date: 2023-11-18
2026-04-18 10:33:45 INFO  c.a.b.w.runner.CSVUploadRunner - Transaction Date: 2023-11-18
2026-04-18 10:33:45 INFO  c.a.b.w.runner.CSVUploadRunner - Transaction Date: 2023-11-18
2026-04-18 10:33:45 INFO  c.a.b.w.runner.CSVUploadRunner - Transaction Date: 2023-11-18
2026-04-18 10:33:45 INFO  c.a.b.w.runner.CSVUploadRunner - Transaction Date: 2023-11-17
2026-04-18 10:33:45 INFO  c.a.b.w.runner.CSVUploadRunner - Transaction Date: 2023-11-16
2026-04-18 10:33:45 INFO  c.a.b.w.runner.CSVUploadRunner - Transaction Date: 2023-11-16
2026-04-18 10:33:45 INFO  c.a.b.w.runner.CSVUploadRunner - Transaction Date: 2023-11-16
2026-04-18 10:33:45 INFO  c.a.b.w.runner.CSVUploadRunner - Transaction Date: 2023-11-16
2026-04-18 10:33:45 INFO  c.a.b.w.runner.CSVUploadRunner - Transaction Date: 2023-11-15
2026-04-18 10:33:45 INFO  c.a.b.w.runner.CSVUploadRunner - Transaction Date: 2023-11-15
2026-04-18 10:33:45 INFO  c.a.b.w.runner.CSVUploadRunner - Transaction Date: 2023-11-15
2026-04-18 10:33:45 INFO  c.a.b.w.runner.CSVUploadRunner - Transaction Date: 2023-11-15
2026-04-18 10:33:45 INFO  c.a.b.w.runner.CSVUploadRunner - Transaction Date: 2023-11-14
2026-04-18 10:33:45 INFO  c.a.b.w.runner.CSVUploadRunner - Transaction Date: 2023-11-13
2026-04-18 10:33:45 INFO  c.a.b.w.runner.CSVUploadRunner - Transaction Date: 2023-11-12
2026-04-18 10:33:45 INFO  c.a.b.w.runner.CSVUploadRunner - Transaction Date: 2023-11-12
2026-04-18 10:33:45 INFO  c.a.b.w.runner.CSVUploadRunner - Transaction Date: 2023-11-12
2026-04-18 10:33:45 INFO  c.a.b.w.runner.CSVUploadRunner - Transaction Date: 2023-11-12
2026-04-18 10:33:45 INFO  c.a.b.w.runner.CSVUploadRunner - Transaction Date: 2023-11-12
2026-04-18 10:33:45 INFO  c.a.b.w.runner.CSVUploadRunner - Transaction Date: 2023-11-11
2026-04-18 10:33:45 INFO  c.a.b.w.runner.CSVUploadRunner - Transaction Date: 2023-11-10
2026-04-18 10:33:45 INFO  c.a.b.w.runner.CSVUploadRunner - Transaction Date: 2023-11-10
2026-04-18 10:33:45 INFO  c.a.b.w.runner.CSVUploadRunner - Transaction Date: 2023-11-09
2026-04-18 10:33:45 INFO  c.a.b.w.runner.CSVUploadRunner - Transaction Date: 2023-11-08
2026-04-18 10:33:45 INFO  c.a.b.w.runner.CSVUploadRunner - Transaction Date: 2023-11-07
2026-04-18 10:33:45 INFO  c.a.b.w.runner.CSVUploadRunner - Transaction Date: 2023-11-07
2026-04-18 10:33:45 INFO  c.a.b.w.runner.CSVUploadRunner - Transaction Date: 2023-11-07
2026-04-18 10:33:45 INFO  c.a.b.w.runner.CSVUploadRunner - Transaction Date: 2023-11-06
2026-04-18 10:33:45 INFO  c.a.b.w.runner.CSVUploadRunner - Transaction Date: 2023-11-06
2026-04-18 10:33:45 INFO  c.a.b.w.runner.CSVUploadRunner - Transaction Date: 2023-11-05
2026-04-18 10:33:45 INFO  c.a.b.w.runner.CSVUploadRunner - Transaction Date: 2023-11-05
2026-04-18 10:33:45 INFO  c.a.b.w.runner.CSVUploadRunner - Transaction Date: 2023-11-05
2026-04-18 10:33:45 INFO  c.a.b.w.runner.CSVUploadRunner - Transaction Date: 2023-11-04
2026-04-18 10:33:45 INFO  c.a.b.w.runner.CSVUploadRunner - Transaction Date: 2023-11-04
2026-04-18 10:33:45 INFO  c.a.b.w.runner.CSVUploadRunner - Transaction Date: 2023-11-04
2026-04-18 10:33:45 INFO  c.a.b.w.runner.CSVUploadRunner - Transaction Date: 2023-11-04
2026-04-18 10:33:45 INFO  c.a.b.w.runner.CSVUploadRunner - Transaction Date: 2023-11-03
2026-04-18 10:33:45 INFO  c.a.b.w.runner.CSVUploadRunner - Transaction Date: 2023-11-02
2026-04-18 10:33:45 INFO  c.a.b.w.runner.CSVUploadRunner - Transaction Date: 2023-11-01
2026-04-18 10:33:45 INFO  c.a.b.w.runner.CSVUploadRunner - Transaction Date: 2023-11-01
2026-04-18 10:33:45 INFO  c.a.b.w.runner.CSVUploadRunner - Transaction Date: 2023-11-01
2026-04-18 10:33:45 INFO  c.a.b.w.runner.CSVUploadRunner - Transaction Date: 2023-11-01
2026-04-18 10:33:45 INFO  c.a.b.w.runner.CSVUploadRunner - Transaction Date: 2023-11-01
2026-04-18 10:33:45 INFO  c.a.b.w.runner.CSVUploadRunner - Transaction Date: 2023-11-01
2026-04-18 10:33:45 INFO  c.a.b.w.runner.CSVUploadRunner - Transaction Date: 2023-11-01
2026-04-18 10:33:45 INFO  c.a.b.w.runner.CSVUploadRunner - Transaction Date: 2023-11-01
2026-04-18 10:33:45 INFO  c.a.b.w.runner.CSVUploadRunner - Transaction Date: 2023-11-01
2026-04-18 10:33:45 INFO  c.a.b.w.runner.CSVUploadRunner - Transaction Date: 2023-10-31
2026-04-18 10:33:45 INFO  c.a.b.w.runner.CSVUploadRunner - Transaction Date: 2023-10-31
2026-04-18 10:33:45 INFO  c.a.b.w.runner.CSVUploadRunner - Transaction Date: 2023-10-31
2026-04-18 10:33:45 INFO  c.a.b.w.runner.CSVUploadRunner - Transaction Date: 2023-10-31
2026-04-18 10:33:45 INFO  c.a.b.w.runner.CSVUploadRunner - Transaction Date: 2023-10-31
2026-04-18 10:33:45 INFO  c.a.b.w.runner.CSVUploadRunner - Transaction Date: 2023-10-30
2026-04-18 10:33:45 INFO  c.a.b.w.runner.CSVUploadRunner - Transaction Date: 2023-10-30
2026-04-18 10:33:45 INFO  c.a.b.w.runner.CSVUploadRunner - Transaction Date: 2023-10-29
2026-04-18 10:33:45 INFO  c.a.b.w.runner.CSVUploadRunner - Transaction Date: 2023-10-29
2026-04-18 10:33:45 INFO  c.a.b.w.runner.CSVUploadRunner - Transaction Date: 2023-10-27
2026-04-18 10:33:45 INFO  c.a.b.w.runner.CSVUploadRunner - Transaction Date: 2023-10-26
2026-04-18 10:33:45 INFO  c.a.b.w.runner.CSVUploadRunner - Transaction Date: 2023-10-26
2026-04-18 10:33:45 INFO  c.a.b.w.runner.CSVUploadRunner - Transaction Date: 2023-10-26
2026-04-18 10:33:45 INFO  c.a.b.w.runner.CSVUploadRunner - Transaction Date: 2023-10-25
2026-04-18 10:33:45 INFO  c.a.b.w.runner.CSVUploadRunner - Transaction Date: 2023-10-25
2026-04-18 10:33:45 INFO  c.a.b.w.runner.CSVUploadRunner - Transaction Date: 2023-10-25
2026-04-18 10:33:45 INFO  c.a.b.w.runner.CSVUploadRunner - Transaction Date: 2023-10-24
2026-04-18 10:33:45 INFO  c.a.b.w.runner.CSVUploadRunner - Transaction Date: 2023-10-24
2026-04-18 10:33:45 INFO  c.a.b.w.runner.CSVUploadRunner - Transaction Date: 2023-10-23
2026-04-18 10:33:45 INFO  c.a.b.w.runner.CSVUploadRunner - Transaction Date: 2023-10-23
2026-04-18 10:33:45 INFO  c.a.b.w.runner.CSVUploadRunner - Transaction Date: 2023-10-23
2026-04-18 10:33:45 INFO  c.a.b.w.runner.CSVUploadRunner - Transaction Date: 2023-10-23
2026-04-18 10:33:45 INFO  c.a.b.w.runner.CSVUploadRunner - Transaction Date: 2023-10-23
2026-04-18 10:33:45 INFO  c.a.b.w.runner.CSVUploadRunner - Transaction Date: 2023-10-22
2026-04-18 10:33:45 INFO  c.a.b.w.runner.CSVUploadRunner - Transaction Date: 2023-10-22
2026-04-18 10:33:45 INFO  c.a.b.w.runner.CSVUploadRunner - Transaction Date: 2023-10-22
2026-04-18 10:33:45 INFO  c.a.b.w.runner.CSVUploadRunner - Transaction Date: 2023-10-22
2026-04-18 10:33:45 INFO  c.a.b.w.runner.CSVUploadRunner - Transaction Date: 2023-10-22
2026-04-18 10:33:45 INFO  c.a.b.w.runner.CSVUploadRunner - Transaction Date: 2023-10-21
2026-04-18 10:33:45 INFO  c.a.b.w.runner.CSVUploadRunner - Transaction Date: 2023-10-21
2026-04-18 10:33:45 INFO  c.a.b.w.runner.CSVUploadRunner - Transaction Date: 2023-10-21
2026-04-18 10:33:45 INFO  c.a.b.w.runner.CSVUploadRunner - Transaction Date: 2023-10-21
2026-04-18 10:33:45 INFO  c.a.b.w.runner.CSVUploadRunner - Transaction Date: 2023-10-21
2026-04-18 10:33:45 INFO  c.a.b.w.runner.CSVUploadRunner - Transaction Date: 2023-10-21
2026-04-18 10:33:45 INFO  c.a.b.w.runner.CSVUploadRunner - Transaction Date: 2023-10-20
2026-04-18 10:33:45 INFO  c.a.b.w.runner.CSVUploadRunner - Transaction Date: 2023-10-19
2026-04-18 10:33:45 INFO  c.a.b.w.runner.CSVUploadRunner - Transaction Date: 2023-10-18
2026-04-18 10:33:45 INFO  c.a.b.w.runner.CSVUploadRunner - Transaction Date: 2023-10-17
2026-04-18 10:33:45 INFO  c.a.b.w.runner.CSVUploadRunner - Transaction Date: 2023-10-16
2026-04-18 10:33:45 INFO  c.a.b.w.runner.CSVUploadRunner - Transaction Date: 2023-10-16
2026-04-18 10:33:45 INFO  c.a.b.w.runner.CSVUploadRunner - Transaction Date: 2023-10-15
2026-04-18 10:33:45 INFO  c.a.b.w.runner.CSVUploadRunner - Transaction Date: 2023-10-15
2026-04-18 10:33:45 INFO  c.a.b.w.runner.CSVUploadRunner - Transaction Date: 2023-10-15
2026-04-18 10:33:45 INFO  c.a.b.w.runner.CSVUploadRunner - Transaction Date: 2023-10-15
2026-04-18 10:33:45 INFO  c.a.b.w.runner.CSVUploadRunner - Transaction Date: 2023-10-14
2026-04-18 10:33:45 INFO  c.a.b.w.runner.CSVUploadRunner - Transaction Date: 2023-10-13
2026-04-18 10:33:45 INFO  c.a.b.w.runner.CSVUploadRunner - Transaction Date: 2023-10-13
2026-04-18 10:33:45 INFO  c.a.b.w.runner.CSVUploadRunner - Transaction Date: 2023-10-12
2026-04-18 10:33:45 INFO  c.a.b.w.runner.CSVUploadRunner - Transaction Date: 2023-10-11
2026-04-18 10:33:45 INFO  c.a.b.w.runner.CSVUploadRunner - Transaction Date: 2023-10-11
2026-04-18 10:33:45 INFO  c.a.b.w.runner.CSVUploadRunner - Transaction Date: 2023-10-10
2026-04-18 10:33:45 INFO  c.a.b.w.runner.CSVUploadRunner - Transaction Date: 2023-10-09
2026-04-18 10:33:45 INFO  c.a.b.w.runner.CSVUploadRunner - Transaction Date: 2023-10-09
2026-04-18 10:33:45 INFO  c.a.b.w.runner.CSVUploadRunner - Transaction Date: 2023-10-08
2026-04-18 10:33:45 INFO  c.a.b.w.runner.CSVUploadRunner - Transaction Date: 2023-10-08
2026-04-18 10:33:45 INFO  c.a.b.w.runner.CSVUploadRunner - Transaction Date: 2023-10-08
2026-04-18 10:33:45 INFO  c.a.b.w.runner.CSVUploadRunner - Transaction Date: 2023-10-08
2026-04-18 10:33:45 INFO  c.a.b.w.runner.CSVUploadRunner - Transaction Date: 2023-10-07
2026-04-18 10:33:45 INFO  c.a.b.w.runner.CSVUploadRunner - Transaction Date: 2023-10-07
2026-04-18 10:33:45 INFO  c.a.b.w.runner.CSVUploadRunner - Transaction Date: 2023-10-06
2026-04-18 10:33:45 INFO  c.a.b.w.runner.CSVUploadRunner - Transaction Date: 2023-10-05
2026-04-18 10:33:45 INFO  c.a.b.w.runner.CSVUploadRunner - Transaction Date: 2023-10-04
2026-04-18 10:33:45 INFO  c.a.b.w.runner.CSVUploadRunner - Transaction Date: 2023-10-04
2026-04-18 10:33:45 INFO  c.a.b.w.runner.CSVUploadRunner - Transaction Date: 2023-10-03
2026-04-18 10:33:45 INFO  c.a.b.w.runner.CSVUploadRunner - Transaction Date: 2023-10-03
2026-04-18 10:33:45 INFO  c.a.b.w.runner.CSVUploadRunner - Transaction Date: 2023-10-03
2026-04-18 10:33:45 INFO  c.a.b.w.runner.CSVUploadRunner - Transaction Date: 2023-10-02
2026-04-18 10:33:45 INFO  c.a.b.w.runner.CSVUploadRunner - Transaction Date: 2023-10-02
2026-04-18 10:33:45 INFO  c.a.b.w.runner.CSVUploadRunner - Transaction Date: 2023-10-02
2026-04-18 10:33:45 INFO  c.a.b.w.runner.CSVUploadRunner - Transaction Date: 2023-10-02
2026-04-18 10:33:45 INFO  c.a.b.w.runner.CSVUploadRunner - Transaction Date: 2023-10-01
2026-04-18 10:33:45 INFO  c.a.b.w.runner.CSVUploadRunner - Transaction Date: 2023-10-01
2026-04-18 10:33:45 INFO  c.a.b.w.runner.CSVUploadRunner - Transaction Date: 2023-10-01
2026-04-18 10:33:45 INFO  c.a.b.w.runner.CSVUploadRunner - Transaction Date: 2023-10-01
2026-04-18 10:33:45 INFO  c.a.b.w.runner.CSVUploadRunner - Transaction Date: 2023-10-01
2026-04-18 10:33:45 INFO  c.a.b.w.runner.CSVUploadRunner - Transaction Date: 2023-10-01
2026-04-18 10:33:45 INFO  c.a.b.w.runner.CSVUploadRunner - Transaction Date: 2023-10-01
2026-04-18 10:33:45 INFO  c.a.b.w.runner.CSVUploadRunner - Transaction Date: 2023-10-01
2026-04-18 10:33:45 INFO  c.a.b.w.runner.CSVUploadRunner - Transaction Date: 2023-09-30
2026-04-18 10:33:45 INFO  c.a.b.w.runner.CSVUploadRunner - Transaction Date: 2023-09-30
2026-04-18 10:33:45 INFO  c.a.b.w.runner.CSVUploadRunner - Transaction Date: 2023-09-30
2026-04-18 10:33:45 INFO  c.a.b.w.runner.CSVUploadRunner - Transaction Date: 2023-09-29
2026-04-18 10:33:45 INFO  c.a.b.w.runner.CSVUploadRunner - Transaction Date: 2023-09-29
2026-04-18 10:33:45 INFO  c.a.b.w.runner.CSVUploadRunner - Transaction Date: 2023-09-29
2026-04-18 10:33:45 INFO  c.a.b.w.runner.CSVUploadRunner - Transaction Date: 2023-09-29
2026-04-18 10:33:45 INFO  c.a.b.w.runner.CSVUploadRunner - Transaction Date: 2023-09-28
2026-04-18 10:33:45 INFO  c.a.b.w.runner.CSVUploadRunner - Transaction Date: 2023-09-27
2026-04-18 10:33:45 INFO  c.a.b.w.runner.CSVUploadRunner - Transaction Date: 2023-09-26
2026-04-18 10:33:45 INFO  c.a.b.w.runner.CSVUploadRunner - Transaction Date: 2023-09-26
2026-04-18 10:33:45 INFO  c.a.b.w.runner.CSVUploadRunner - Transaction Date: 2023-09-25
2026-04-18 10:33:45 INFO  c.a.b.w.runner.CSVUploadRunner - Transaction Date: 2023-09-25
2026-04-18 10:33:45 INFO  c.a.b.w.runner.CSVUploadRunner - Transaction Date: 2023-09-25
2026-04-18 10:33:45 INFO  c.a.b.w.runner.CSVUploadRunner - Transaction Date: 2023-09-24
2026-04-18 10:33:45 INFO  c.a.b.w.runner.CSVUploadRunner - Transaction Date: 2023-09-24
2026-04-18 10:33:45 INFO  c.a.b.w.runner.CSVUploadRunner - Transaction Date: 2023-09-24
2026-04-18 10:33:45 INFO  c.a.b.w.runner.CSVUploadRunner - Transaction Date: 2023-09-24
2026-04-18 10:33:45 INFO  c.a.b.w.runner.CSVUploadRunner - Transaction Date: 2023-09-23
2026-04-18 10:33:45 INFO  c.a.b.w.runner.CSVUploadRunner - Transaction Date: 2023-09-23
2026-04-18 10:33:45 INFO  c.a.b.w.runner.CSVUploadRunner - Transaction Date: 2023-09-23
2026-04-18 10:33:45 INFO  c.a.b.w.runner.CSVUploadRunner - Transaction Date: 2023-09-22
2026-04-18 10:33:45 INFO  c.a.b.w.runner.CSVUploadRunner - Transaction Date: 2023-09-21
2026-04-18 10:33:45 INFO  c.a.b.w.runner.CSVUploadRunner - Transaction Date: 2023-09-21
2026-04-18 10:33:45 INFO  c.a.b.w.runner.CSVUploadRunner - Transaction Date: 2023-09-21
2026-04-18 10:33:45 INFO  c.a.b.w.runner.CSVUploadRunner - Transaction Date: 2023-09-20
2026-04-18 10:33:45 INFO  c.a.b.w.runner.CSVUploadRunner - Transaction Date: 2023-09-20
2026-04-18 10:33:45 INFO  c.a.b.w.runner.CSVUploadRunner - Transaction Date: 2023-09-20
2026-04-18 10:33:45 INFO  c.a.b.w.runner.CSVUploadRunner - Transaction Date: 2023-09-20
2026-04-18 10:33:45 INFO  c.a.b.w.runner.CSVUploadRunner - Transaction Date: 2023-09-20
2026-04-18 10:33:45 INFO  c.a.b.w.runner.CSVUploadRunner - Transaction Date: 2023-09-20
2026-04-18 10:33:45 INFO  c.a.b.w.runner.CSVUploadRunner - Transaction Date: 2023-09-19
2026-04-18 10:33:45 INFO  c.a.b.w.runner.CSVUploadRunner - Transaction Date: 2023-09-19
2026-04-18 10:33:45 INFO  c.a.b.w.runner.CSVUploadRunner - Transaction Date: 2023-09-19
2026-04-18 10:33:45 INFO  c.a.b.w.runner.CSVUploadRunner - Transaction Date: 2023-09-19
2026-04-18 10:33:45 INFO  c.a.b.w.runner.CSVUploadRunner - Transaction Date: 2023-09-18
2026-04-18 10:33:45 INFO  c.a.b.w.runner.CSVUploadRunner - Transaction Date: 2023-09-18
2026-04-18 10:33:45 INFO  c.a.b.w.runner.CSVUploadRunner - Transaction Date: 2023-09-18
2026-04-18 10:33:45 INFO  c.a.b.w.runner.CSVUploadRunner - Transaction Date: 2023-09-17
2026-04-18 10:33:45 INFO  c.a.b.w.runner.CSVUploadRunner - Transaction Date: 2023-09-17
2026-04-18 10:33:45 INFO  c.a.b.w.runner.CSVUploadRunner - Transaction Date: 2023-09-17
2026-04-18 10:33:45 INFO  c.a.b.w.runner.CSVUploadRunner - Transaction Date: 2023-09-17
2026-04-18 10:33:45 INFO  c.a.b.w.runner.CSVUploadRunner - Transaction Date: 2023-09-16
2026-04-18 10:33:45 INFO  c.a.b.w.runner.CSVUploadRunner - Transaction Date: 2023-09-16
2026-04-18 10:33:45 INFO  c.a.b.w.runner.CSVUploadRunner - Transaction Date: 2023-09-16
2026-04-18 10:33:45 INFO  c.a.b.w.runner.CSVUploadRunner - Transaction Date: 2023-09-15
2026-04-18 10:33:45 INFO  c.a.b.w.runner.CSVUploadRunner - Transaction Date: 2023-09-15
2026-04-18 10:33:45 INFO  c.a.b.w.runner.CSVUploadRunner - Transaction Date: 2023-09-15
2026-04-18 10:33:45 INFO  c.a.b.w.runner.CSVUploadRunner - Transaction Date: 2023-09-15
2026-04-18 10:33:45 INFO  c.a.b.w.runner.CSVUploadRunner - Transaction Date: 2023-09-15
2026-04-18 10:33:45 INFO  c.a.b.w.runner.CSVUploadRunner - Transaction Date: 2023-09-15
2026-04-18 10:33:45 INFO  c.a.b.w.runner.CSVUploadRunner - Transaction Date: 2023-09-13
2026-04-18 10:33:45 INFO  c.a.b.w.runner.CSVUploadRunner - Transaction Date: 2023-09-13
2026-04-18 10:33:45 INFO  c.a.b.w.runner.CSVUploadRunner - Transaction Date: 2023-09-12
2026-04-18 10:33:45 INFO  c.a.b.w.runner.CSVUploadRunner - Transaction Date: 2023-09-12
2026-04-18 10:33:45 INFO  c.a.b.w.runner.CSVUploadRunner - Transaction Date: 2023-09-11
2026-04-18 10:33:45 INFO  c.a.b.w.runner.CSVUploadRunner - Transaction Date: 2023-09-11
2026-04-18 10:33:45 INFO  c.a.b.w.runner.CSVUploadRunner - Transaction Date: 2023-09-10
2026-04-18 10:33:45 INFO  c.a.b.w.runner.CSVUploadRunner - Transaction Date: 2023-09-10
2026-04-18 10:33:45 INFO  c.a.b.w.runner.CSVUploadRunner - Transaction Date: 2023-09-10
2026-04-18 10:33:45 INFO  c.a.b.w.runner.CSVUploadRunner - Transaction Date: 2023-09-10
2026-04-18 10:33:45 INFO  c.a.b.w.runner.CSVUploadRunner - Transaction Date: 2023-09-09
2026-04-18 10:33:45 INFO  c.a.b.w.runner.CSVUploadRunner - Transaction Date: 2023-09-09
2026-04-18 10:33:45 INFO  c.a.b.w.runner.CSVUploadRunner - Transaction Date: 2023-09-09
2026-04-18 10:33:45 INFO  c.a.b.w.runner.CSVUploadRunner - Transaction Date: 2023-09-09
2026-04-18 10:33:45 INFO  c.a.b.w.runner.CSVUploadRunner - Transaction Date: 2023-09-09
2026-04-18 10:33:45 INFO  c.a.b.w.runner.CSVUploadRunner - Transaction Date: 2023-09-08
2026-04-18 10:33:45 INFO  c.a.b.w.runner.CSVUploadRunner - Transaction Date: 2023-09-07
2026-04-18 10:33:45 INFO  c.a.b.w.runner.CSVUploadRunner - Transaction Date: 2023-09-02
2026-04-18 10:33:45 INFO  c.a.b.w.runner.CSVUploadRunner - Transaction Date: 2023-09-02
2026-04-18 10:33:45 INFO  c.a.b.w.runner.CSVUploadRunner - Transaction Date: 2023-09-01
2026-04-18 10:33:45 INFO  c.a.b.w.runner.CSVUploadRunner - Transaction Date: 2023-09-01
2026-04-18 10:33:45 INFO  c.a.b.w.runner.CSVUploadRunner - Transaction Date: 2023-09-01
2026-04-18 10:33:45 INFO  c.a.b.w.runner.CSVUploadRunner - Transaction Date: 2023-09-01
2026-04-18 10:33:45 INFO  c.a.b.w.runner.CSVUploadRunner - Transaction Date: 2023-08-31
2026-04-18 10:33:45 INFO  c.a.b.w.runner.CSVUploadRunner - Transaction Date: 2023-08-30
2026-04-18 10:33:45 INFO  c.a.b.w.runner.CSVUploadRunner - Transaction Date: 2023-08-30
2026-04-18 10:33:45 INFO  c.a.b.w.runner.CSVUploadRunner - Transaction Date: 2023-08-30
2026-04-18 10:33:45 INFO  c.a.b.w.runner.CSVUploadRunner - Transaction Date: 2023-08-30
2026-04-18 10:33:45 INFO  c.a.b.w.runner.CSVUploadRunner - Transaction Date: 2023-08-29
2026-04-18 10:33:45 INFO  c.a.b.w.runner.CSVUploadRunner - Transaction Date: 2023-08-29
2026-04-18 10:33:45 INFO  c.a.b.w.runner.CSVUploadRunner - Transaction Date: 2023-08-29
2026-04-18 10:33:45 INFO  c.a.b.w.runner.CSVUploadRunner - Transaction Date: 2023-08-29
2026-04-18 10:33:45 INFO  c.a.b.w.runner.CSVUploadRunner - Transaction Date: 2023-08-28
2026-04-18 10:33:45 INFO  c.a.b.w.runner.CSVUploadRunner - Transaction Date: 2023-08-28
2026-04-18 10:33:45 INFO  c.a.b.w.runner.CSVUploadRunner - Transaction Date: 2023-08-28
2026-04-18 10:33:45 INFO  c.a.b.w.runner.CSVUploadRunner - Transaction Date: 2023-08-27
2026-04-18 10:33:45 INFO  c.a.b.w.runner.CSVUploadRunner - Transaction Date: 2023-08-27
2026-04-18 10:33:45 INFO  c.a.b.w.runner.CSVUploadRunner - Transaction Date: 2023-08-27
2026-04-18 10:33:45 INFO  c.a.b.w.runner.CSVUploadRunner - Transaction Date: 2023-08-27
2026-04-18 10:33:45 INFO  c.a.b.w.runner.CSVUploadRunner - Transaction Date: 2023-08-27
2026-04-18 10:33:45 INFO  c.a.b.w.runner.CSVUploadRunner - Transaction Date: 2023-08-26
2026-04-18 10:33:45 INFO  c.a.b.w.runner.CSVUploadRunner - Transaction Date: 2023-08-26
2026-04-18 10:33:45 INFO  c.a.b.w.runner.CSVUploadRunner - Transaction Date: 2023-08-26
2026-04-18 10:33:45 INFO  c.a.b.w.runner.CSVUploadRunner - Transaction Date: 2023-08-25
2026-04-18 10:33:45 INFO  c.a.b.w.runner.CSVUploadRunner - Transaction Date: 2023-08-25
2026-04-18 10:33:45 INFO  c.a.b.w.runner.CSVUploadRunner - Transaction Date: 2023-08-24
2026-04-18 10:33:45 INFO  c.a.b.w.runner.CSVUploadRunner - Transaction Date: 2023-08-23
2026-04-18 10:33:45 INFO  c.a.b.w.runner.CSVUploadRunner - Transaction Date: 2023-08-23
2026-04-18 10:33:45 INFO  c.a.b.w.runner.CSVUploadRunner - Transaction Date: 2023-08-22
2026-04-18 10:33:45 INFO  c.a.b.w.runner.CSVUploadRunner - Transaction Date: 2023-08-21
2026-04-18 10:33:45 INFO  c.a.b.w.runner.CSVUploadRunner - Transaction Date: 2023-08-21
2026-04-18 10:33:45 INFO  c.a.b.w.runner.CSVUploadRunner - Transaction Date: 2023-08-21
2026-04-18 10:33:45 INFO  c.a.b.w.runner.CSVUploadRunner - Transaction Date: 2023-08-20
2026-04-18 10:33:45 INFO  c.a.b.w.runner.CSVUploadRunner - Transaction Date: 2023-08-20
2026-04-18 10:33:45 INFO  c.a.b.w.runner.CSVUploadRunner - Transaction Date: 2023-08-19
2026-04-18 10:33:45 INFO  c.a.b.w.runner.CSVUploadRunner - Transaction Date: 2023-08-19
2026-04-18 10:33:45 INFO  c.a.b.w.runner.CSVUploadRunner - Transaction Date: 2023-08-17
2026-04-18 10:33:45 INFO  c.a.b.w.runner.CSVUploadRunner - Transaction Date: 2023-08-17
2026-04-18 10:33:45 INFO  c.a.b.w.runner.CSVUploadRunner - Transaction Date: 2023-08-16
2026-04-18 10:33:45 INFO  c.a.b.w.runner.CSVUploadRunner - Transaction Date: 2023-08-16
2026-04-18 10:33:45 INFO  c.a.b.w.runner.CSVUploadRunner - Transaction Date: 2023-08-16
2026-04-18 10:33:45 INFO  c.a.b.w.runner.CSVUploadRunner - Transaction Date: 2023-08-16
2026-04-18 10:33:45 INFO  c.a.b.w.runner.CSVUploadRunner - Transaction Date: 2023-08-15
2026-04-18 10:33:45 INFO  c.a.b.w.runner.CSVUploadRunner - Transaction Date: 2023-08-15
2026-04-18 10:33:45 INFO  c.a.b.w.runner.CSVUploadRunner - Transaction Date: 2023-08-15
2026-04-18 10:33:45 INFO  c.a.b.w.runner.CSVUploadRunner - Transaction Date: 2023-08-15
2026-04-18 10:33:45 INFO  c.a.b.w.runner.CSVUploadRunner - Transaction Date: 2023-08-15
2026-04-18 10:33:45 INFO  c.a.b.w.runner.CSVUploadRunner - Transaction Date: 2023-08-15
2026-04-18 10:33:45 INFO  c.a.b.w.runner.CSVUploadRunner - Transaction Date: 2023-08-15
2026-04-18 10:33:45 INFO  c.a.b.w.runner.CSVUploadRunner - Transaction Date: 2023-08-14
2026-04-18 10:33:45 INFO  c.a.b.w.runner.CSVUploadRunner - Transaction Date: 2023-08-14
2026-04-18 10:33:45 INFO  c.a.b.w.runner.CSVUploadRunner - Transaction Date: 2023-08-14
2026-04-18 10:33:45 INFO  c.a.b.w.runner.CSVUploadRunner - Transaction Date: 2023-08-13
2026-04-18 10:33:45 INFO  c.a.b.w.runner.CSVUploadRunner - Transaction Date: 2023-08-12
2026-04-18 10:33:45 INFO  c.a.b.w.runner.CSVUploadRunner - Transaction Date: 2023-08-11
2026-04-18 10:33:45 INFO  c.a.b.w.runner.CSVUploadRunner - Transaction Date: 2023-08-10
2026-04-18 10:33:45 INFO  c.a.b.w.runner.CSVUploadRunner - Transaction Date: 2023-08-09
2026-04-18 10:33:45 INFO  c.a.b.w.runner.CSVUploadRunner - Transaction Date: 2023-08-09
2026-04-18 10:33:45 INFO  c.a.b.w.runner.CSVUploadRunner - Transaction Date: 2023-08-08
2026-04-18 10:33:45 INFO  c.a.b.w.runner.CSVUploadRunner - Transaction Date: 2023-08-08
2026-04-18 10:33:45 INFO  c.a.b.w.runner.CSVUploadRunner - Transaction Date: 2023-08-06
2026-04-18 10:33:45 INFO  c.a.b.w.runner.CSVUploadRunner - Transaction Date: 2023-08-06
2026-04-18 10:33:45 INFO  c.a.b.w.runner.CSVUploadRunner - Transaction Date: 2023-08-05
2026-04-18 10:33:45 INFO  c.a.b.w.runner.CSVUploadRunner - Transaction Date: 2023-08-04
2026-04-18 10:33:45 INFO  c.a.b.w.runner.CSVUploadRunner - Transaction Date: 2023-08-02
2026-04-18 10:33:45 INFO  c.a.b.w.runner.CSVUploadRunner - Transaction Date: 2023-08-02
2026-04-18 10:33:45 INFO  c.a.b.w.runner.CSVUploadRunner - Transaction Date: 2023-08-02
2026-04-18 10:33:45 INFO  c.a.b.w.runner.CSVUploadRunner - Transaction Date: 2023-08-02
2026-04-18 10:33:45 INFO  c.a.b.w.runner.CSVUploadRunner - Transaction Date: 2023-08-02
2026-04-18 10:33:45 INFO  c.a.b.w.runner.CSVUploadRunner - Transaction Date: 2023-08-01
2026-04-18 10:33:45 INFO  c.a.b.w.runner.CSVUploadRunner - Transaction Date: 2023-08-01
2026-04-18 10:33:45 INFO  c.a.b.w.runner.CSVUploadRunner - Transaction Date: 2023-08-01
2026-04-18 10:33:45 INFO  c.a.b.w.runner.CSVUploadRunner - Transaction Date: 2023-08-01
2026-04-18 10:33:45 INFO  c.a.b.w.runner.CSVUploadRunner - Transaction Date: 2023-08-01
2026-04-18 10:33:45 INFO  c.a.b.w.runner.CSVUploadRunner - Transaction Date: 2023-08-01
2026-04-18 10:33:45 INFO  c.a.b.w.runner.CSVUploadRunner - Transaction Date: 2023-07-31
2026-04-18 10:33:45 INFO  c.a.b.w.runner.CSVUploadRunner - Transaction Date: 2023-07-31
2026-04-18 10:33:45 INFO  c.a.b.w.runner.CSVUploadRunner - Transaction Date: 2023-07-31
2026-04-18 10:33:45 INFO  c.a.b.w.runner.CSVUploadRunner - Transaction Date: 2023-07-30
2026-04-18 10:33:45 INFO  c.a.b.w.runner.CSVUploadRunner - Transaction Date: 2023-07-29
2026-04-18 10:33:45 INFO  c.a.b.w.runner.CSVUploadRunner - Transaction Date: 2023-07-29
2026-04-18 10:33:45 INFO  c.a.b.w.runner.CSVUploadRunner - Transaction Date: 2023-07-28
2026-04-18 10:33:45 INFO  c.a.b.w.runner.CSVUploadRunner - Transaction Date: 2023-07-28
2026-04-18 10:33:45 INFO  c.a.b.w.runner.CSVUploadRunner - Transaction Date: 2023-07-28
2026-04-18 10:33:45 INFO  c.a.b.w.runner.CSVUploadRunner - Transaction Date: 2023-07-27
2026-04-18 10:33:45 INFO  c.a.b.w.runner.CSVUploadRunner - Transaction Date: 2023-07-26
2026-04-18 10:33:45 INFO  c.a.b.w.runner.CSVUploadRunner - Transaction Date: 2023-07-25
2026-04-18 10:33:45 INFO  c.a.b.w.runner.CSVUploadRunner - Transaction Date: 2023-07-25
2026-04-18 10:33:45 INFO  c.a.b.w.runner.CSVUploadRunner - Transaction Date: 2023-07-25
2026-04-18 10:33:45 INFO  c.a.b.w.runner.CSVUploadRunner - Transaction Date: 2023-07-24
2026-04-18 10:33:45 INFO  c.a.b.w.runner.CSVUploadRunner - Transaction Date: 2023-07-24
2026-04-18 10:33:45 INFO  c.a.b.w.runner.CSVUploadRunner - Transaction Date: 2023-07-23
2026-04-18 10:33:45 INFO  c.a.b.w.runner.CSVUploadRunner - Transaction Date: 2023-07-23
2026-04-18 10:33:45 INFO  c.a.b.w.runner.CSVUploadRunner - Transaction Date: 2023-07-23
2026-04-18 10:33:45 INFO  c.a.b.w.runner.CSVUploadRunner - Transaction Date: 2023-07-21
2026-04-18 10:33:45 INFO  c.a.b.w.runner.CSVUploadRunner - Transaction Date: 2023-07-20
2026-04-18 10:33:45 INFO  c.a.b.w.runner.CSVUploadRunner - Transaction Date: 2023-07-19
2026-04-18 10:33:45 INFO  c.a.b.w.runner.CSVUploadRunner - Transaction Date: 2023-07-19
2026-04-18 10:33:45 INFO  c.a.b.w.runner.CSVUploadRunner - Transaction Date: 2023-07-19
2026-04-18 10:33:45 INFO  c.a.b.w.runner.CSVUploadRunner - Transaction Date: 2023-07-19
2026-04-18 10:33:45 INFO  c.a.b.w.runner.CSVUploadRunner - Transaction Date: 2023-07-18
2026-04-18 10:33:45 INFO  c.a.b.w.runner.CSVUploadRunner - Transaction Date: 2023-07-18
2026-04-18 10:33:45 INFO  c.a.b.w.runner.CSVUploadRunner - Transaction Date: 2023-07-17
2026-04-18 10:33:45 INFO  c.a.b.w.runner.CSVUploadRunner - Transaction Date: 2023-07-17
2026-04-18 10:33:45 INFO  c.a.b.w.runner.CSVUploadRunner - Transaction Date: 2023-07-16
2026-04-18 10:33:45 INFO  c.a.b.w.runner.CSVUploadRunner - Transaction Date: 2023-07-16
2026-04-18 10:33:45 INFO  c.a.b.w.runner.CSVUploadRunner - Transaction Date: 2023-07-16
2026-04-18 10:33:45 INFO  c.a.b.w.runner.CSVUploadRunner - Transaction Date: 2023-07-16
2026-04-18 10:33:45 INFO  c.a.b.w.runner.CSVUploadRunner - Transaction Date: 2023-07-16
2026-04-18 10:33:45 INFO  c.a.b.w.runner.CSVUploadRunner - Transaction Date: 2023-07-16
2026-04-18 10:33:45 INFO  c.a.b.w.runner.CSVUploadRunner - Transaction Date: 2023-07-15
2026-04-18 10:33:45 INFO  c.a.b.w.runner.CSVUploadRunner - Transaction Date: 2023-07-15
2026-04-18 10:33:45 INFO  c.a.b.w.runner.CSVUploadRunner - Transaction Date: 2023-07-15
2026-04-18 10:33:45 INFO  c.a.b.w.runner.CSVUploadRunner - Transaction Date: 2023-07-15
2026-04-18 10:33:45 INFO  c.a.b.w.runner.CSVUploadRunner - Transaction Date: 2023-07-15
2026-04-18 10:33:45 INFO  c.a.b.w.runner.CSVUploadRunner - Transaction Date: 2023-07-14
2026-04-18 10:33:45 INFO  c.a.b.w.runner.CSVUploadRunner - Transaction Date: 2023-07-14
2026-04-18 10:33:45 INFO  c.a.b.w.runner.CSVUploadRunner - Transaction Date: 2023-07-14
2026-04-18 10:33:45 INFO  c.a.b.w.runner.CSVUploadRunner - Transaction Date: 2023-07-14
2026-04-18 10:33:45 INFO  c.a.b.w.runner.CSVUploadRunner - Transaction Date: 2023-07-14
2026-04-18 10:33:45 INFO  c.a.b.w.runner.CSVUploadRunner - Transaction Date: 2023-07-14
2026-04-18 10:33:45 INFO  c.a.b.w.runner.CSVUploadRunner - Transaction Date: 2023-07-13
2026-04-18 10:33:45 INFO  c.a.b.w.runner.CSVUploadRunner - Transaction Date: 2023-07-12
2026-04-18 10:33:45 INFO  c.a.b.w.runner.CSVUploadRunner - Transaction Date: 2023-07-12
2026-04-18 10:33:45 INFO  c.a.b.w.runner.CSVUploadRunner - Transaction Date: 2023-07-11
2026-04-18 10:33:45 INFO  c.a.b.w.runner.CSVUploadRunner - Transaction Date: 2023-07-10
2026-04-18 10:33:45 INFO  c.a.b.w.runner.CSVUploadRunner - Transaction Date: 2023-07-10
2026-04-18 10:33:45 INFO  c.a.b.w.runner.CSVUploadRunner - Transaction Date: 2023-07-09
2026-04-18 10:33:45 INFO  c.a.b.w.runner.CSVUploadRunner - Transaction Date: 2023-07-08
2026-04-18 10:33:45 INFO  c.a.b.w.runner.CSVUploadRunner - Transaction Date: 2023-07-08
2026-04-18 10:33:45 INFO  c.a.b.w.runner.CSVUploadRunner - Transaction Date: 2023-07-08
2026-04-18 10:33:45 INFO  c.a.b.w.runner.CSVUploadRunner - Transaction Date: 2023-07-07
2026-04-18 10:33:45 INFO  c.a.b.w.runner.CSVUploadRunner - Transaction Date: 2023-07-07
2026-04-18 10:33:45 INFO  c.a.b.w.runner.CSVUploadRunner - Transaction Date: 2023-07-07
2026-04-18 10:33:45 INFO  c.a.b.w.runner.CSVUploadRunner - Transaction Date: 2023-07-07
2026-04-18 10:33:45 INFO  c.a.b.w.runner.CSVUploadRunner - Transaction Date: 2023-07-07
2026-04-18 10:33:45 INFO  c.a.b.w.runner.CSVUploadRunner - Transaction Date: 2023-07-06
2026-04-18 10:33:45 INFO  c.a.b.w.runner.CSVUploadRunner - Transaction Date: 2023-07-05
2026-04-18 10:33:45 INFO  c.a.b.w.runner.CSVUploadRunner - Transaction Date: 2023-07-05
2026-04-18 10:33:45 INFO  c.a.b.w.runner.CSVUploadRunner - Transaction Date: 2023-07-05
2026-04-18 10:33:45 INFO  c.a.b.w.runner.CSVUploadRunner - Transaction Date: 2023-07-05
2026-04-18 10:33:45 INFO  c.a.b.w.runner.CSVUploadRunner - Transaction Date: 2023-07-04
2026-04-18 10:33:45 INFO  c.a.b.w.runner.CSVUploadRunner - Transaction Date: 2023-07-04
2026-04-18 10:33:45 INFO  c.a.b.w.runner.CSVUploadRunner - Transaction Date: 2023-07-04
2026-04-18 10:33:45 INFO  c.a.b.w.runner.CSVUploadRunner - Transaction Date: 2023-07-04
2026-04-18 10:33:45 INFO  c.a.b.w.runner.CSVUploadRunner - Transaction Date: 2023-07-03
2026-04-18 10:33:45 INFO  c.a.b.w.runner.CSVUploadRunner - Transaction Date: 2023-07-03
2026-04-18 10:33:45 INFO  c.a.b.w.runner.CSVUploadRunner - Transaction Date: 2023-07-02
2026-04-18 10:33:45 INFO  c.a.b.w.runner.CSVUploadRunner - Transaction Date: 2023-07-02
2026-04-18 10:33:45 INFO  c.a.b.w.runner.CSVUploadRunner - Transaction Date: 2023-07-01
2026-04-18 10:33:45 INFO  c.a.b.w.runner.CSVUploadRunner - Transaction Date: 2023-07-01
2026-04-18 10:33:45 INFO  c.a.b.w.runner.CSVUploadRunner - Transaction Date: 2023-07-01
2026-04-18 10:33:45 INFO  c.a.b.w.runner.CSVUploadRunner - Transaction Date: 2023-07-01
2026-04-18 10:33:45 INFO  c.a.b.w.runner.CSVUploadRunner - Transaction Date: 2023-07-01
2026-04-18 10:33:45 INFO  c.a.b.w.runner.CSVUploadRunner - Transaction Date: 2023-07-01
2026-04-18 10:33:45 INFO  c.a.b.w.runner.CSVUploadRunner - Transaction Date: 2023-06-30
2026-04-18 10:33:45 INFO  c.a.b.w.runner.CSVUploadRunner - Transaction Date: 2023-06-30
2026-04-18 10:33:45 INFO  c.a.b.w.runner.CSVUploadRunner - Transaction Date: 2023-06-29
2026-04-18 10:33:45 INFO  c.a.b.w.runner.CSVUploadRunner - Transaction Date: 2023-06-29
2026-04-18 10:33:45 INFO  c.a.b.w.runner.CSVUploadRunner - Transaction Date: 2023-06-26
2026-04-18 10:33:45 INFO  c.a.b.w.runner.CSVUploadRunner - Transaction Date: 2023-06-23
2026-04-18 10:33:45 INFO  c.a.b.w.runner.CSVUploadRunner - Transaction Date: 2023-06-23
2026-04-18 10:33:45 INFO  c.a.b.w.runner.CSVUploadRunner - Transaction Date: 2023-06-23
2026-04-18 10:33:45 INFO  c.a.b.w.runner.CSVUploadRunner - Transaction Date: 2023-06-22
2026-04-18 10:33:45 INFO  c.a.b.w.runner.CSVUploadRunner - Transaction Date: 2023-06-22
2026-04-18 10:33:45 INFO  c.a.b.w.runner.CSVUploadRunner - Transaction Date: 2023-06-22
2026-04-18 10:33:45 INFO  c.a.b.w.runner.CSVUploadRunner - Transaction Date: 2023-06-20
2026-04-18 10:33:45 INFO  c.a.b.w.runner.CSVUploadRunner - Transaction Date: 2023-06-20
2026-04-18 10:33:45 INFO  c.a.b.w.runner.CSVUploadRunner - Transaction Date: 2023-06-20
2026-04-18 10:33:45 INFO  c.a.b.w.runner.CSVUploadRunner - Transaction Date: 2023-06-20
2026-04-18 10:33:45 INFO  c.a.b.w.runner.CSVUploadRunner - Transaction Date: 2023-06-19
2026-04-18 10:33:45 INFO  c.a.b.w.runner.CSVUploadRunner - Transaction Date: 2023-06-19
2026-04-18 10:33:45 INFO  c.a.b.w.runner.CSVUploadRunner - Transaction Date: 2023-06-19
2026-04-18 10:33:45 INFO  c.a.b.w.runner.CSVUploadRunner - Transaction Date: 2023-06-18
2026-04-18 10:33:45 INFO  c.a.b.w.runner.CSVUploadRunner - Transaction Date: 2023-06-18
2026-04-18 10:33:45 INFO  c.a.b.w.runner.CSVUploadRunner - Transaction Date: 2023-06-18
2026-04-18 10:33:45 INFO  c.a.b.w.runner.CSVUploadRunner - Transaction Date: 2023-06-18
2026-04-18 10:33:45 INFO  c.a.b.w.runner.CSVUploadRunner - Transaction Date: 2023-06-18
2026-04-18 10:33:45 INFO  c.a.b.w.runner.CSVUploadRunner - Transaction Date: 2023-06-18
2026-04-18 10:33:45 INFO  c.a.b.w.runner.CSVUploadRunner - Transaction Date: 2023-06-18
2026-04-18 10:33:45 INFO  c.a.b.w.runner.CSVUploadRunner - Transaction Date: 2023-06-18
2026-04-18 10:33:45 INFO  c.a.b.w.runner.CSVUploadRunner - Transaction Date: 2023-06-17
2026-04-18 10:33:45 INFO  c.a.b.w.runner.CSVUploadRunner - Transaction Date: 2023-06-17
2026-04-18 10:33:45 INFO  c.a.b.w.runner.CSVUploadRunner - Transaction Date: 2023-06-17
2026-04-18 10:33:45 INFO  c.a.b.w.runner.CSVUploadRunner - Transaction Date: 2023-06-17
2026-04-18 10:33:45 INFO  c.a.b.w.runner.CSVUploadRunner - Transaction Date: 2023-06-17
2026-04-18 10:33:45 INFO  c.a.b.w.runner.CSVUploadRunner - Transaction Date: 2023-06-16
2026-04-18 10:33:45 INFO  c.a.b.w.runner.CSVUploadRunner - Transaction Date: 2023-06-16
2026-04-18 10:33:45 INFO  c.a.b.w.runner.CSVUploadRunner - Transaction Date: 2023-06-16
2026-04-18 10:33:45 INFO  c.a.b.w.runner.CSVUploadRunner - Transaction Date: 2023-06-16
2026-04-18 10:33:45 INFO  c.a.b.w.runner.CSVUploadRunner - Transaction Date: 2023-06-16
2026-04-18 10:33:45 INFO  c.a.b.w.runner.CSVUploadRunner - Transaction Date: 2023-06-16
2026-04-18 10:33:45 INFO  c.a.b.w.runner.CSVUploadRunner - Transaction Date: 2023-06-16
2026-04-18 10:33:45 INFO  c.a.b.w.runner.CSVUploadRunner - Transaction Date: 2023-06-15
2026-04-18 10:33:45 INFO  c.a.b.w.runner.CSVUploadRunner - Transaction Date: 2023-06-15
2026-04-18 10:33:45 INFO  c.a.b.w.runner.CSVUploadRunner - Transaction Date: 2023-06-15
2026-04-18 10:33:45 INFO  c.a.b.w.runner.CSVUploadRunner - Transaction Date: 2023-06-15
2026-04-18 10:33:45 INFO  c.a.b.w.runner.CSVUploadRunner - Transaction Date: 2023-06-15
2026-04-18 10:33:45 INFO  c.a.b.w.runner.CSVUploadRunner - Transaction Date: 2023-06-15
2026-04-18 10:33:45 INFO  c.a.b.w.runner.CSVUploadRunner - Transaction Date: 2023-06-14
2026-04-18 10:33:45 INFO  c.a.b.w.runner.CSVUploadRunner - Transaction Date: 2023-06-14
2026-04-18 10:33:45 INFO  c.a.b.w.runner.CSVUploadRunner - Transaction Date: 2023-06-14
2026-04-18 10:33:45 INFO  c.a.b.w.runner.CSVUploadRunner - Transaction Date: 2023-06-14
2026-04-18 10:33:45 INFO  c.a.b.w.runner.CSVUploadRunner - Transaction Date: 2023-06-12
2026-04-18 10:33:45 INFO  c.a.b.w.runner.CSVUploadRunner - Transaction Date: 2023-06-11
2026-04-18 10:33:45 INFO  c.a.b.w.runner.CSVUploadRunner - Transaction Date: 2023-06-11
2026-04-18 10:33:45 INFO  c.a.b.w.runner.CSVUploadRunner - Transaction Date: 2023-06-11
2026-04-18 10:33:45 INFO  c.a.b.w.runner.CSVUploadRunner - Transaction Date: 2023-06-11
2026-04-18 10:33:45 INFO  c.a.b.w.runner.CSVUploadRunner - Transaction Date: 2023-06-11
2026-04-18 10:33:45 INFO  c.a.b.w.runner.CSVUploadRunner - Transaction Date: 2023-06-09
2026-04-18 10:33:45 INFO  c.a.b.w.runner.CSVUploadRunner - Transaction Date: 2023-06-09
2026-04-18 10:33:45 INFO  c.a.b.w.runner.CSVUploadRunner - Transaction Date: 2023-06-07
2026-04-18 10:33:45 INFO  c.a.b.w.runner.CSVUploadRunner - Transaction Date: 2023-06-07
2026-04-18 10:33:45 INFO  c.a.b.w.runner.CSVUploadRunner - Transaction Date: 2023-06-07
2026-04-18 10:33:45 INFO  c.a.b.w.runner.CSVUploadRunner - Transaction Date: 2023-06-06
2026-04-18 10:33:45 INFO  c.a.b.w.runner.CSVUploadRunner - Transaction Date: 2023-06-05
2026-04-18 10:33:45 INFO  c.a.b.w.runner.CSVUploadRunner - Transaction Date: 2023-06-05
2026-04-18 10:33:45 INFO  c.a.b.w.runner.CSVUploadRunner - Transaction Date: 2023-06-04
2026-04-18 10:33:45 INFO  c.a.b.w.runner.CSVUploadRunner - Transaction Date: 2023-06-03
2026-04-18 10:33:45 INFO  c.a.b.w.runner.CSVUploadRunner - Transaction Date: 2023-06-03
2026-04-18 10:33:45 INFO  c.a.b.w.runner.CSVUploadRunner - Transaction Date: 2023-06-02
2026-04-18 10:33:45 INFO  c.a.b.w.runner.CSVUploadRunner - Transaction Date: 2023-06-02
2026-04-18 10:33:45 INFO  c.a.b.w.runner.CSVUploadRunner - Transaction Date: 2023-06-01
2026-04-18 10:33:45 INFO  c.a.b.w.runner.CSVUploadRunner - Transaction Date: 2023-06-01
2026-04-18 10:33:45 INFO  c.a.b.w.runner.CSVUploadRunner - Transaction Date: 2023-06-01
2026-04-18 10:33:45 INFO  c.a.b.w.runner.CSVUploadRunner - Transaction Date: 2023-06-01
2026-04-18 10:33:45 INFO  c.a.b.w.runner.CSVUploadRunner - Transaction Date: 2023-06-01
2026-04-18 10:33:45 INFO  c.a.b.w.runner.CSVUploadRunner - Transaction Date: 2023-05-31
2026-04-18 10:33:45 INFO  c.a.b.w.runner.CSVUploadRunner - Transaction Date: 2023-05-31
2026-04-18 10:33:45 INFO  c.a.b.w.runner.CSVUploadRunner - Transaction Date: 2023-05-31
2026-04-18 10:33:45 INFO  c.a.b.w.runner.CSVUploadRunner - Transaction Date: 2023-05-31
2026-04-18 10:33:45 INFO  c.a.b.w.runner.CSVUploadRunner - Transaction Date: 2023-05-30
2026-04-18 10:33:45 INFO  c.a.b.w.runner.CSVUploadRunner - Transaction Date: 2023-05-29
2026-04-18 10:33:45 INFO  c.a.b.w.runner.CSVUploadRunner - Transaction Date: 2023-05-28
2026-04-18 10:33:45 INFO  c.a.b.w.runner.CSVUploadRunner - Transaction Date: 2023-05-26
2026-04-18 10:33:45 INFO  c.a.b.w.runner.CSVUploadRunner - Transaction Date: 2023-05-26
2026-04-18 10:33:45 INFO  c.a.b.w.runner.CSVUploadRunner - Transaction Date: 2023-05-26
2026-04-18 10:33:45 INFO  c.a.b.w.runner.CSVUploadRunner - Transaction Date: 2023-05-26
2026-04-18 10:33:45 INFO  c.a.b.w.runner.CSVUploadRunner - Transaction Date: 2023-05-25
2026-04-18 10:33:45 INFO  c.a.b.w.runner.CSVUploadRunner - Transaction Date: 2023-05-24
2026-04-18 10:33:45 INFO  c.a.b.w.runner.CSVUploadRunner - Transaction Date: 2023-05-23
2026-04-18 10:33:45 INFO  c.a.b.w.runner.CSVUploadRunner - Transaction Date: 2023-05-23
2026-04-18 10:33:45 INFO  c.a.b.w.runner.CSVUploadRunner - Transaction Date: 2023-05-22
2026-04-18 10:33:45 INFO  c.a.b.w.runner.CSVUploadRunner - Transaction Date: 2023-05-22
2026-04-18 10:33:45 INFO  c.a.b.w.runner.CSVUploadRunner - Transaction Date: 2023-05-21
2026-04-18 10:33:45 INFO  c.a.b.w.runner.CSVUploadRunner - Transaction Date: 2023-05-21
2026-04-18 10:33:45 INFO  c.a.b.w.runner.CSVUploadRunner - Transaction Date: 2023-05-21
2026-04-18 10:33:45 INFO  c.a.b.w.runner.CSVUploadRunner - Transaction Date: 2023-05-21
2026-04-18 10:33:45 INFO  c.a.b.w.runner.CSVUploadRunner - Transaction Date: 2023-05-20
2026-04-18 10:33:45 INFO  c.a.b.w.runner.CSVUploadRunner - Transaction Date: 2023-05-20
2026-04-18 10:33:45 INFO  c.a.b.w.runner.CSVUploadRunner - Transaction Date: 2023-05-20
2026-04-18 10:33:45 INFO  c.a.b.w.runner.CSVUploadRunner - Transaction Date: 2023-05-20
2026-04-18 10:33:45 INFO  c.a.b.w.runner.CSVUploadRunner - Transaction Date: 2023-05-20
2026-04-18 10:33:45 INFO  c.a.b.w.runner.CSVUploadRunner - Transaction Date: 2023-05-19
2026-04-18 10:33:45 INFO  c.a.b.w.runner.CSVUploadRunner - Transaction Date: 2023-05-19
2026-04-18 10:33:45 INFO  c.a.b.w.runner.CSVUploadRunner - Transaction Date: 2023-05-19
2026-04-18 10:33:45 INFO  c.a.b.w.runner.CSVUploadRunner - Transaction Date: 2023-05-18
2026-04-18 10:33:45 INFO  c.a.b.w.runner.CSVUploadRunner - Transaction Date: 2023-05-18
2026-04-18 10:33:45 INFO  c.a.b.w.runner.CSVUploadRunner - Transaction Date: 2023-05-18
2026-04-18 10:33:45 INFO  c.a.b.w.runner.CSVUploadRunner - Transaction Date: 2023-05-17
2026-04-18 10:33:45 INFO  c.a.b.w.runner.CSVUploadRunner - Transaction Date: 2023-05-17
2026-04-18 10:33:45 INFO  c.a.b.w.runner.CSVUploadRunner - Transaction Date: 2023-05-17
2026-04-18 10:33:45 INFO  c.a.b.w.runner.CSVUploadRunner - Transaction Date: 2023-05-16
2026-04-18 10:33:45 INFO  c.a.b.w.runner.CSVUploadRunner - Transaction Date: 2023-05-16
2026-04-18 10:33:45 INFO  c.a.b.w.runner.CSVUploadRunner - Transaction Date: 2023-05-16
2026-04-18 10:33:45 INFO  c.a.b.w.runner.CSVUploadRunner - Transaction Date: 2023-05-16
2026-04-18 10:33:45 INFO  c.a.b.w.runner.CSVUploadRunner - Transaction Date: 2023-05-15
2026-04-18 10:33:45 INFO  c.a.b.w.runner.CSVUploadRunner - Transaction Date: 2023-05-15
2026-04-18 10:33:45 INFO  c.a.b.w.runner.CSVUploadRunner - Transaction Date: 2023-05-15
2026-04-18 10:33:45 INFO  c.a.b.w.runner.CSVUploadRunner - Transaction Date: 2023-05-15
2026-04-18 10:33:45 INFO  c.a.b.w.runner.CSVUploadRunner - Transaction Date: 2023-05-15
2026-04-18 10:33:45 INFO  c.a.b.w.runner.CSVUploadRunner - Transaction Date: 2023-05-15
2026-04-18 10:33:45 INFO  c.a.b.w.runner.CSVUploadRunner - Transaction Date: 2023-05-14
2026-04-18 10:33:45 INFO  c.a.b.w.runner.CSVUploadRunner - Transaction Date: 2023-05-13
2026-04-18 10:33:45 INFO  c.a.b.w.runner.CSVUploadRunner - Transaction Date: 2023-05-13
2026-04-18 10:33:45 INFO  c.a.b.w.runner.CSVUploadRunner - Transaction Date: 2023-05-13
2026-04-18 10:33:45 INFO  c.a.b.w.runner.CSVUploadRunner - Transaction Date: 2023-05-13
2026-04-18 10:33:45 INFO  c.a.b.w.runner.CSVUploadRunner - Transaction Date: 2023-05-12
2026-04-18 10:33:45 INFO  c.a.b.w.runner.CSVUploadRunner - Transaction Date: 2023-05-12
2026-04-18 10:33:45 INFO  c.a.b.w.runner.CSVUploadRunner - Transaction Date: 2023-05-10
2026-04-18 10:33:45 INFO  c.a.b.w.runner.CSVUploadRunner - Transaction Date: 2023-05-10
2026-04-18 10:33:45 INFO  c.a.b.w.runner.CSVUploadRunner - Transaction Date: 2023-05-09
2026-04-18 10:33:45 INFO  c.a.b.w.runner.CSVUploadRunner - Transaction Date: 2023-05-09
2026-04-18 10:33:45 INFO  c.a.b.w.runner.CSVUploadRunner - Transaction Date: 2023-05-09
2026-04-18 10:33:45 INFO  c.a.b.w.runner.CSVUploadRunner - Transaction Date: 2023-05-09
2026-04-18 10:33:45 INFO  c.a.b.w.runner.CSVUploadRunner - Transaction Date: 2023-05-08
2026-04-18 10:33:45 INFO  c.a.b.w.runner.CSVUploadRunner - Transaction Date: 2023-05-08
2026-04-18 10:33:45 INFO  c.a.b.w.runner.CSVUploadRunner - Transaction Date: 2023-05-08
2026-04-18 10:33:45 INFO  c.a.b.w.runner.CSVUploadRunner - Transaction Date: 2023-05-07
2026-04-18 10:33:45 INFO  c.a.b.w.runner.CSVUploadRunner - Transaction Date: 2023-05-07
2026-04-18 10:33:45 INFO  c.a.b.w.runner.CSVUploadRunner - Transaction Date: 2023-05-07
2026-04-18 10:33:45 INFO  c.a.b.w.runner.CSVUploadRunner - Transaction Date: 2023-05-07
2026-04-18 10:33:45 INFO  c.a.b.w.runner.CSVUploadRunner - Transaction Date: 2023-05-07
2026-04-18 10:33:45 INFO  c.a.b.w.runner.CSVUploadRunner - Transaction Date: 2023-05-07
2026-04-18 10:33:45 INFO  c.a.b.w.runner.CSVUploadRunner - Transaction Date: 2023-05-06
2026-04-18 10:33:45 INFO  c.a.b.w.runner.CSVUploadRunner - Transaction Date: 2023-05-05
2026-04-18 10:33:45 INFO  c.a.b.w.runner.CSVUploadRunner - Transaction Date: 2023-05-05
2026-04-18 10:33:45 INFO  c.a.b.w.runner.CSVUploadRunner - Transaction Date: 2023-05-04
2026-04-18 10:33:45 INFO  c.a.b.w.runner.CSVUploadRunner - Transaction Date: 2023-05-02
2026-04-18 10:33:45 INFO  c.a.b.w.runner.CSVUploadRunner - Transaction Date: 2023-05-02
2026-04-18 10:33:45 INFO  c.a.b.w.runner.CSVUploadRunner - Transaction Date: 2023-05-02
2026-04-18 10:33:45 INFO  c.a.b.w.runner.CSVUploadRunner - Transaction Date: 2023-05-02
2026-04-18 10:33:45 INFO  c.a.b.w.runner.CSVUploadRunner - Transaction Date: 2023-05-01
2026-04-18 10:33:45 INFO  c.a.b.w.runner.CSVUploadRunner - Transaction Date: 2023-05-01
2026-04-18 10:33:45 INFO  c.a.b.w.runner.CSVUploadRunner - Transaction Date: 2023-05-01
2026-04-18 10:33:45 INFO  c.a.b.w.runner.CSVUploadRunner - Transaction Date: 2023-05-01
2026-04-18 10:33:45 INFO  c.a.b.w.runner.CSVUploadRunner - Transaction Date: 2023-04-30
2026-04-18 10:33:45 INFO  c.a.b.w.runner.CSVUploadRunner - Transaction Date: 2023-04-30
2026-04-18 10:33:45 INFO  c.a.b.w.runner.CSVUploadRunner - Transaction Date: 2023-04-30
2026-04-18 10:33:45 INFO  c.a.b.w.runner.CSVUploadRunner - Transaction Date: 2023-04-30
2026-04-18 10:33:45 INFO  c.a.b.w.runner.CSVUploadRunner - Transaction Date: 2023-04-29
2026-04-18 10:33:45 INFO  c.a.b.w.runner.CSVUploadRunner - Transaction Date: 2023-04-28
2026-04-18 10:33:45 INFO  c.a.b.w.runner.CSVUploadRunner - Transaction Date: 2023-04-28
2026-04-18 10:33:45 INFO  c.a.b.w.runner.CSVUploadRunner - Transaction Date: 2023-04-28
2026-04-18 10:33:45 INFO  c.a.b.w.runner.CSVUploadRunner - Transaction Date: 2023-04-28
2026-04-18 10:33:45 INFO  c.a.b.w.runner.CSVUploadRunner - Transaction Date: 2023-04-25
2026-04-18 10:33:45 INFO  c.a.b.w.runner.CSVUploadRunner - Transaction Date: 2023-04-25
2026-04-18 10:33:45 INFO  c.a.b.w.runner.CSVUploadRunner - Transaction Date: 2023-04-25
2026-04-18 10:33:45 INFO  c.a.b.w.runner.CSVUploadRunner - Transaction Date: 2023-04-25
2026-04-18 10:33:45 INFO  c.a.b.w.runner.CSVUploadRunner - Transaction Date: 2023-04-24
2026-04-18 10:33:45 INFO  c.a.b.w.runner.CSVUploadRunner - Transaction Date: 2023-04-24
2026-04-18 10:33:45 INFO  c.a.b.w.runner.CSVUploadRunner - Transaction Date: 2023-04-23
2026-04-18 10:33:45 INFO  c.a.b.w.runner.CSVUploadRunner - Transaction Date: 2023-04-21
2026-04-18 10:33:45 INFO  c.a.b.w.runner.CSVUploadRunner - Transaction Date: 2023-04-19
2026-04-18 10:33:45 INFO  c.a.b.w.runner.CSVUploadRunner - Transaction Date: 2023-04-19
2026-04-18 10:33:45 INFO  c.a.b.w.runner.CSVUploadRunner - Transaction Date: 2023-04-19
2026-04-18 10:33:45 INFO  c.a.b.w.runner.CSVUploadRunner - Transaction Date: 2023-04-18
2026-04-18 10:33:45 INFO  c.a.b.w.runner.CSVUploadRunner - Transaction Date: 2023-04-18
2026-04-18 10:33:45 INFO  c.a.b.w.runner.CSVUploadRunner - Transaction Date: 2023-04-18
2026-04-18 10:33:45 INFO  c.a.b.w.runner.CSVUploadRunner - Transaction Date: 2023-04-18
2026-04-18 10:33:45 INFO  c.a.b.w.runner.CSVUploadRunner - Transaction Date: 2023-04-18
2026-04-18 10:33:45 INFO  c.a.b.w.runner.CSVUploadRunner - Transaction Date: 2023-04-18
2026-04-18 10:33:45 INFO  c.a.b.w.runner.CSVUploadRunner - Transaction Date: 2023-04-17
2026-04-18 10:33:45 INFO  c.a.b.w.runner.CSVUploadRunner - Transaction Date: 2023-04-17
2026-04-18 10:33:45 INFO  c.a.b.w.runner.CSVUploadRunner - Transaction Date: 2023-04-17
2026-04-18 10:33:45 INFO  c.a.b.w.runner.CSVUploadRunner - Transaction Date: 2023-04-17
2026-04-18 10:33:45 INFO  c.a.b.w.runner.CSVUploadRunner - Transaction Date: 2023-04-16
2026-04-18 10:33:45 INFO  c.a.b.w.runner.CSVUploadRunner - Transaction Date: 2023-04-16
2026-04-18 10:33:45 INFO  c.a.b.w.runner.CSVUploadRunner - Transaction Date: 2023-04-16
2026-04-18 10:33:45 INFO  c.a.b.w.runner.CSVUploadRunner - Transaction Date: 2023-04-15
2026-04-18 10:33:45 INFO  c.a.b.w.runner.CSVUploadRunner - Transaction Date: 2023-04-15
2026-04-18 10:33:45 INFO  c.a.b.w.runner.CSVUploadRunner - Transaction Date: 2023-04-15
2026-04-18 10:33:45 INFO  c.a.b.w.runner.CSVUploadRunner - Transaction Date: 2023-04-15
2026-04-18 10:33:45 INFO  c.a.b.w.runner.CSVUploadRunner - Transaction Date: 2023-04-14
2026-04-18 10:33:45 INFO  c.a.b.w.runner.CSVUploadRunner - Transaction Date: 2023-04-14
2026-04-18 10:33:45 INFO  c.a.b.w.runner.CSVUploadRunner - Transaction Date: 2023-04-14
2026-04-18 10:33:45 INFO  c.a.b.w.runner.CSVUploadRunner - Transaction Date: 2023-04-14
2026-04-18 10:33:45 INFO  c.a.b.w.runner.CSVUploadRunner - Transaction Date: 2023-04-13
2026-04-18 10:33:45 INFO  c.a.b.w.runner.CSVUploadRunner - Transaction Date: 2023-04-13
2026-04-18 10:33:45 INFO  c.a.b.w.runner.CSVUploadRunner - Transaction Date: 2023-04-12
2026-04-18 10:33:45 INFO  c.a.b.w.runner.CSVUploadRunner - Transaction Date: 2023-04-12
2026-04-18 10:33:45 INFO  c.a.b.w.runner.CSVUploadRunner - Transaction Date: 2023-04-11
2026-04-18 10:33:45 INFO  c.a.b.w.runner.CSVUploadRunner - Transaction Date: 2023-04-11
2026-04-18 10:33:45 INFO  c.a.b.w.runner.CSVUploadRunner - Transaction Date: 2023-04-09
2026-04-18 10:33:45 INFO  c.a.b.w.runner.CSVUploadRunner - Transaction Date: 2023-04-08
2026-04-18 10:33:45 INFO  c.a.b.w.runner.CSVUploadRunner - Transaction Date: 2023-04-08
2026-04-18 10:33:45 INFO  c.a.b.w.runner.CSVUploadRunner - Transaction Date: 2023-04-07
2026-04-18 10:33:45 INFO  c.a.b.w.runner.CSVUploadRunner - Transaction Date: 2023-04-07
2026-04-18 10:33:45 INFO  c.a.b.w.runner.CSVUploadRunner - Transaction Date: 2023-04-07
2026-04-18 10:33:45 INFO  c.a.b.w.runner.CSVUploadRunner - Transaction Date: 2023-04-07
2026-04-18 10:33:45 INFO  c.a.b.w.runner.CSVUploadRunner - Transaction Date: 2023-04-07
2026-04-18 10:33:45 INFO  c.a.b.w.runner.CSVUploadRunner - Transaction Date: 2023-04-06
2026-04-18 10:33:45 INFO  c.a.b.w.runner.CSVUploadRunner - Transaction Date: 2023-04-06
2026-04-18 10:33:45 INFO  c.a.b.w.runner.CSVUploadRunner - Transaction Date: 2023-04-05
2026-04-18 10:33:45 INFO  c.a.b.w.runner.CSVUploadRunner - Transaction Date: 2023-04-05
2026-04-18 10:33:45 INFO  c.a.b.w.runner.CSVUploadRunner - Transaction Date: 2023-04-05
2026-04-18 10:33:45 INFO  c.a.b.w.runner.CSVUploadRunner - Transaction Date: 2023-04-05
2026-04-18 10:33:45 INFO  c.a.b.w.runner.CSVUploadRunner - Transaction Date: 2023-04-04
2026-04-18 10:33:45 INFO  c.a.b.w.runner.CSVUploadRunner - Transaction Date: 2023-04-03
2026-04-18 10:33:45 INFO  c.a.b.w.runner.CSVUploadRunner - Transaction Date: 2023-04-03
2026-04-18 10:33:45 INFO  c.a.b.w.runner.CSVUploadRunner - Transaction Date: 2023-04-03
2026-04-18 10:33:45 INFO  c.a.b.w.runner.CSVUploadRunner - Transaction Date: 2023-04-02
2026-04-18 10:33:45 INFO  c.a.b.w.runner.CSVUploadRunner - Transaction Date: 2023-04-02
2026-04-18 10:33:45 INFO  c.a.b.w.runner.CSVUploadRunner - Transaction Date: 2023-04-02
2026-04-18 10:33:45 INFO  c.a.b.w.runner.CSVUploadRunner - Transaction Date: 2023-04-02
2026-04-18 10:33:45 INFO  c.a.b.w.runner.CSVUploadRunner - Transaction Date: 2023-04-02
2026-04-18 10:33:45 INFO  c.a.b.w.runner.CSVUploadRunner - Transaction Date: 2023-04-02
2026-04-18 10:33:45 INFO  c.a.b.w.runner.CSVUploadRunner - Transaction Date: 2023-04-02
2026-04-18 10:33:45 INFO  c.a.b.w.runner.CSVUploadRunner - Transaction Date: 2023-04-01
2026-04-18 10:33:45 INFO  c.a.b.w.runner.CSVUploadRunner - Transaction Date: 2023-04-01
2026-04-18 10:33:45 INFO  c.a.b.w.runner.CSVUploadRunner - Transaction Date: 2023-04-01
2026-04-18 10:33:45 INFO  c.a.b.w.runner.CSVUploadRunner - Transaction Date: 2023-04-01
2026-04-18 10:33:45 INFO  c.a.b.w.runner.CSVUploadRunner - Transaction Date: 2023-03-31
2026-04-18 10:33:45 INFO  c.a.b.w.runner.CSVUploadRunner - Transaction Date: 2023-03-31
2026-04-18 10:33:45 INFO  c.a.b.w.runner.CSVUploadRunner - Transaction Date: 2023-03-31
2026-04-18 10:33:45 INFO  c.a.b.w.runner.CSVUploadRunner - Transaction Date: 2023-03-31
2026-04-18 10:33:45 INFO  c.a.b.w.runner.CSVUploadRunner - Transaction Date: 2023-03-31
2026-04-18 10:33:45 INFO  c.a.b.w.runner.CSVUploadRunner - Transaction Date: 2023-03-31
2026-04-18 10:33:45 INFO  c.a.b.w.runner.CSVUploadRunner - Transaction Date: 2023-03-31
2026-04-18 10:33:45 INFO  c.a.b.w.runner.CSVUploadRunner - Transaction Date: 2023-03-31
2026-04-18 10:33:45 INFO  c.a.b.w.runner.CSVUploadRunner - Transaction Date: 2023-03-30
2026-04-18 10:33:45 INFO  c.a.b.w.runner.CSVUploadRunner - Transaction Date: 2023-03-30
2026-04-18 10:33:45 INFO  c.a.b.w.runner.CSVUploadRunner - Transaction Date: 2023-03-30
2026-04-18 10:33:45 INFO  c.a.b.w.runner.CSVUploadRunner - Transaction Date: 2023-03-30
2026-04-18 10:33:45 INFO  c.a.b.w.runner.CSVUploadRunner - Transaction Date: 2023-03-29
2026-04-18 10:33:45 INFO  c.a.b.w.runner.CSVUploadRunner - Transaction Date: 2023-03-29
2026-04-18 10:33:45 INFO  c.a.b.w.runner.CSVUploadRunner - Transaction Date: 2023-03-29
2026-04-18 10:33:45 INFO  c.a.b.w.runner.CSVUploadRunner - Transaction Date: 2023-03-29
2026-04-18 10:33:45 INFO  c.a.b.w.runner.CSVUploadRunner - Transaction Date: 2023-03-29
2026-04-18 10:33:45 INFO  c.a.b.w.runner.CSVUploadRunner - Transaction Date: 2023-03-29
2026-04-18 10:33:45 INFO  c.a.b.w.runner.CSVUploadRunner - Transaction Date: 2023-03-28
2026-04-18 10:33:45 INFO  c.a.b.w.runner.CSVUploadRunner - Transaction Date: 2023-03-28
2026-04-18 10:33:45 INFO  c.a.b.w.runner.CSVUploadRunner - Transaction Date: 2023-03-28
2026-04-18 10:33:45 INFO  c.a.b.w.runner.CSVUploadRunner - Transaction Date: 2023-03-28
2026-04-18 10:33:45 INFO  c.a.b.w.runner.CSVUploadRunner - Transaction Date: 2023-03-27
2026-04-18 10:33:45 INFO  c.a.b.w.runner.CSVUploadRunner - Transaction Date: 2023-03-27
2026-04-18 10:33:45 INFO  c.a.b.w.runner.CSVUploadRunner - Transaction Date: 2023-03-26
2026-04-18 10:33:45 INFO  c.a.b.w.runner.CSVUploadRunner - Transaction Date: 2023-03-26
2026-04-18 10:33:45 INFO  c.a.b.w.runner.CSVUploadRunner - Transaction Date: 2023-03-26
2026-04-18 10:33:45 INFO  c.a.b.w.runner.CSVUploadRunner - Transaction Date: 2023-03-26
2026-04-18 10:33:45 INFO  c.a.b.w.runner.CSVUploadRunner - Transaction Date: 2023-03-26
2026-04-18 10:33:45 INFO  c.a.b.w.runner.CSVUploadRunner - Transaction Date: 2023-03-25
2026-04-18 10:33:45 INFO  c.a.b.w.runner.CSVUploadRunner - Transaction Date: 2023-03-25
2026-04-18 10:33:45 INFO  c.a.b.w.runner.CSVUploadRunner - Transaction Date: 2023-03-25
2026-04-18 10:33:45 INFO  c.a.b.w.runner.CSVUploadRunner - Transaction Date: 2023-03-25
2026-04-18 10:33:45 INFO  c.a.b.w.runner.CSVUploadRunner - Transaction Date: 2023-03-24
2026-04-18 10:33:45 INFO  c.a.b.w.runner.CSVUploadRunner - Transaction Date: 2023-03-24
2026-04-18 10:33:45 INFO  c.a.b.w.runner.CSVUploadRunner - Transaction Date: 2023-03-24
2026-04-18 10:33:45 INFO  c.a.b.w.runner.CSVUploadRunner - Transaction Date: 2023-03-23
2026-04-18 10:33:45 INFO  c.a.b.w.runner.CSVUploadRunner - Transaction Date: 2023-03-23
2026-04-18 10:33:45 INFO  c.a.b.w.runner.CSVUploadRunner - Transaction Date: 2023-03-23
2026-04-18 10:33:45 INFO  c.a.b.w.runner.CSVUploadRunner - Transaction Date: 2023-03-23
2026-04-18 10:33:45 INFO  c.a.b.w.runner.CSVUploadRunner - Transaction Date: 2023-03-22
2026-04-18 10:33:45 INFO  c.a.b.w.runner.CSVUploadRunner - Transaction Date: 2023-03-22
2026-04-18 10:33:45 INFO  c.a.b.w.runner.CSVUploadRunner - Transaction Date: 2023-03-21
2026-04-18 10:33:45 INFO  c.a.b.w.runner.CSVUploadRunner - Transaction Date: 2023-03-21
2026-04-18 10:33:45 INFO  c.a.b.w.runner.CSVUploadRunner - Transaction Date: 2023-03-21
2026-04-18 10:33:45 INFO  c.a.b.w.runner.CSVUploadRunner - Transaction Date: 2023-03-21
2026-04-18 10:33:45 INFO  c.a.b.w.runner.CSVUploadRunner - Transaction Date: 2023-03-19
2026-04-18 10:33:45 INFO  c.a.b.w.runner.CSVUploadRunner - Transaction Date: 2023-03-19
2026-04-18 10:33:45 INFO  c.a.b.w.runner.CSVUploadRunner - Transaction Date: 2023-03-19
2026-04-18 10:33:45 INFO  c.a.b.w.runner.CSVUploadRunner - Transaction Date: 2023-03-18
2026-04-18 10:33:45 INFO  c.a.b.w.runner.CSVUploadRunner - Transaction Date: 2023-03-18
2026-04-18 10:33:45 INFO  c.a.b.w.runner.CSVUploadRunner - Transaction Date: 2023-03-18
2026-04-18 10:33:45 INFO  c.a.b.w.runner.CSVUploadRunner - Transaction Date: 2023-03-17
2026-04-18 10:33:45 INFO  c.a.b.w.runner.CSVUploadRunner - Transaction Date: 2023-03-17
2026-04-18 10:33:45 INFO  c.a.b.w.runner.CSVUploadRunner - Transaction Date: 2023-03-16
2026-04-18 10:33:45 INFO  c.a.b.w.runner.CSVUploadRunner - Transaction Date: 2023-03-16
2026-04-18 10:33:45 INFO  c.a.b.w.runner.CSVUploadRunner - Transaction Date: 2023-03-16
2026-04-18 10:33:45 INFO  c.a.b.w.runner.CSVUploadRunner - Transaction Date: 2023-03-16
2026-04-18 10:33:45 INFO  c.a.b.w.runner.CSVUploadRunner - Transaction Date: 2023-03-15
2026-04-18 10:33:45 INFO  c.a.b.w.runner.CSVUploadRunner - Transaction Date: 2023-03-15
2026-04-18 10:33:45 INFO  c.a.b.w.runner.CSVUploadRunner - Transaction Date: 2023-03-15
2026-04-18 10:33:45 INFO  c.a.b.w.runner.CSVUploadRunner - Transaction Date: 2023-03-15
2026-04-18 10:33:45 INFO  c.a.b.w.runner.CSVUploadRunner - Transaction Date: 2023-03-15
2026-04-18 10:33:45 INFO  c.a.b.w.runner.CSVUploadRunner - Transaction Date: 2023-03-15
2026-04-18 10:33:45 INFO  c.a.b.w.runner.CSVUploadRunner - Transaction Date: 2023-03-15
2026-04-18 10:33:45 INFO  c.a.b.w.runner.CSVUploadRunner - Transaction Date: 2023-03-13
2026-04-18 10:33:45 INFO  c.a.b.w.runner.CSVUploadRunner - Transaction Date: 2023-03-13
2026-04-18 10:33:45 INFO  c.a.b.w.runner.CSVUploadRunner - Transaction Date: 2023-03-12
2026-04-18 10:33:45 INFO  c.a.b.w.runner.CSVUploadRunner - Transaction Date: 2023-03-12
2026-04-18 10:33:45 INFO  c.a.b.w.runner.CSVUploadRunner - Transaction Date: 2023-03-12
2026-04-18 10:33:45 INFO  c.a.b.w.runner.CSVUploadRunner - Transaction Date: 2023-03-12
2026-04-18 10:33:45 INFO  c.a.b.w.runner.CSVUploadRunner - Transaction Date: 2023-03-12
2026-04-18 10:33:45 INFO  c.a.b.w.runner.CSVUploadRunner - Transaction Date: 2023-03-11
2026-04-18 10:33:45 INFO  c.a.b.w.runner.CSVUploadRunner - Transaction Date: 2023-03-11
2026-04-18 10:33:45 INFO  c.a.b.w.runner.CSVUploadRunner - Transaction Date: 2023-03-11
2026-04-18 10:33:45 INFO  c.a.b.w.runner.CSVUploadRunner - Transaction Date: 2023-03-11
2026-04-18 10:33:45 INFO  c.a.b.w.runner.CSVUploadRunner - Transaction Date: 2023-03-11
2026-04-18 10:33:45 INFO  c.a.b.w.runner.CSVUploadRunner - Transaction Date: 2023-03-10
2026-04-18 10:33:45 INFO  c.a.b.w.runner.CSVUploadRunner - Transaction Date: 2023-03-10
2026-04-18 10:33:45 INFO  c.a.b.w.runner.CSVUploadRunner - Transaction Date: 2023-03-07
2026-04-18 10:33:45 INFO  c.a.b.w.runner.CSVUploadRunner - Transaction Date: 2023-03-07
2026-04-18 10:33:45 INFO  c.a.b.w.runner.CSVUploadRunner - Transaction Date: 2023-03-07
2026-04-18 10:33:45 INFO  c.a.b.w.runner.CSVUploadRunner - Transaction Date: 2023-03-06
2026-04-18 10:33:45 INFO  c.a.b.w.runner.CSVUploadRunner - Transaction Date: 2023-03-06
2026-04-18 10:33:45 INFO  c.a.b.w.runner.CSVUploadRunner - Transaction Date: 2023-03-06
2026-04-18 10:33:45 INFO  c.a.b.w.runner.CSVUploadRunner - Transaction Date: 2023-03-05
2026-04-18 10:33:45 INFO  c.a.b.w.runner.CSVUploadRunner - Transaction Date: 2023-03-05
2026-04-18 10:33:45 INFO  c.a.b.w.runner.CSVUploadRunner - Transaction Date: 2023-03-05
2026-04-18 10:33:45 INFO  c.a.b.w.runner.CSVUploadRunner - Transaction Date: 2023-03-04
2026-04-18 10:33:45 INFO  c.a.b.w.runner.CSVUploadRunner - Transaction Date: 2023-03-04
2026-04-18 10:33:45 INFO  c.a.b.w.runner.CSVUploadRunner - Transaction Date: 2023-03-04
2026-04-18 10:33:45 INFO  c.a.b.w.runner.CSVUploadRunner - Transaction Date: 2023-03-04
2026-04-18 10:33:45 INFO  c.a.b.w.runner.CSVUploadRunner - Transaction Date: 2023-03-03
2026-04-18 10:33:45 INFO  c.a.b.w.runner.CSVUploadRunner - Transaction Date: 2023-03-02
2026-04-18 10:33:45 INFO  c.a.b.w.runner.CSVUploadRunner - Transaction Date: 2023-03-02
2026-04-18 10:33:45 INFO  c.a.b.w.runner.CSVUploadRunner - Transaction Date: 2023-03-02
2026-04-18 10:33:45 INFO  c.a.b.w.runner.CSVUploadRunner - Transaction Date: 2023-03-02
2026-04-18 10:33:45 INFO  c.a.b.w.runner.CSVUploadRunner - Transaction Date: 2023-03-02
2026-04-18 10:33:45 INFO  c.a.b.w.runner.CSVUploadRunner - Transaction Date: 2023-03-02
2026-04-18 10:33:45 INFO  c.a.b.w.runner.CSVUploadRunner - Transaction Date: 2023-03-01
2026-04-18 10:33:45 INFO  c.a.b.w.runner.CSVUploadRunner - Transaction Date: 2023-03-01
2026-04-18 10:33:45 INFO  c.a.b.w.runner.CSVUploadRunner - Transaction Date: 2023-03-01
2026-04-18 10:33:45 INFO  c.a.b.w.runner.CSVUploadRunner - Transaction Date: 2023-03-01
2026-04-18 10:33:45 INFO  c.a.b.w.runner.CSVUploadRunner - Transaction Date: 2023-03-01
2026-04-18 10:33:45 INFO  c.a.b.w.runner.CSVUploadRunner - Transaction Date: 2023-03-01
2026-04-18 10:33:45 INFO  c.a.b.w.runner.CSVUploadRunner - Transaction Date: 2023-02-28
2026-04-18 10:33:45 INFO  c.a.b.w.runner.CSVUploadRunner - Transaction Date: 2023-02-28
2026-04-18 10:33:45 INFO  c.a.b.w.runner.CSVUploadRunner - Transaction Date: 2023-02-27
2026-04-18 10:33:45 INFO  c.a.b.w.runner.CSVUploadRunner - Transaction Date: 2023-02-27
2026-04-18 10:33:45 INFO  c.a.b.w.runner.CSVUploadRunner - Transaction Date: 2023-02-27
2026-04-18 10:33:45 INFO  c.a.b.w.runner.CSVUploadRunner - Transaction Date: 2023-02-26
2026-04-18 10:33:45 INFO  c.a.b.w.runner.CSVUploadRunner - Transaction Date: 2023-02-26
2026-04-18 10:33:45 INFO  c.a.b.w.runner.CSVUploadRunner - Transaction Date: 2023-02-26
2026-04-18 10:33:45 INFO  c.a.b.w.runner.CSVUploadRunner - Transaction Date: 2023-02-26
2026-04-18 10:33:45 INFO  c.a.b.w.runner.CSVUploadRunner - Transaction Date: 2023-02-25
2026-04-18 10:33:45 INFO  c.a.b.w.runner.CSVUploadRunner - Transaction Date: 2023-02-24
2026-04-18 10:33:45 INFO  c.a.b.w.runner.CSVUploadRunner - Transaction Date: 2023-02-24
2026-04-18 10:33:45 INFO  c.a.b.w.runner.CSVUploadRunner - Transaction Date: 2023-02-24
2026-04-18 10:33:45 INFO  c.a.b.w.runner.CSVUploadRunner - Transaction Date: 2023-02-24
2026-04-18 10:33:45 INFO  c.a.b.w.runner.CSVUploadRunner - Transaction Date: 2023-02-23
2026-04-18 10:33:45 INFO  c.a.b.w.runner.CSVUploadRunner - Transaction Date: 2023-02-23
2026-04-18 10:33:45 INFO  c.a.b.w.runner.CSVUploadRunner - Transaction Date: 2023-02-22
2026-04-18 10:33:45 INFO  c.a.b.w.runner.CSVUploadRunner - Transaction Date: 2023-02-21
2026-04-18 10:33:45 INFO  c.a.b.w.runner.CSVUploadRunner - Transaction Date: 2023-02-21
2026-04-18 10:33:45 INFO  c.a.b.w.runner.CSVUploadRunner - Transaction Date: 2023-02-21
2026-04-18 10:33:45 INFO  c.a.b.w.runner.CSVUploadRunner - Transaction Date: 2023-02-21
2026-04-18 10:33:45 INFO  c.a.b.w.runner.CSVUploadRunner - Transaction Date: 2023-02-20
2026-04-18 10:33:45 INFO  c.a.b.w.runner.CSVUploadRunner - Transaction Date: 2023-02-20
2026-04-18 10:33:45 INFO  c.a.b.w.runner.CSVUploadRunner - Transaction Date: 2023-02-20
2026-04-18 10:33:45 INFO  c.a.b.w.runner.CSVUploadRunner - Transaction Date: 2023-02-20
2026-04-18 10:33:45 INFO  c.a.b.w.runner.CSVUploadRunner - Transaction Date: 2023-02-20
2026-04-18 10:33:45 INFO  c.a.b.w.runner.CSVUploadRunner - Transaction Date: 2023-02-19
2026-04-18 10:33:45 INFO  c.a.b.w.runner.CSVUploadRunner - Transaction Date: 2023-02-19
2026-04-18 10:33:45 INFO  c.a.b.w.runner.CSVUploadRunner - Transaction Date: 2023-02-19
2026-04-18 10:33:45 INFO  c.a.b.w.runner.CSVUploadRunner - Transaction Date: 2023-02-19
2026-04-18 10:33:45 INFO  c.a.b.w.runner.CSVUploadRunner - Transaction Date: 2023-02-19
2026-04-18 10:33:45 INFO  c.a.b.w.runner.CSVUploadRunner - Transaction Date: 2023-02-19
2026-04-18 10:33:45 INFO  c.a.b.w.runner.CSVUploadRunner - Transaction Date: 2023-02-19
2026-04-18 10:33:45 INFO  c.a.b.w.runner.CSVUploadRunner - Transaction Date: 2023-02-19
2026-04-18 10:33:45 INFO  c.a.b.w.runner.CSVUploadRunner - Transaction Date: 2023-02-19
2026-04-18 10:33:45 INFO  c.a.b.w.runner.CSVUploadRunner - Transaction Date: 2023-02-18
2026-04-18 10:33:45 INFO  c.a.b.w.runner.CSVUploadRunner - Transaction Date: 2023-02-18
2026-04-18 10:33:45 INFO  c.a.b.w.runner.CSVUploadRunner - Transaction Date: 2023-02-18
2026-04-18 10:33:45 INFO  c.a.b.w.runner.CSVUploadRunner - Transaction Date: 2023-02-18
2026-04-18 10:33:45 INFO  c.a.b.w.runner.CSVUploadRunner - Transaction Date: 2023-02-18
2026-04-18 10:33:45 INFO  c.a.b.w.runner.CSVUploadRunner - Transaction Date: 2023-02-17
2026-04-18 10:33:45 INFO  c.a.b.w.runner.CSVUploadRunner - Transaction Date: 2023-02-17
2026-04-18 10:33:45 INFO  c.a.b.w.runner.CSVUploadRunner - Transaction Date: 2023-02-17
2026-04-18 10:33:45 INFO  c.a.b.w.runner.CSVUploadRunner - Transaction Date: 2023-02-17
2026-04-18 10:33:45 INFO  c.a.b.w.runner.CSVUploadRunner - Transaction Date: 2023-02-17
2026-04-18 10:33:45 INFO  c.a.b.w.runner.CSVUploadRunner - Transaction Date: 2023-02-17
2026-04-18 10:33:45 INFO  c.a.b.w.runner.CSVUploadRunner - Transaction Date: 2023-02-16
2026-04-18 10:33:45 INFO  c.a.b.w.runner.CSVUploadRunner - Transaction Date: 2023-02-15
2026-04-18 10:33:45 INFO  c.a.b.w.runner.CSVUploadRunner - Transaction Date: 2023-02-15
2026-04-18 10:33:45 INFO  c.a.b.w.runner.CSVUploadRunner - Transaction Date: 2023-02-15
2026-04-18 10:33:45 INFO  c.a.b.w.runner.CSVUploadRunner - Transaction Date: 2023-02-15
2026-04-18 10:33:45 INFO  c.a.b.w.runner.CSVUploadRunner - Transaction Date: 2023-02-15
2026-04-18 10:33:45 INFO  c.a.b.w.runner.CSVUploadRunner - Transaction Date: 2023-02-15
2026-04-18 10:33:45 INFO  c.a.b.w.runner.CSVUploadRunner - Transaction Date: 2023-02-15
2026-04-18 10:33:45 INFO  c.a.b.w.runner.CSVUploadRunner - Transaction Date: 2023-02-15
2026-04-18 10:33:45 INFO  c.a.b.w.runner.CSVUploadRunner - Transaction Date: 2023-02-14
2026-04-18 10:33:45 INFO  c.a.b.w.runner.CSVUploadRunner - Transaction Date: 2023-02-13
2026-04-18 10:33:45 INFO  c.a.b.w.runner.CSVUploadRunner - Transaction Date: 2023-02-13
2026-04-18 10:33:45 INFO  c.a.b.w.runner.CSVUploadRunner - Transaction Date: 2023-02-13
2026-04-18 10:33:45 INFO  c.a.b.w.runner.CSVUploadRunner - Transaction Date: 2023-02-12
2026-04-18 10:33:45 INFO  c.a.b.w.runner.CSVUploadRunner - Transaction Date: 2023-02-12
2026-04-18 10:33:45 INFO  c.a.b.w.runner.CSVUploadRunner - Transaction Date: 2023-02-12
2026-04-18 10:33:45 INFO  c.a.b.w.runner.CSVUploadRunner - Transaction Date: 2023-02-12
2026-04-18 10:33:45 INFO  c.a.b.w.runner.CSVUploadRunner - Transaction Date: 2023-02-12
2026-04-18 10:33:45 INFO  c.a.b.w.runner.CSVUploadRunner - Transaction Date: 2023-02-11
2026-04-18 10:33:45 INFO  c.a.b.w.runner.CSVUploadRunner - Transaction Date: 2023-02-11
2026-04-18 10:33:45 INFO  c.a.b.w.runner.CSVUploadRunner - Transaction Date: 2023-02-11
2026-04-18 10:33:45 INFO  c.a.b.w.runner.CSVUploadRunner - Transaction Date: 2023-02-10
2026-04-18 10:33:45 INFO  c.a.b.w.runner.CSVUploadRunner - Transaction Date: 2023-02-10
2026-04-18 10:33:45 INFO  c.a.b.w.runner.CSVUploadRunner - Transaction Date: 2023-02-09
2026-04-18 10:33:45 INFO  c.a.b.w.runner.CSVUploadRunner - Transaction Date: 2023-02-09
2026-04-18 10:33:45 INFO  c.a.b.w.runner.CSVUploadRunner - Transaction Date: 2023-02-09
2026-04-18 10:33:45 INFO  c.a.b.w.runner.CSVUploadRunner - Transaction Date: 2023-02-08
2026-04-18 10:33:45 INFO  c.a.b.w.runner.CSVUploadRunner - Transaction Date: 2023-02-08
2026-04-18 10:33:45 INFO  c.a.b.w.runner.CSVUploadRunner - Transaction Date: 2023-02-08
2026-04-18 10:33:45 INFO  c.a.b.w.runner.CSVUploadRunner - Transaction Date: 2023-02-07
2026-04-18 10:33:45 INFO  c.a.b.w.runner.CSVUploadRunner - Transaction Date: 2023-02-07
2026-04-18 10:33:45 INFO  c.a.b.w.runner.CSVUploadRunner - Transaction Date: 2023-02-07
2026-04-18 10:33:45 INFO  c.a.b.w.runner.CSVUploadRunner - Transaction Date: 2023-02-06
2026-04-18 10:33:45 INFO  c.a.b.w.runner.CSVUploadRunner - Transaction Date: 2023-02-04
2026-04-18 10:33:45 INFO  c.a.b.w.runner.CSVUploadRunner - Transaction Date: 2023-02-02
2026-04-18 10:33:45 INFO  c.a.b.w.runner.CSVUploadRunner - Transaction Date: 2023-02-02
2026-04-18 10:33:45 INFO  c.a.b.w.runner.CSVUploadRunner - Transaction Date: 2023-02-01
2026-04-18 10:33:45 INFO  c.a.b.w.runner.CSVUploadRunner - Transaction Date: 2023-02-01
2026-04-18 10:33:45 INFO  c.a.b.w.runner.CSVUploadRunner - Transaction Date: 2023-02-01
2026-04-18 10:33:45 INFO  c.a.b.w.runner.CSVUploadRunner - Transaction Date: 2023-02-01
2026-04-18 10:33:45 INFO  c.a.b.w.runner.CSVUploadRunner - Transaction Date: 2023-02-01
2026-04-18 10:33:45 INFO  c.a.b.w.runner.CSVUploadRunner - Transaction Date: 2023-01-31
2026-04-18 10:33:45 INFO  c.a.b.w.runner.CSVUploadRunner - Transaction Date: 2023-01-31
2026-04-18 10:33:45 INFO  c.a.b.w.runner.CSVUploadRunner - Transaction Date: 2023-01-31
2026-04-18 10:33:45 INFO  c.a.b.w.runner.CSVUploadRunner - Transaction Date: 2023-01-31
2026-04-18 10:33:45 INFO  c.a.b.w.runner.CSVUploadRunner - Transaction Date: 2023-01-31
2026-04-18 10:33:45 INFO  c.a.b.w.runner.CSVUploadRunner - Transaction Date: 2023-01-30
2026-04-18 10:33:45 INFO  c.a.b.w.runner.CSVUploadRunner - Transaction Date: 2023-01-30
2026-04-18 10:33:45 INFO  c.a.b.w.runner.CSVUploadRunner - Transaction Date: 2023-01-30
2026-04-18 10:33:45 INFO  c.a.b.w.runner.CSVUploadRunner - Transaction Date: 2023-01-29
2026-04-18 10:33:45 INFO  c.a.b.w.runner.CSVUploadRunner - Transaction Date: 2023-01-29
2026-04-18 10:33:45 INFO  c.a.b.w.runner.CSVUploadRunner - Transaction Date: 2023-01-29
2026-04-18 10:33:45 INFO  c.a.b.w.runner.CSVUploadRunner - Transaction Date: 2023-01-29
2026-04-18 10:33:45 INFO  c.a.b.w.runner.CSVUploadRunner - Transaction Date: 2023-01-29
2026-04-18 10:33:45 INFO  c.a.b.w.runner.CSVUploadRunner - Transaction Date: 2023-01-29
2026-04-18 10:33:45 INFO  c.a.b.w.runner.CSVUploadRunner - Transaction Date: 2023-01-28
2026-04-18 10:33:45 INFO  c.a.b.w.runner.CSVUploadRunner - Transaction Date: 2023-01-27
2026-04-18 10:33:45 INFO  c.a.b.w.runner.CSVUploadRunner - Transaction Date: 2023-01-27
2026-04-18 10:33:45 INFO  c.a.b.w.runner.CSVUploadRunner - Transaction Date: 2023-01-27
2026-04-18 10:33:45 INFO  c.a.b.w.runner.CSVUploadRunner - Transaction Date: 2023-01-27
2026-04-18 10:33:45 INFO  c.a.b.w.runner.CSVUploadRunner - Transaction Date: 2023-01-25
2026-04-18 10:33:45 INFO  c.a.b.w.runner.CSVUploadRunner - Transaction Date: 2023-01-25
2026-04-18 10:33:45 INFO  c.a.b.w.runner.CSVUploadRunner - Transaction Date: 2023-01-25
2026-04-18 10:33:45 INFO  c.a.b.w.runner.CSVUploadRunner - Transaction Date: 2023-01-24
2026-04-18 10:33:45 INFO  c.a.b.w.runner.CSVUploadRunner - Transaction Date: 2023-01-24
2026-04-18 10:33:45 INFO  c.a.b.w.runner.CSVUploadRunner - Transaction Date: 2023-01-23
2026-04-18 10:33:45 INFO  c.a.b.w.runner.CSVUploadRunner - Transaction Date: 2023-01-22
2026-04-18 10:33:45 INFO  c.a.b.w.runner.CSVUploadRunner - Transaction Date: 2023-01-22
2026-04-18 10:33:45 INFO  c.a.b.w.runner.CSVUploadRunner - Transaction Date: 2023-01-22
2026-04-18 10:33:45 INFO  c.a.b.w.runner.CSVUploadRunner - Transaction Date: 2023-01-22
2026-04-18 10:33:45 INFO  c.a.b.w.runner.CSVUploadRunner - Transaction Date: 2023-01-21
2026-04-18 10:33:45 INFO  c.a.b.w.runner.CSVUploadRunner - Transaction Date: 2023-01-21
2026-04-18 10:33:45 INFO  c.a.b.w.runner.CSVUploadRunner - Transaction Date: 2023-01-21
2026-04-18 10:33:45 INFO  c.a.b.w.runner.CSVUploadRunner - Transaction Date: 2023-01-20
2026-04-18 10:33:45 INFO  c.a.b.w.runner.CSVUploadRunner - Transaction Date: 2023-01-20
2026-04-18 10:33:45 INFO  c.a.b.w.runner.CSVUploadRunner - Transaction Date: 2023-01-20
2026-04-18 10:33:45 INFO  c.a.b.w.runner.CSVUploadRunner - Transaction Date: 2023-01-19
2026-04-18 10:33:45 INFO  c.a.b.w.runner.CSVUploadRunner - Transaction Date: 2023-01-19
2026-04-18 10:33:45 INFO  c.a.b.w.runner.CSVUploadRunner - Transaction Date: 2023-01-19
2026-04-18 10:33:45 INFO  c.a.b.w.runner.CSVUploadRunner - Transaction Date: 2023-01-19
2026-04-18 10:33:45 INFO  c.a.b.w.runner.CSVUploadRunner - Transaction Date: 2023-01-18
2026-04-18 10:33:45 INFO  c.a.b.w.runner.CSVUploadRunner - Transaction Date: 2023-01-18
2026-04-18 10:33:45 INFO  c.a.b.w.runner.CSVUploadRunner - Transaction Date: 2023-01-18
2026-04-18 10:33:45 INFO  c.a.b.w.runner.CSVUploadRunner - Transaction Date: 2023-01-18
2026-04-18 10:33:45 INFO  c.a.b.w.runner.CSVUploadRunner - Transaction Date: 2023-01-17
2026-04-18 10:33:45 INFO  c.a.b.w.runner.CSVUploadRunner - Transaction Date: 2023-01-17
2026-04-18 10:33:45 INFO  c.a.b.w.runner.CSVUploadRunner - Transaction Date: 2023-01-17
2026-04-18 10:33:45 INFO  c.a.b.w.runner.CSVUploadRunner - Transaction Date: 2023-01-17
2026-04-18 10:33:45 INFO  c.a.b.w.runner.CSVUploadRunner - Transaction Date: 2023-01-14
2026-04-18 10:33:45 INFO  c.a.b.w.runner.CSVUploadRunner - Transaction Date: 2023-01-14
2026-04-18 10:33:45 INFO  c.a.b.w.runner.CSVUploadRunner - Transaction Date: 2023-01-13
2026-04-18 10:33:45 INFO  c.a.b.w.runner.CSVUploadRunner - Transaction Date: 2023-01-12
2026-04-18 10:33:45 INFO  c.a.b.w.runner.CSVUploadRunner - Transaction Date: 2023-01-12
2026-04-18 10:33:45 INFO  c.a.b.w.runner.CSVUploadRunner - Transaction Date: 2023-01-12
2026-04-18 10:33:45 INFO  c.a.b.w.runner.CSVUploadRunner - Transaction Date: 2023-01-11
2026-04-18 10:33:45 INFO  c.a.b.w.runner.CSVUploadRunner - Transaction Date: 2023-01-10
2026-04-18 10:33:45 INFO  c.a.b.w.runner.CSVUploadRunner - Transaction Date: 2023-01-10
2026-04-18 10:33:45 INFO  c.a.b.w.runner.CSVUploadRunner - Transaction Date: 2023-01-09
2026-04-18 10:33:45 INFO  c.a.b.w.runner.CSVUploadRunner - Transaction Date: 2023-01-09
2026-04-18 10:33:45 INFO  c.a.b.w.runner.CSVUploadRunner - Transaction Date: 2023-01-08
2026-04-18 10:33:45 INFO  c.a.b.w.runner.CSVUploadRunner - Transaction Date: 2023-01-07
2026-04-18 10:33:45 INFO  c.a.b.w.runner.CSVUploadRunner - Transaction Date: 2023-01-07
2026-04-18 10:33:45 INFO  c.a.b.w.runner.CSVUploadRunner - Transaction Date: 2023-01-07
2026-04-18 10:33:45 INFO  c.a.b.w.runner.CSVUploadRunner - Transaction Date: 2023-01-06
2026-04-18 10:33:45 INFO  c.a.b.w.runner.CSVUploadRunner - Transaction Date: 2023-01-06
2026-04-18 10:33:45 INFO  c.a.b.w.runner.CSVUploadRunner - Transaction Date: 2023-01-05
2026-04-18 10:33:45 INFO  c.a.b.w.runner.CSVUploadRunner - Transaction Date: 2023-01-04
2026-04-18 10:33:45 INFO  c.a.b.w.runner.CSVUploadRunner - Transaction Date: 2023-01-04
2026-04-18 10:33:45 INFO  c.a.b.w.runner.CSVUploadRunner - Transaction Date: 2023-01-04
2026-04-18 10:33:45 INFO  c.a.b.w.runner.CSVUploadRunner - Transaction Date: 2023-01-03
2026-04-18 10:33:45 INFO  c.a.b.w.runner.CSVUploadRunner - Transaction Date: 2023-01-03
2026-04-18 10:33:45 INFO  c.a.b.w.runner.CSVUploadRunner - Transaction Date: 2023-01-03
2026-04-18 10:33:45 INFO  c.a.b.w.runner.CSVUploadRunner - Transaction Date: 2023-01-02
2026-04-18 10:33:45 INFO  c.a.b.w.runner.CSVUploadRunner - Transaction Date: 2023-01-02
2026-04-18 10:33:45 INFO  c.a.b.w.runner.CSVUploadRunner - Transaction Date: 2023-01-02
2026-04-18 10:33:45 INFO  c.a.b.w.runner.CSVUploadRunner - Transaction Date: 2023-01-01
2026-04-18 10:33:45 INFO  c.a.b.w.runner.CSVUploadRunner - Transaction Date: 2023-01-01
2026-04-18 10:33:45 INFO  c.a.b.w.runner.CSVUploadRunner - Transaction Date: 2023-01-01
2026-04-18 10:33:45 INFO  c.a.b.w.runner.CSVUploadRunner - Transaction Date: 2023-01-01
2026-04-18 10:33:45 INFO  c.a.b.w.runner.CSVUploadRunner - Transaction Date: 2023-01-01
2026-04-18 10:33:45 INFO  c.a.b.w.runner.CSVUploadRunner - Transaction Date: 2023-01-01
2026-04-18 10:33:45 INFO  c.a.b.w.runner.CSVUploadRunner - Transaction Date: 2022-12-31
2026-04-18 10:33:45 INFO  c.a.b.w.runner.CSVUploadRunner - Transaction Date: 2022-12-31
2026-04-18 10:33:45 INFO  c.a.b.w.runner.CSVUploadRunner - Transaction Date: 2022-12-31
2026-04-18 10:33:45 INFO  c.a.b.w.runner.CSVUploadRunner - Transaction Date: 2022-12-30
2026-04-18 10:33:45 INFO  c.a.b.w.runner.CSVUploadRunner - Transaction Date: 2022-12-30
2026-04-18 10:33:45 INFO  c.a.b.w.runner.CSVUploadRunner - Transaction Date: 2022-12-30
2026-04-18 10:33:45 INFO  c.a.b.w.runner.CSVUploadRunner - Transaction Date: 2022-12-29
2026-04-18 10:33:45 INFO  c.a.b.w.runner.CSVUploadRunner - Transaction Date: 2022-12-28
2026-04-18 10:33:45 INFO  c.a.b.w.runner.CSVUploadRunner - Transaction Date: 2022-12-27
2026-04-18 10:33:45 INFO  c.a.b.w.runner.CSVUploadRunner - Transaction Date: 2022-12-25
2026-04-18 10:33:45 INFO  c.a.b.w.runner.CSVUploadRunner - Transaction Date: 2022-12-25
2026-04-18 10:33:45 INFO  c.a.b.w.runner.CSVUploadRunner - Transaction Date: 2022-12-25
2026-04-18 10:33:45 INFO  c.a.b.w.runner.CSVUploadRunner - Transaction Date: 2022-12-24
2026-04-18 10:33:45 INFO  c.a.b.w.runner.CSVUploadRunner - Transaction Date: 2022-12-23
2026-04-18 10:33:45 INFO  c.a.b.w.runner.CSVUploadRunner - Transaction Date: 2022-12-22
2026-04-18 10:33:45 INFO  c.a.b.w.runner.CSVUploadRunner - Transaction Date: 2022-12-22
2026-04-18 10:33:45 INFO  c.a.b.w.runner.CSVUploadRunner - Transaction Date: 2022-12-21
2026-04-18 10:33:45 INFO  c.a.b.w.runner.CSVUploadRunner - Transaction Date: 2022-12-21
2026-04-18 10:33:45 INFO  c.a.b.w.runner.CSVUploadRunner - Transaction Date: 2022-12-20
2026-04-18 10:33:45 INFO  c.a.b.w.runner.CSVUploadRunner - Transaction Date: 2022-12-20
2026-04-18 10:33:45 INFO  c.a.b.w.runner.CSVUploadRunner - Transaction Date: 2022-12-20
2026-04-18 10:33:45 INFO  c.a.b.w.runner.CSVUploadRunner - Transaction Date: 2022-12-19
2026-04-18 10:33:45 INFO  c.a.b.w.runner.CSVUploadRunner - Transaction Date: 2022-12-19
2026-04-18 10:33:45 INFO  c.a.b.w.runner.CSVUploadRunner - Transaction Date: 2022-12-19
2026-04-18 10:33:45 INFO  c.a.b.w.runner.CSVUploadRunner - Transaction Date: 2022-12-18
2026-04-18 10:33:45 INFO  c.a.b.w.runner.CSVUploadRunner - Transaction Date: 2022-12-18
2026-04-18 10:33:45 INFO  c.a.b.w.runner.CSVUploadRunner - Transaction Date: 2022-12-18
2026-04-18 10:33:45 INFO  c.a.b.w.runner.CSVUploadRunner - Transaction Date: 2022-12-18
2026-04-18 10:33:45 INFO  c.a.b.w.runner.CSVUploadRunner - Transaction Date: 2022-12-17
2026-04-18 10:33:45 INFO  c.a.b.w.runner.CSVUploadRunner - Transaction Date: 2022-12-17
2026-04-18 10:33:45 INFO  c.a.b.w.runner.CSVUploadRunner - Transaction Date: 2022-12-17
2026-04-18 10:33:45 INFO  c.a.b.w.runner.CSVUploadRunner - Transaction Date: 2022-12-17
2026-04-18 10:33:45 INFO  c.a.b.w.runner.CSVUploadRunner - Transaction Date: 2022-12-17
2026-04-18 10:33:45 INFO  c.a.b.w.runner.CSVUploadRunner - Transaction Date: 2022-12-17
2026-04-18 10:33:45 INFO  c.a.b.w.runner.CSVUploadRunner - Transaction Date: 2022-12-17
2026-04-18 10:33:45 INFO  c.a.b.w.runner.CSVUploadRunner - Transaction Date: 2022-12-17
2026-04-18 10:33:45 INFO  c.a.b.w.runner.CSVUploadRunner - Transaction Date: 2022-12-16
2026-04-18 10:33:45 INFO  c.a.b.w.runner.CSVUploadRunner - Transaction Date: 2022-12-16
2026-04-18 10:33:45 INFO  c.a.b.w.runner.CSVUploadRunner - Transaction Date: 2022-12-15
2026-04-18 10:33:45 INFO  c.a.b.w.runner.CSVUploadRunner - Transaction Date: 2022-12-15
2026-04-18 10:33:45 INFO  c.a.b.w.runner.CSVUploadRunner - Transaction Date: 2022-12-15
2026-04-18 10:33:45 INFO  c.a.b.w.runner.CSVUploadRunner - Transaction Date: 2022-12-14
2026-04-18 10:33:45 INFO  c.a.b.w.runner.CSVUploadRunner - Transaction Date: 2022-12-13
2026-04-18 10:33:45 INFO  c.a.b.w.runner.CSVUploadRunner - Transaction Date: 2022-12-12
2026-04-18 10:33:45 INFO  c.a.b.w.runner.CSVUploadRunner - Transaction Date: 2022-12-12
2026-04-18 10:33:45 INFO  c.a.b.w.runner.CSVUploadRunner - Transaction Date: 2022-12-11
2026-04-18 10:33:45 INFO  c.a.b.w.runner.CSVUploadRunner - Transaction Date: 2022-12-11
2026-04-18 10:33:45 INFO  c.a.b.w.runner.CSVUploadRunner - Transaction Date: 2022-12-11
2026-04-18 10:33:45 INFO  c.a.b.w.runner.CSVUploadRunner - Transaction Date: 2022-12-11
2026-04-18 10:33:45 INFO  c.a.b.w.runner.CSVUploadRunner - Transaction Date: 2022-12-11
2026-04-18 10:33:45 INFO  c.a.b.w.runner.CSVUploadRunner - Transaction Date: 2022-12-10
2026-04-18 10:33:45 INFO  c.a.b.w.runner.CSVUploadRunner - Transaction Date: 2022-12-10
2026-04-18 10:33:45 INFO  c.a.b.w.runner.CSVUploadRunner - Transaction Date: 2022-12-09
2026-04-18 10:33:45 INFO  c.a.b.w.runner.CSVUploadRunner - Transaction Date: 2022-12-08
2026-04-18 10:33:45 INFO  c.a.b.w.runner.CSVUploadRunner - Transaction Date: 2022-12-08
2026-04-18 10:33:45 INFO  c.a.b.w.runner.CSVUploadRunner - Transaction Date: 2022-12-07
2026-04-18 10:33:45 INFO  c.a.b.w.runner.CSVUploadRunner - Transaction Date: 2022-12-07
2026-04-18 10:33:45 INFO  c.a.b.w.runner.CSVUploadRunner - Transaction Date: 2022-12-06
2026-04-18 10:33:45 INFO  c.a.b.w.runner.CSVUploadRunner - Transaction Date: 2022-12-06
2026-04-18 10:33:45 INFO  c.a.b.w.runner.CSVUploadRunner - Transaction Date: 2022-12-05
2026-04-18 10:33:45 INFO  c.a.b.w.runner.CSVUploadRunner - Transaction Date: 2022-12-05
2026-04-18 10:33:45 INFO  c.a.b.w.runner.CSVUploadRunner - Transaction Date: 2022-12-05
2026-04-18 10:33:45 INFO  c.a.b.w.runner.CSVUploadRunner - Transaction Date: 2022-12-04
2026-04-18 10:33:45 INFO  c.a.b.w.runner.CSVUploadRunner - Transaction Date: 2022-12-03
2026-04-18 10:33:45 INFO  c.a.b.w.runner.CSVUploadRunner - Transaction Date: 2022-12-03
2026-04-18 10:33:45 INFO  c.a.b.w.runner.CSVUploadRunner - Transaction Date: 2022-12-02
2026-04-18 10:33:45 INFO  c.a.b.w.runner.CSVUploadRunner - Transaction Date: 2022-12-02
2026-04-18 10:33:45 INFO  c.a.b.w.runner.CSVUploadRunner - Transaction Date: 2022-12-01
2026-04-18 10:33:45 INFO  c.a.b.w.runner.CSVUploadRunner - Transaction Date: 2022-12-01
2026-04-18 10:33:45 INFO  c.a.b.w.runner.CSVUploadRunner - Transaction Date: 2022-12-01
2026-04-18 10:33:45 INFO  c.a.b.w.runner.CSVUploadRunner - Transaction Date: 2022-12-01
2026-04-18 10:33:45 INFO  c.a.b.w.runner.CSVUploadRunner - Transaction Date: 2022-11-30
2026-04-18 10:33:45 INFO  c.a.b.w.runner.CSVUploadRunner - Transaction Date: 2022-11-30
2026-04-18 10:33:45 INFO  c.a.b.w.runner.CSVUploadRunner - Transaction Date: 2022-11-30
2026-04-18 10:33:45 INFO  c.a.b.w.runner.CSVUploadRunner - Transaction Date: 2022-11-30
2026-04-18 10:33:45 INFO  c.a.b.w.runner.CSVUploadRunner - Transaction Date: 2022-11-30
2026-04-18 10:33:45 INFO  c.a.b.w.runner.CSVUploadRunner - Transaction Date: 2022-11-30
2026-04-18 10:33:45 INFO  c.a.b.w.runner.CSVUploadRunner - Transaction Date: 2022-11-29
2026-04-18 10:33:45 INFO  c.a.b.w.runner.CSVUploadRunner - Transaction Date: 2022-11-29
2026-04-18 10:33:45 INFO  c.a.b.w.runner.CSVUploadRunner - Transaction Date: 2022-11-29
2026-04-18 10:33:45 INFO  c.a.b.w.runner.CSVUploadRunner - Transaction Date: 2022-11-28
2026-04-18 10:33:45 INFO  c.a.b.w.runner.CSVUploadRunner - Transaction Date: 2022-11-28
2026-04-18 10:33:45 INFO  c.a.b.w.runner.CSVUploadRunner - Transaction Date: 2022-11-27
2026-04-18 10:33:45 INFO  c.a.b.w.runner.CSVUploadRunner - Transaction Date: 2022-11-27
2026-04-18 10:33:45 INFO  c.a.b.w.runner.CSVUploadRunner - Transaction Date: 2022-11-24
2026-04-18 10:33:45 INFO  c.a.b.w.runner.CSVUploadRunner - Transaction Date: 2022-11-24
2026-04-18 10:33:45 INFO  c.a.b.w.runner.CSVUploadRunner - Transaction Date: 2022-11-22
2026-04-18 10:33:45 INFO  c.a.b.w.runner.CSVUploadRunner - Transaction Date: 2022-11-22
2026-04-18 10:33:45 INFO  c.a.b.w.runner.CSVUploadRunner - Transaction Date: 2022-11-21
2026-04-18 10:33:45 INFO  c.a.b.w.runner.CSVUploadRunner - Transaction Date: 2022-11-21
2026-04-18 10:33:45 INFO  c.a.b.w.runner.CSVUploadRunner - Transaction Date: 2022-11-21
2026-04-18 10:33:45 INFO  c.a.b.w.runner.CSVUploadRunner - Transaction Date: 2022-11-20
2026-04-18 10:33:45 INFO  c.a.b.w.runner.CSVUploadRunner - Transaction Date: 2022-11-20
2026-04-18 10:33:45 INFO  c.a.b.w.runner.CSVUploadRunner - Transaction Date: 2022-11-20
2026-04-18 10:33:45 INFO  c.a.b.w.runner.CSVUploadRunner - Transaction Date: 2022-11-20
2026-04-18 10:33:45 INFO  c.a.b.w.runner.CSVUploadRunner - Transaction Date: 2022-11-20
2026-04-18 10:33:45 INFO  c.a.b.w.runner.CSVUploadRunner - Transaction Date: 2022-11-20
2026-04-18 10:33:45 INFO  c.a.b.w.runner.CSVUploadRunner - Transaction Date: 2022-11-20
2026-04-18 10:33:45 INFO  c.a.b.w.runner.CSVUploadRunner - Transaction Date: 2022-11-20
2026-04-18 10:33:45 INFO  c.a.b.w.runner.CSVUploadRunner - Transaction Date: 2022-11-20
2026-04-18 10:33:45 INFO  c.a.b.w.runner.CSVUploadRunner - Transaction Date: 2022-11-19
2026-04-18 10:33:45 INFO  c.a.b.w.runner.CSVUploadRunner - Transaction Date: 2022-11-19
2026-04-18 10:33:45 INFO  c.a.b.w.runner.CSVUploadRunner - Transaction Date: 2022-11-18
2026-04-18 10:33:45 INFO  c.a.b.w.runner.CSVUploadRunner - Transaction Date: 2022-11-18
2026-04-18 10:33:45 INFO  c.a.b.w.runner.CSVUploadRunner - Transaction Date: 2022-11-17
2026-04-18 10:33:45 INFO  c.a.b.w.runner.CSVUploadRunner - Transaction Date: 2022-11-17
2026-04-18 10:33:45 INFO  c.a.b.w.runner.CSVUploadRunner - Transaction Date: 2022-11-17
2026-04-18 10:33:45 INFO  c.a.b.w.runner.CSVUploadRunner - Transaction Date: 2022-11-17
2026-04-18 10:33:45 INFO  c.a.b.w.runner.CSVUploadRunner - Transaction Date: 2022-11-16
2026-04-18 10:33:45 INFO  c.a.b.w.runner.CSVUploadRunner - Transaction Date: 2022-11-16
2026-04-18 10:33:45 INFO  c.a.b.w.runner.CSVUploadRunner - Transaction Date: 2022-11-16
2026-04-18 10:33:45 INFO  c.a.b.w.runner.CSVUploadRunner - Transaction Date: 2022-11-16
2026-04-18 10:33:45 INFO  c.a.b.w.runner.CSVUploadRunner - Transaction Date: 2022-11-16
2026-04-18 10:33:45 INFO  c.a.b.w.runner.CSVUploadRunner - Transaction Date: 2022-11-15
2026-04-18 10:33:45 INFO  c.a.b.w.runner.CSVUploadRunner - Transaction Date: 2022-11-15
2026-04-18 10:33:45 INFO  c.a.b.w.runner.CSVUploadRunner - Transaction Date: 2022-11-15
2026-04-18 10:33:45 INFO  c.a.b.w.runner.CSVUploadRunner - Transaction Date: 2022-11-15
2026-04-18 10:33:45 INFO  c.a.b.w.runner.CSVUploadRunner - Transaction Date: 2022-11-15
2026-04-18 10:33:45 INFO  c.a.b.w.runner.CSVUploadRunner - Transaction Date: 2022-11-15
2026-04-18 10:33:45 INFO  c.a.b.w.runner.CSVUploadRunner - Transaction Date: 2022-11-15
2026-04-18 10:33:45 INFO  c.a.b.w.runner.CSVUploadRunner - Transaction Date: 2022-11-15
2026-04-18 10:33:45 INFO  c.a.b.w.runner.CSVUploadRunner - Transaction Date: 2022-11-15
2026-04-18 10:33:45 INFO  c.a.b.w.runner.CSVUploadRunner - Transaction Date: 2022-11-14
2026-04-18 10:33:45 INFO  c.a.b.w.runner.CSVUploadRunner - Transaction Date: 2022-11-14
2026-04-18 10:33:45 INFO  c.a.b.w.runner.CSVUploadRunner - Transaction Date: 2022-11-14
2026-04-18 10:33:45 INFO  c.a.b.w.runner.CSVUploadRunner - Transaction Date: 2022-11-13
2026-04-18 10:33:45 INFO  c.a.b.w.runner.CSVUploadRunner - Transaction Date: 2022-11-13
2026-04-18 10:33:45 INFO  c.a.b.w.runner.CSVUploadRunner - Transaction Date: 2022-11-13
2026-04-18 10:33:45 INFO  c.a.b.w.runner.CSVUploadRunner - Transaction Date: 2022-11-13
2026-04-18 10:33:45 INFO  c.a.b.w.runner.CSVUploadRunner - Transaction Date: 2022-11-12
2026-04-18 10:33:45 INFO  c.a.b.w.runner.CSVUploadRunner - Transaction Date: 2022-11-12
2026-04-18 10:33:45 INFO  c.a.b.w.runner.CSVUploadRunner - Transaction Date: 2022-11-11
2026-04-18 10:33:45 INFO  c.a.b.w.runner.CSVUploadRunner - Transaction Date: 2022-11-10
2026-04-18 10:33:45 INFO  c.a.b.w.runner.CSVUploadRunner - Transaction Date: 2022-11-09
2026-04-18 10:33:45 INFO  c.a.b.w.runner.CSVUploadRunner - Transaction Date: 2022-11-08
2026-04-18 10:33:45 INFO  c.a.b.w.runner.CSVUploadRunner - Transaction Date: 2022-11-08
2026-04-18 10:33:45 INFO  c.a.b.w.runner.CSVUploadRunner - Transaction Date: 2022-11-07
2026-04-18 10:33:45 INFO  c.a.b.w.runner.CSVUploadRunner - Transaction Date: 2022-11-07
2026-04-18 10:33:45 INFO  c.a.b.w.runner.CSVUploadRunner - Transaction Date: 2022-11-07
2026-04-18 10:33:45 INFO  c.a.b.w.runner.CSVUploadRunner - Transaction Date: 2022-11-07
2026-04-18 10:33:45 INFO  c.a.b.w.runner.CSVUploadRunner - Transaction Date: 2022-11-07
2026-04-18 10:33:45 INFO  c.a.b.w.runner.CSVUploadRunner - Transaction Date: 2022-11-02
2026-04-18 10:33:45 INFO  c.a.b.w.runner.CSVUploadRunner - Transaction Date: 2022-11-02
2026-04-18 10:33:45 INFO  c.a.b.w.runner.CSVUploadRunner - Transaction Date: 2022-11-01
2026-04-18 10:33:45 INFO  c.a.b.w.runner.CSVUploadRunner - Transaction Date: 2022-11-01
2026-04-18 10:33:45 INFO  c.a.b.w.runner.CSVUploadRunner - Transaction Date: 2022-11-01
2026-04-18 10:33:45 INFO  c.a.b.w.runner.CSVUploadRunner - Transaction Date: 2022-11-01
2026-04-18 10:33:45 INFO  c.a.b.w.runner.CSVUploadRunner - Transaction Date: 2022-11-01
2026-04-18 10:33:45 INFO  c.a.b.w.runner.CSVUploadRunner - Transaction Date: 2022-10-31
2026-04-18 10:33:45 INFO  c.a.b.w.runner.CSVUploadRunner - Transaction Date: 2022-10-31
2026-04-18 10:33:45 INFO  c.a.b.w.runner.CSVUploadRunner - Transaction Date: 2022-10-31
2026-04-18 10:33:45 INFO  c.a.b.w.runner.CSVUploadRunner - Transaction Date: 2022-10-31
2026-04-18 10:33:45 INFO  c.a.b.w.runner.CSVUploadRunner - Transaction Date: 2022-10-31
2026-04-18 10:33:45 INFO  c.a.b.w.runner.CSVUploadRunner - Transaction Date: 2022-10-31
2026-04-18 10:33:45 INFO  c.a.b.w.runner.CSVUploadRunner - Transaction Date: 2022-10-30
2026-04-18 10:33:45 INFO  c.a.b.w.runner.CSVUploadRunner - Transaction Date: 2022-10-30
2026-04-18 10:33:45 INFO  c.a.b.w.runner.CSVUploadRunner - Transaction Date: 2022-10-30
2026-04-18 10:33:45 INFO  c.a.b.w.runner.CSVUploadRunner - Transaction Date: 2022-10-29
2026-04-18 10:33:45 INFO  c.a.b.w.runner.CSVUploadRunner - Transaction Date: 2022-10-28
2026-04-18 10:33:45 INFO  c.a.b.w.runner.CSVUploadRunner - Transaction Date: 2022-10-28
2026-04-18 10:33:45 INFO  c.a.b.w.runner.CSVUploadRunner - Transaction Date: 2022-10-27
2026-04-18 10:33:45 INFO  c.a.b.w.runner.CSVUploadRunner - Transaction Date: 2022-10-27
2026-04-18 10:33:45 INFO  c.a.b.w.runner.CSVUploadRunner - Transaction Date: 2022-10-27
2026-04-18 10:33:45 INFO  c.a.b.w.runner.CSVUploadRunner - Transaction Date: 2022-10-27
2026-04-18 10:33:45 INFO  c.a.b.w.runner.CSVUploadRunner - Transaction Date: 2022-10-26
2026-04-18 10:33:45 INFO  c.a.b.w.runner.CSVUploadRunner - Transaction Date: 2022-10-24
2026-04-18 10:33:45 INFO  c.a.b.w.runner.CSVUploadRunner - Transaction Date: 2022-10-24
2026-04-18 10:33:45 INFO  c.a.b.w.runner.CSVUploadRunner - Transaction Date: 2022-10-23
2026-04-18 10:33:45 INFO  c.a.b.w.runner.CSVUploadRunner - Transaction Date: 2022-10-23
2026-04-18 10:33:45 INFO  c.a.b.w.runner.CSVUploadRunner - Transaction Date: 2022-10-23
2026-04-18 10:33:45 INFO  c.a.b.w.runner.CSVUploadRunner - Transaction Date: 2022-10-23
2026-04-18 10:33:45 INFO  c.a.b.w.runner.CSVUploadRunner - Transaction Date: 2022-10-22
2026-04-18 10:33:45 INFO  c.a.b.w.runner.CSVUploadRunner - Transaction Date: 2022-10-22
2026-04-18 10:33:45 INFO  c.a.b.w.runner.CSVUploadRunner - Transaction Date: 2022-10-22
2026-04-18 10:33:45 INFO  c.a.b.w.runner.CSVUploadRunner - Transaction Date: 2022-10-21
2026-04-18 10:33:45 INFO  c.a.b.w.runner.CSVUploadRunner - Transaction Date: 2022-10-21
2026-04-18 10:33:45 INFO  c.a.b.w.runner.CSVUploadRunner - Transaction Date: 2022-10-21
2026-04-18 10:33:45 INFO  c.a.b.w.runner.CSVUploadRunner - Transaction Date: 2022-10-20
2026-04-18 10:33:45 INFO  c.a.b.w.runner.CSVUploadRunner - Transaction Date: 2022-10-20
2026-04-18 10:33:45 INFO  c.a.b.w.runner.CSVUploadRunner - Transaction Date: 2022-10-20
2026-04-18 10:33:45 INFO  c.a.b.w.runner.CSVUploadRunner - Transaction Date: 2022-10-20
2026-04-18 10:33:45 INFO  c.a.b.w.runner.CSVUploadRunner - Transaction Date: 2022-10-20
2026-04-18 10:33:45 INFO  c.a.b.w.runner.CSVUploadRunner - Transaction Date: 2022-10-19
2026-04-18 10:33:45 INFO  c.a.b.w.runner.CSVUploadRunner - Transaction Date: 2022-10-19
2026-04-18 10:33:45 INFO  c.a.b.w.runner.CSVUploadRunner - Transaction Date: 2022-10-18
2026-04-18 10:33:45 INFO  c.a.b.w.runner.CSVUploadRunner - Transaction Date: 2022-10-18
2026-04-18 10:33:45 INFO  c.a.b.w.runner.CSVUploadRunner - Transaction Date: 2022-10-17
2026-04-18 10:33:45 INFO  c.a.b.w.runner.CSVUploadRunner - Transaction Date: 2022-10-17
2026-04-18 10:33:45 INFO  c.a.b.w.runner.CSVUploadRunner - Transaction Date: 2022-10-17
2026-04-18 10:33:45 INFO  c.a.b.w.runner.CSVUploadRunner - Transaction Date: 2022-10-17
2026-04-18 10:33:45 INFO  c.a.b.w.runner.CSVUploadRunner - Transaction Date: 2022-10-17
2026-04-18 10:33:45 INFO  c.a.b.w.runner.CSVUploadRunner - Transaction Date: 2022-10-16
2026-04-18 10:33:45 INFO  c.a.b.w.runner.CSVUploadRunner - Transaction Date: 2022-10-16
2026-04-18 10:33:45 INFO  c.a.b.w.runner.CSVUploadRunner - Transaction Date: 2022-10-15
2026-04-18 10:33:45 INFO  c.a.b.w.runner.CSVUploadRunner - Transaction Date: 2022-10-15
2026-04-18 10:33:45 INFO  c.a.b.w.runner.CSVUploadRunner - Transaction Date: 2022-10-15
2026-04-18 10:33:45 INFO  c.a.b.w.runner.CSVUploadRunner - Transaction Date: 2022-10-15
2026-04-18 10:33:45 INFO  c.a.b.w.runner.CSVUploadRunner - Transaction Date: 2022-10-15
2026-04-18 10:33:45 INFO  c.a.b.w.runner.CSVUploadRunner - Transaction Date: 2022-10-14
2026-04-18 10:33:45 INFO  c.a.b.w.runner.CSVUploadRunner - Transaction Date: 2022-10-14
2026-04-18 10:33:45 INFO  c.a.b.w.runner.CSVUploadRunner - Transaction Date: 2022-10-14
2026-04-18 10:33:45 INFO  c.a.b.w.runner.CSVUploadRunner - Transaction Date: 2022-10-14
2026-04-18 10:33:45 INFO  c.a.b.w.runner.CSVUploadRunner - Transaction Date: 2022-10-14
2026-04-18 10:33:45 INFO  c.a.b.w.runner.CSVUploadRunner - Transaction Date: 2022-10-13
2026-04-18 10:33:45 INFO  c.a.b.w.runner.CSVUploadRunner - Transaction Date: 2022-10-13
2026-04-18 10:33:45 INFO  c.a.b.w.runner.CSVUploadRunner - Transaction Date: 2022-10-12
2026-04-18 10:33:45 INFO  c.a.b.w.runner.CSVUploadRunner - Transaction Date: 2022-10-12
2026-04-18 10:33:45 INFO  c.a.b.w.runner.CSVUploadRunner - Transaction Date: 2022-10-11
2026-04-18 10:33:45 INFO  c.a.b.w.runner.CSVUploadRunner - Transaction Date: 2022-10-11
2026-04-18 10:33:45 INFO  c.a.b.w.runner.CSVUploadRunner - Transaction Date: 2022-10-10
2026-04-18 10:33:45 INFO  c.a.b.w.runner.CSVUploadRunner - Transaction Date: 2022-10-10
2026-04-18 10:33:45 INFO  c.a.b.w.runner.CSVUploadRunner - Transaction Date: 2022-10-10
2026-04-18 10:33:45 INFO  c.a.b.w.runner.CSVUploadRunner - Transaction Date: 2022-10-10
2026-04-18 10:33:45 INFO  c.a.b.w.runner.CSVUploadRunner - Transaction Date: 2022-10-09
2026-04-18 10:33:45 INFO  c.a.b.w.runner.CSVUploadRunner - Transaction Date: 2022-10-09
2026-04-18 10:33:45 INFO  c.a.b.w.runner.CSVUploadRunner - Transaction Date: 2022-10-09
2026-04-18 10:33:45 INFO  c.a.b.w.runner.CSVUploadRunner - Transaction Date: 2022-10-09
2026-04-18 10:33:45 INFO  c.a.b.w.runner.CSVUploadRunner - Transaction Date: 2022-10-08
2026-04-18 10:33:45 INFO  c.a.b.w.runner.CSVUploadRunner - Transaction Date: 2022-10-08
2026-04-18 10:33:45 INFO  c.a.b.w.runner.CSVUploadRunner - Transaction Date: 2022-10-08
2026-04-18 10:33:45 INFO  c.a.b.w.runner.CSVUploadRunner - Transaction Date: 2022-10-07
2026-04-18 10:33:45 INFO  c.a.b.w.runner.CSVUploadRunner - Transaction Date: 2022-10-07
2026-04-18 10:33:45 INFO  c.a.b.w.runner.CSVUploadRunner - Transaction Date: 2022-10-06
2026-04-18 10:33:45 INFO  c.a.b.w.runner.CSVUploadRunner - Transaction Date: 2022-10-06
2026-04-18 10:33:45 INFO  c.a.b.w.runner.CSVUploadRunner - Transaction Date: 2022-10-05
2026-04-18 10:33:45 INFO  c.a.b.w.runner.CSVUploadRunner - Transaction Date: 2022-10-05
2026-04-18 10:33:45 INFO  c.a.b.w.runner.CSVUploadRunner - Transaction Date: 2022-10-03
2026-04-18 10:33:45 INFO  c.a.b.w.runner.CSVUploadRunner - Transaction Date: 2022-10-03
2026-04-18 10:33:45 INFO  c.a.b.w.runner.CSVUploadRunner - Transaction Date: 2022-10-02
2026-04-18 10:33:45 INFO  c.a.b.w.runner.CSVUploadRunner - Transaction Date: 2022-10-02
2026-04-18 10:33:45 INFO  c.a.b.w.runner.CSVUploadRunner - Transaction Date: 2022-10-02
2026-04-18 10:33:45 INFO  c.a.b.w.runner.CSVUploadRunner - Transaction Date: 2022-10-02
2026-04-18 10:33:45 INFO  c.a.b.w.runner.CSVUploadRunner - Transaction Date: 2022-10-02
2026-04-18 10:33:45 INFO  c.a.b.w.runner.CSVUploadRunner - Transaction Date: 2022-10-02
2026-04-18 10:33:45 INFO  c.a.b.w.runner.CSVUploadRunner - Transaction Date: 2022-10-02
2026-04-18 10:33:45 INFO  c.a.b.w.runner.CSVUploadRunner - Transaction Date: 2022-10-01
2026-04-18 10:33:45 INFO  c.a.b.w.runner.CSVUploadRunner - Transaction Date: 2022-10-01
2026-04-18 10:33:45 INFO  c.a.b.w.runner.CSVUploadRunner - Transaction Date: 2022-10-01
2026-04-18 10:33:45 INFO  c.a.b.w.runner.CSVUploadRunner - Transaction Date: 2022-10-01
2026-04-18 10:33:45 INFO  c.a.b.w.runner.CSVUploadRunner - Transaction Date: 2022-10-01
2026-04-18 10:33:45 INFO  c.a.b.w.runner.CSVUploadRunner - Transaction Date: 2022-09-30
2026-04-18 10:33:45 INFO  c.a.b.w.runner.CSVUploadRunner - Transaction Date: 2022-09-30
2026-04-18 10:33:45 INFO  c.a.b.w.runner.CSVUploadRunner - Transaction Date: 2022-09-30
2026-04-18 10:33:45 INFO  c.a.b.w.runner.CSVUploadRunner - Transaction Date: 2022-09-30
2026-04-18 10:33:45 INFO  c.a.b.w.runner.CSVUploadRunner - Transaction Date: 2022-09-29
2026-04-18 10:33:45 INFO  c.a.b.w.runner.CSVUploadRunner - Transaction Date: 2022-09-29
2026-04-18 10:33:45 INFO  c.a.b.w.runner.CSVUploadRunner - Transaction Date: 2022-09-28
2026-04-18 10:33:45 INFO  c.a.b.w.runner.CSVUploadRunner - Transaction Date: 2022-09-28
2026-04-18 10:33:45 INFO  c.a.b.w.runner.CSVUploadRunner - Transaction Date: 2022-09-28
2026-04-18 10:33:45 INFO  c.a.b.w.runner.CSVUploadRunner - Transaction Date: 2022-09-27
2026-04-18 10:33:45 INFO  c.a.b.w.runner.CSVUploadRunner - Transaction Date: 2022-09-26
2026-04-18 10:33:45 INFO  c.a.b.w.runner.CSVUploadRunner - Transaction Date: 2022-09-25
2026-04-18 10:33:45 INFO  c.a.b.w.runner.CSVUploadRunner - Transaction Date: 2022-09-25
2026-04-18 10:33:45 INFO  c.a.b.w.runner.CSVUploadRunner - Transaction Date: 2022-09-25
2026-04-18 10:33:45 INFO  c.a.b.w.runner.CSVUploadRunner - Transaction Date: 2022-09-24
2026-04-18 10:33:45 INFO  c.a.b.w.runner.CSVUploadRunner - Transaction Date: 2022-09-24
2026-04-18 10:33:45 INFO  c.a.b.w.runner.CSVUploadRunner - Transaction Date: 2022-09-23
2026-04-18 10:33:45 INFO  c.a.b.w.runner.CSVUploadRunner - Transaction Date: 2022-09-23
2026-04-18 10:33:45 INFO  c.a.b.w.runner.CSVUploadRunner - Transaction Date: 2022-09-22
2026-04-18 10:33:45 INFO  c.a.b.w.runner.CSVUploadRunner - Transaction Date: 2022-09-22
2026-04-18 10:33:45 INFO  c.a.b.w.runner.CSVUploadRunner - Transaction Date: 2022-09-22
2026-04-18 10:33:45 INFO  c.a.b.w.runner.CSVUploadRunner - Transaction Date: 2022-09-21
2026-04-18 10:33:45 INFO  c.a.b.w.runner.CSVUploadRunner - Transaction Date: 2022-09-21
2026-04-18 10:33:45 INFO  c.a.b.w.runner.CSVUploadRunner - Transaction Date: 2022-09-21
2026-04-18 10:33:45 INFO  c.a.b.w.runner.CSVUploadRunner - Transaction Date: 2022-09-20
2026-04-18 10:33:45 INFO  c.a.b.w.runner.CSVUploadRunner - Transaction Date: 2022-09-20
2026-04-18 10:33:45 INFO  c.a.b.w.runner.CSVUploadRunner - Transaction Date: 2022-09-20
2026-04-18 10:33:45 INFO  c.a.b.w.runner.CSVUploadRunner - Transaction Date: 2022-09-19
2026-04-18 10:33:45 INFO  c.a.b.w.runner.CSVUploadRunner - Transaction Date: 2022-09-19
2026-04-18 10:33:45 INFO  c.a.b.w.runner.CSVUploadRunner - Transaction Date: 2022-09-19
2026-04-18 10:33:45 INFO  c.a.b.w.runner.CSVUploadRunner - Transaction Date: 2022-09-19
2026-04-18 10:33:45 INFO  c.a.b.w.runner.CSVUploadRunner - Transaction Date: 2022-09-19
2026-04-18 10:33:45 INFO  c.a.b.w.runner.CSVUploadRunner - Transaction Date: 2022-09-18
2026-04-18 10:33:45 INFO  c.a.b.w.runner.CSVUploadRunner - Transaction Date: 2022-09-18
2026-04-18 10:33:45 INFO  c.a.b.w.runner.CSVUploadRunner - Transaction Date: 2022-09-18
2026-04-18 10:33:45 INFO  c.a.b.w.runner.CSVUploadRunner - Transaction Date: 2022-09-18
2026-04-18 10:33:45 INFO  c.a.b.w.runner.CSVUploadRunner - Transaction Date: 2022-09-18
2026-04-18 10:33:45 INFO  c.a.b.w.runner.CSVUploadRunner - Transaction Date: 2022-09-18
2026-04-18 10:33:45 INFO  c.a.b.w.runner.CSVUploadRunner - Transaction Date: 2022-09-16
2026-04-18 10:33:45 INFO  c.a.b.w.runner.CSVUploadRunner - Transaction Date: 2022-09-16
2026-04-18 10:33:45 INFO  c.a.b.w.runner.CSVUploadRunner - Transaction Date: 2022-09-16
2026-04-18 10:33:45 INFO  c.a.b.w.runner.CSVUploadRunner - Transaction Date: 2022-09-16
2026-04-18 10:33:45 INFO  c.a.b.w.runner.CSVUploadRunner - Transaction Date: 2022-09-16
2026-04-18 10:33:45 INFO  c.a.b.w.runner.CSVUploadRunner - Transaction Date: 2022-09-15
2026-04-18 10:33:45 INFO  c.a.b.w.runner.CSVUploadRunner - Transaction Date: 2022-09-15
2026-04-18 10:33:45 INFO  c.a.b.w.runner.CSVUploadRunner - Transaction Date: 2022-09-15
2026-04-18 10:33:45 INFO  c.a.b.w.runner.CSVUploadRunner - Transaction Date: 2022-09-14
2026-04-18 10:33:45 INFO  c.a.b.w.runner.CSVUploadRunner - Transaction Date: 2022-09-14
2026-04-18 10:33:45 INFO  c.a.b.w.runner.CSVUploadRunner - Transaction Date: 2022-09-13
2026-04-18 10:33:45 INFO  c.a.b.w.runner.CSVUploadRunner - Transaction Date: 2022-09-12
2026-04-18 10:33:45 INFO  c.a.b.w.runner.CSVUploadRunner - Transaction Date: 2022-09-12
2026-04-18 10:33:45 INFO  c.a.b.w.runner.CSVUploadRunner - Transaction Date: 2022-09-12
2026-04-18 10:33:45 INFO  c.a.b.w.runner.CSVUploadRunner - Transaction Date: 2022-09-12
2026-04-18 10:33:45 INFO  c.a.b.w.runner.CSVUploadRunner - Transaction Date: 2022-09-12
2026-04-18 10:33:45 INFO  c.a.b.w.runner.CSVUploadRunner - Transaction Date: 2022-09-11
2026-04-18 10:33:45 INFO  c.a.b.w.runner.CSVUploadRunner - Transaction Date: 2022-09-11
2026-04-18 10:33:45 INFO  c.a.b.w.runner.CSVUploadRunner - Transaction Date: 2022-09-11
2026-04-18 10:33:45 INFO  c.a.b.w.runner.CSVUploadRunner - Transaction Date: 2022-09-11
2026-04-18 10:33:45 INFO  c.a.b.w.runner.CSVUploadRunner - Transaction Date: 2022-09-11
2026-04-18 10:33:45 INFO  c.a.b.w.runner.CSVUploadRunner - Transaction Date: 2022-09-11
2026-04-18 10:33:45 INFO  c.a.b.w.runner.CSVUploadRunner - Transaction Date: 2022-09-10
2026-04-18 10:33:45 INFO  c.a.b.w.runner.CSVUploadRunner - Transaction Date: 2022-09-10
2026-04-18 10:33:45 INFO  c.a.b.w.runner.CSVUploadRunner - Transaction Date: 2022-09-10
2026-04-18 10:33:45 INFO  c.a.b.w.runner.CSVUploadRunner - Transaction Date: 2022-09-09
2026-04-18 10:33:45 INFO  c.a.b.w.runner.CSVUploadRunner - Transaction Date: 2022-09-09
2026-04-18 10:33:45 INFO  c.a.b.w.runner.CSVUploadRunner - Transaction Date: 2022-09-09
2026-04-18 10:33:45 INFO  c.a.b.w.runner.CSVUploadRunner - Transaction Date: 2022-09-08
2026-04-18 10:33:45 INFO  c.a.b.w.runner.CSVUploadRunner - Transaction Date: 2022-09-08
2026-04-18 10:33:45 INFO  c.a.b.w.runner.CSVUploadRunner - Transaction Date: 2022-09-08
2026-04-18 10:33:45 INFO  c.a.b.w.runner.CSVUploadRunner - Transaction Date: 2022-09-08
2026-04-18 10:33:45 INFO  c.a.b.w.runner.CSVUploadRunner - Transaction Date: 2022-09-07
2026-04-18 10:33:45 INFO  c.a.b.w.runner.CSVUploadRunner - Transaction Date: 2022-09-07
2026-04-18 10:33:45 INFO  c.a.b.w.runner.CSVUploadRunner - Transaction Date: 2022-09-06
2026-04-18 10:33:45 INFO  c.a.b.w.runner.CSVUploadRunner - Transaction Date: 2022-09-06
2026-04-18 10:33:45 INFO  c.a.b.w.runner.CSVUploadRunner - Transaction Date: 2022-09-06
2026-04-18 10:33:45 INFO  c.a.b.w.runner.CSVUploadRunner - Transaction Date: 2022-09-05
2026-04-18 10:33:45 INFO  c.a.b.w.runner.CSVUploadRunner - Transaction Date: 2022-09-04
2026-04-18 10:33:45 INFO  c.a.b.w.runner.CSVUploadRunner - Transaction Date: 2022-09-03
2026-04-18 10:33:45 INFO  c.a.b.w.runner.CSVUploadRunner - Transaction Date: 2022-09-02
2026-04-18 10:33:45 INFO  c.a.b.w.runner.CSVUploadRunner - Transaction Date: 2022-09-02
2026-04-18 10:33:45 INFO  c.a.b.w.runner.CSVUploadRunner - Transaction Date: 2022-09-01
2026-04-18 10:33:45 INFO  c.a.b.w.runner.CSVUploadRunner - Transaction Date: 2022-09-01
2026-04-18 10:33:45 INFO  c.a.b.w.runner.CSVUploadRunner - Transaction Date: 2022-09-01
2026-04-18 10:33:45 INFO  c.a.b.w.runner.CSVUploadRunner - Transaction Date: 2022-09-01
2026-04-18 10:33:45 INFO  c.a.b.w.runner.CSVUploadRunner - Transaction Date: 2022-09-01
2026-04-18 10:33:45 INFO  c.a.b.w.runner.CSVUploadRunner - Transaction Date: 2022-08-31
2026-04-18 10:33:45 INFO  c.a.b.w.runner.CSVUploadRunner - Transaction Date: 2022-08-31
2026-04-18 10:33:45 INFO  c.a.b.w.runner.CSVUploadRunner - Transaction Date: 2022-08-31
2026-04-18 10:33:45 INFO  c.a.b.w.runner.CSVUploadRunner - Transaction Date: 2022-08-30
2026-04-18 10:33:45 INFO  c.a.b.w.runner.CSVUploadRunner - Transaction Date: 2022-08-30
2026-04-18 10:33:45 INFO  c.a.b.w.runner.CSVUploadRunner - Transaction Date: 2022-08-29
2026-04-18 10:33:45 INFO  c.a.b.w.runner.CSVUploadRunner - Transaction Date: 2022-08-29
2026-04-18 10:33:45 INFO  c.a.b.w.runner.CSVUploadRunner - Transaction Date: 2022-08-29
2026-04-18 10:33:45 INFO  c.a.b.w.runner.CSVUploadRunner - Transaction Date: 2022-08-29
2026-04-18 10:33:45 INFO  c.a.b.w.runner.CSVUploadRunner - Transaction Date: 2022-08-28
2026-04-18 10:33:45 INFO  c.a.b.w.runner.CSVUploadRunner - Transaction Date: 2022-08-28
2026-04-18 10:33:45 INFO  c.a.b.w.runner.CSVUploadRunner - Transaction Date: 2022-08-28
2026-04-18 10:33:45 INFO  c.a.b.w.runner.CSVUploadRunner - Transaction Date: 2022-08-28
2026-04-18 10:33:45 INFO  c.a.b.w.runner.CSVUploadRunner - Transaction Date: 2022-08-28
2026-04-18 10:33:45 INFO  c.a.b.w.runner.CSVUploadRunner - Transaction Date: 2022-08-27
2026-04-18 10:33:45 INFO  c.a.b.w.runner.CSVUploadRunner - Transaction Date: 2022-08-26
2026-04-18 10:33:45 INFO  c.a.b.w.runner.CSVUploadRunner - Transaction Date: 2022-08-26
2026-04-18 10:33:45 INFO  c.a.b.w.runner.CSVUploadRunner - Transaction Date: 2022-08-26
2026-04-18 10:33:45 INFO  c.a.b.w.runner.CSVUploadRunner - Transaction Date: 2022-08-25
2026-04-18 10:33:45 INFO  c.a.b.w.runner.CSVUploadRunner - Transaction Date: 2022-08-24
2026-04-18 10:33:45 INFO  c.a.b.w.runner.CSVUploadRunner - Transaction Date: 2022-08-24
2026-04-18 10:33:45 INFO  c.a.b.w.runner.CSVUploadRunner - Transaction Date: 2022-08-24
2026-04-18 10:33:45 INFO  c.a.b.w.runner.CSVUploadRunner - Transaction Date: 2022-08-24
2026-04-18 10:33:45 INFO  c.a.b.w.runner.CSVUploadRunner - Transaction Date: 2022-08-24
2026-04-18 10:33:45 INFO  c.a.b.w.runner.CSVUploadRunner - Transaction Date: 2022-08-23
2026-04-18 10:33:45 INFO  c.a.b.w.runner.CSVUploadRunner - Transaction Date: 2022-08-23
2026-04-18 10:33:45 INFO  c.a.b.w.runner.CSVUploadRunner - Transaction Date: 2022-08-22
2026-04-18 10:33:45 INFO  c.a.b.w.runner.CSVUploadRunner - Transaction Date: 2022-08-21
2026-04-18 10:33:45 INFO  c.a.b.w.runner.CSVUploadRunner - Transaction Date: 2022-08-21
2026-04-18 10:33:45 INFO  c.a.b.w.runner.CSVUploadRunner - Transaction Date: 2022-08-21
2026-04-18 10:33:45 INFO  c.a.b.w.runner.CSVUploadRunner - Transaction Date: 2022-08-21
2026-04-18 10:33:45 INFO  c.a.b.w.runner.CSVUploadRunner - Transaction Date: 2022-08-20
2026-04-18 10:33:45 INFO  c.a.b.w.runner.CSVUploadRunner - Transaction Date: 2022-08-20
2026-04-18 10:33:45 INFO  c.a.b.w.runner.CSVUploadRunner - Transaction Date: 2022-08-20
2026-04-18 10:33:45 INFO  c.a.b.w.runner.CSVUploadRunner - Transaction Date: 2022-08-20
2026-04-18 10:33:45 INFO  c.a.b.w.runner.CSVUploadRunner - Transaction Date: 2022-08-20
2026-04-18 10:33:45 INFO  c.a.b.w.runner.CSVUploadRunner - Transaction Date: 2022-08-20
2026-04-18 10:33:45 INFO  c.a.b.w.runner.CSVUploadRunner - Transaction Date: 2022-08-19
2026-04-18 10:33:45 INFO  c.a.b.w.runner.CSVUploadRunner - Transaction Date: 2022-08-19
2026-04-18 10:33:45 INFO  c.a.b.w.runner.CSVUploadRunner - Transaction Date: 2022-08-18
2026-04-18 10:33:45 INFO  c.a.b.w.runner.CSVUploadRunner - Transaction Date: 2022-08-17
2026-04-18 10:33:45 INFO  c.a.b.w.runner.CSVUploadRunner - Transaction Date: 2022-08-17
2026-04-18 10:33:45 INFO  c.a.b.w.runner.CSVUploadRunner - Transaction Date: 2022-08-16
2026-04-18 10:33:45 INFO  c.a.b.w.runner.CSVUploadRunner - Transaction Date: 2022-08-16
2026-04-18 10:33:45 INFO  c.a.b.w.runner.CSVUploadRunner - Transaction Date: 2022-08-16
2026-04-18 10:33:45 INFO  c.a.b.w.runner.CSVUploadRunner - Transaction Date: 2022-08-16
2026-04-18 10:33:45 INFO  c.a.b.w.runner.CSVUploadRunner - Transaction Date: 2022-08-16
2026-04-18 10:33:45 INFO  c.a.b.w.runner.CSVUploadRunner - Transaction Date: 2022-08-15
2026-04-18 10:33:45 INFO  c.a.b.w.runner.CSVUploadRunner - Transaction Date: 2022-08-15
2026-04-18 10:33:45 INFO  c.a.b.w.runner.CSVUploadRunner - Transaction Date: 2022-08-15
2026-04-18 10:33:45 INFO  c.a.b.w.runner.CSVUploadRunner - Transaction Date: 2022-08-15
2026-04-18 10:33:45 INFO  c.a.b.w.runner.CSVUploadRunner - Transaction Date: 2022-08-15
2026-04-18 10:33:45 INFO  c.a.b.w.runner.CSVUploadRunner - Transaction Date: 2022-08-15
2026-04-18 10:33:45 INFO  c.a.b.w.runner.CSVUploadRunner - Transaction Date: 2022-08-15
2026-04-18 10:33:45 INFO  c.a.b.w.runner.CSVUploadRunner - Transaction Date: 2022-08-14
2026-04-18 10:33:45 INFO  c.a.b.w.runner.CSVUploadRunner - Transaction Date: 2022-08-14
2026-04-18 10:33:45 INFO  c.a.b.w.runner.CSVUploadRunner - Transaction Date: 2022-08-14
2026-04-18 10:33:45 INFO  c.a.b.w.runner.CSVUploadRunner - Transaction Date: 2022-08-14
2026-04-18 10:33:45 INFO  c.a.b.w.runner.CSVUploadRunner - Transaction Date: 2022-08-14
2026-04-18 10:33:45 INFO  c.a.b.w.runner.CSVUploadRunner - Transaction Date: 2022-08-13
2026-04-18 10:33:45 INFO  c.a.b.w.runner.CSVUploadRunner - Transaction Date: 2022-08-12
2026-04-18 10:33:45 INFO  c.a.b.w.runner.CSVUploadRunner - Transaction Date: 2022-08-12
2026-04-18 10:33:45 INFO  c.a.b.w.runner.CSVUploadRunner - Transaction Date: 2022-08-12
2026-04-18 10:33:45 INFO  c.a.b.w.runner.CSVUploadRunner - Transaction Date: 2022-08-12
2026-04-18 10:33:45 INFO  c.a.b.w.runner.CSVUploadRunner - Transaction Date: 2022-08-12
2026-04-18 10:33:45 INFO  c.a.b.w.runner.CSVUploadRunner - Transaction Date: 2022-08-11
2026-04-18 10:33:45 INFO  c.a.b.w.runner.CSVUploadRunner - Transaction Date: 2022-08-11
2026-04-18 10:33:45 INFO  c.a.b.w.runner.CSVUploadRunner - Transaction Date: 2022-08-11
2026-04-18 10:33:45 INFO  c.a.b.w.runner.CSVUploadRunner - Transaction Date: 2022-08-09
2026-04-18 10:33:45 INFO  c.a.b.w.runner.CSVUploadRunner - Transaction Date: 2022-08-09
2026-04-18 10:33:45 INFO  c.a.b.w.runner.CSVUploadRunner - Transaction Date: 2022-08-09
2026-04-18 10:33:45 INFO  c.a.b.w.runner.CSVUploadRunner - Transaction Date: 2022-08-09
2026-04-18 10:33:45 INFO  c.a.b.w.runner.CSVUploadRunner - Transaction Date: 2022-08-08
2026-04-18 10:33:45 INFO  c.a.b.w.runner.CSVUploadRunner - Transaction Date: 2022-08-08
2026-04-18 10:33:45 INFO  c.a.b.w.runner.CSVUploadRunner - Transaction Date: 2022-08-07
2026-04-18 10:33:45 INFO  c.a.b.w.runner.CSVUploadRunner - Transaction Date: 2022-08-07
2026-04-18 10:33:45 INFO  c.a.b.w.runner.CSVUploadRunner - Transaction Date: 2022-08-07
2026-04-18 10:33:45 INFO  c.a.b.w.runner.CSVUploadRunner - Transaction Date: 2022-08-07
2026-04-18 10:33:45 INFO  c.a.b.w.runner.CSVUploadRunner - Transaction Date: 2022-08-07
2026-04-18 10:33:45 INFO  c.a.b.w.runner.CSVUploadRunner - Transaction Date: 2022-08-07
2026-04-18 10:33:45 INFO  c.a.b.w.runner.CSVUploadRunner - Transaction Date: 2022-08-07
2026-04-18 10:33:45 INFO  c.a.b.w.runner.CSVUploadRunner - Transaction Date: 2022-08-06
2026-04-18 10:33:45 INFO  c.a.b.w.runner.CSVUploadRunner - Transaction Date: 2022-08-06
2026-04-18 10:33:45 INFO  c.a.b.w.runner.CSVUploadRunner - Transaction Date: 2022-08-06
2026-04-18 10:33:45 INFO  c.a.b.w.runner.CSVUploadRunner - Transaction Date: 2022-08-06
2026-04-18 10:33:45 INFO  c.a.b.w.runner.CSVUploadRunner - Transaction Date: 2022-08-05
2026-04-18 10:33:45 INFO  c.a.b.w.runner.CSVUploadRunner - Transaction Date: 2022-08-04
2026-04-18 10:33:45 INFO  c.a.b.w.runner.CSVUploadRunner - Transaction Date: 2022-08-04
2026-04-18 10:33:45 INFO  c.a.b.w.runner.CSVUploadRunner - Transaction Date: 2022-08-03
2026-04-18 10:33:45 INFO  c.a.b.w.runner.CSVUploadRunner - Transaction Date: 2022-08-03
2026-04-18 10:33:45 INFO  c.a.b.w.runner.CSVUploadRunner - Transaction Date: 2022-08-03
2026-04-18 10:33:45 INFO  c.a.b.w.runner.CSVUploadRunner - Transaction Date: 2022-08-03
2026-04-18 10:33:45 INFO  c.a.b.w.runner.CSVUploadRunner - Transaction Date: 2022-08-03
2026-04-18 10:33:45 INFO  c.a.b.w.runner.CSVUploadRunner - Transaction Date: 2022-08-02
2026-04-18 10:33:45 INFO  c.a.b.w.runner.CSVUploadRunner - Transaction Date: 2022-08-02
2026-04-18 10:33:45 INFO  c.a.b.w.runner.CSVUploadRunner - Transaction Date: 2022-08-02
2026-04-18 10:33:45 INFO  c.a.b.w.runner.CSVUploadRunner - Transaction Date: 2022-08-02
2026-04-18 10:33:45 INFO  c.a.b.w.runner.CSVUploadRunner - Transaction Date: 2022-08-01
2026-04-18 10:33:45 INFO  c.a.b.w.runner.CSVUploadRunner - Transaction Date: 2022-08-01
2026-04-18 10:33:45 INFO  c.a.b.w.runner.CSVUploadRunner - Transaction Date: 2022-08-01
2026-04-18 10:33:45 INFO  c.a.b.w.runner.CSVUploadRunner - Transaction Date: 2022-08-01
2026-04-18 10:33:45 INFO  c.a.b.w.runner.CSVUploadRunner - Transaction Date: 2022-08-01
2026-04-18 10:33:45 INFO  c.a.b.w.runner.CSVUploadRunner - Transaction Date: 2022-08-01
2026-04-18 10:33:45 INFO  c.a.b.w.runner.CSVUploadRunner - Transaction Date: 2022-08-01
2026-04-18 10:33:45 INFO  c.a.b.w.runner.CSVUploadRunner - Transaction Date: 2022-08-01
2026-04-18 10:33:45 INFO  c.a.b.w.runner.CSVUploadRunner - Transaction Date: 2022-08-01
2026-04-18 10:33:45 INFO  c.a.b.w.runner.CSVUploadRunner - Transaction Date: 2022-07-31
2026-04-18 10:33:45 INFO  c.a.b.w.runner.CSVUploadRunner - Transaction Date: 2022-07-31
2026-04-18 10:33:45 INFO  c.a.b.w.runner.CSVUploadRunner - Transaction Date: 2022-07-31
2026-04-18 10:33:45 INFO  c.a.b.w.runner.CSVUploadRunner - Transaction Date: 2022-07-29
2026-04-18 10:33:45 INFO  c.a.b.w.runner.CSVUploadRunner - Transaction Date: 2022-07-29
2026-04-18 10:33:45 INFO  c.a.b.w.runner.CSVUploadRunner - Transaction Date: 2022-07-27
2026-04-18 10:33:45 INFO  c.a.b.w.runner.CSVUploadRunner - Transaction Date: 2022-07-26
2026-04-18 10:33:45 INFO  c.a.b.w.runner.CSVUploadRunner - Transaction Date: 2022-07-26
2026-04-18 10:33:45 INFO  c.a.b.w.runner.CSVUploadRunner - Transaction Date: 2022-07-26
2026-04-18 10:33:45 INFO  c.a.b.w.runner.CSVUploadRunner - Transaction Date: 2022-07-25
2026-04-18 10:33:45 INFO  c.a.b.w.runner.CSVUploadRunner - Transaction Date: 2022-07-25
2026-04-18 10:33:45 INFO  c.a.b.w.runner.CSVUploadRunner - Transaction Date: 2022-07-25
2026-04-18 10:33:45 INFO  c.a.b.w.runner.CSVUploadRunner - Transaction Date: 2022-07-24
2026-04-18 10:33:45 INFO  c.a.b.w.runner.CSVUploadRunner - Transaction Date: 2022-07-24
2026-04-18 10:33:45 INFO  c.a.b.w.runner.CSVUploadRunner - Transaction Date: 2022-07-24
2026-04-18 10:33:45 INFO  c.a.b.w.runner.CSVUploadRunner - Transaction Date: 2022-07-24
2026-04-18 10:33:45 INFO  c.a.b.w.runner.CSVUploadRunner - Transaction Date: 2022-07-24
2026-04-18 10:33:45 INFO  c.a.b.w.runner.CSVUploadRunner - Transaction Date: 2022-07-24
2026-04-18 10:33:45 INFO  c.a.b.w.runner.CSVUploadRunner - Transaction Date: 2022-07-24
2026-04-18 10:33:45 INFO  c.a.b.w.runner.CSVUploadRunner - Transaction Date: 2022-07-23
2026-04-18 10:33:45 INFO  c.a.b.w.runner.CSVUploadRunner - Transaction Date: 2022-07-23
2026-04-18 10:33:45 INFO  c.a.b.w.runner.CSVUploadRunner - Transaction Date: 2022-07-23
2026-04-18 10:33:45 INFO  c.a.b.w.runner.CSVUploadRunner - Transaction Date: 2022-07-22
2026-04-18 10:33:45 INFO  c.a.b.w.runner.CSVUploadRunner - Transaction Date: 2022-07-21
2026-04-18 10:33:45 INFO  c.a.b.w.runner.CSVUploadRunner - Transaction Date: 2022-07-21
2026-04-18 10:33:45 INFO  c.a.b.w.runner.CSVUploadRunner - Transaction Date: 2022-07-21
2026-04-18 10:33:45 INFO  c.a.b.w.runner.CSVUploadRunner - Transaction Date: 2022-07-20
2026-04-18 10:33:45 INFO  c.a.b.w.runner.CSVUploadRunner - Transaction Date: 2022-07-19
2026-04-18 10:33:45 INFO  c.a.b.w.runner.CSVUploadRunner - Transaction Date: 2022-07-19
2026-04-18 10:33:45 INFO  c.a.b.w.runner.CSVUploadRunner - Transaction Date: 2022-07-19
2026-04-18 10:33:45 INFO  c.a.b.w.runner.CSVUploadRunner - Transaction Date: 2022-07-19
2026-04-18 10:33:45 INFO  c.a.b.w.runner.CSVUploadRunner - Transaction Date: 2022-07-19
2026-04-18 10:33:45 INFO  c.a.b.w.runner.CSVUploadRunner - Transaction Date: 2022-07-18
2026-04-18 10:33:45 INFO  c.a.b.w.runner.CSVUploadRunner - Transaction Date: 2022-07-18
2026-04-18 10:33:45 INFO  c.a.b.w.runner.CSVUploadRunner - Transaction Date: 2022-07-18
2026-04-18 10:33:45 INFO  c.a.b.w.runner.CSVUploadRunner - Transaction Date: 2022-07-18
2026-04-18 10:33:45 INFO  c.a.b.w.runner.CSVUploadRunner - Transaction Date: 2022-07-17
2026-04-18 10:33:45 INFO  c.a.b.w.runner.CSVUploadRunner - Transaction Date: 2022-07-17
2026-04-18 10:33:45 INFO  c.a.b.w.runner.CSVUploadRunner - Transaction Date: 2022-07-17
2026-04-18 10:33:45 INFO  c.a.b.w.runner.CSVUploadRunner - Transaction Date: 2022-07-17
2026-04-18 10:33:45 INFO  c.a.b.w.runner.CSVUploadRunner - Transaction Date: 2022-07-17
2026-04-18 10:33:45 INFO  c.a.b.w.runner.CSVUploadRunner - Transaction Date: 2022-07-17
2026-04-18 10:33:45 INFO  c.a.b.w.runner.CSVUploadRunner - Transaction Date: 2022-07-17
2026-04-18 10:33:45 INFO  c.a.b.w.runner.CSVUploadRunner - Transaction Date: 2022-07-16
2026-04-18 10:33:45 INFO  c.a.b.w.runner.CSVUploadRunner - Transaction Date: 2022-07-16
2026-04-18 10:33:45 INFO  c.a.b.w.runner.CSVUploadRunner - Transaction Date: 2022-07-16
2026-04-18 10:33:45 INFO  c.a.b.w.runner.CSVUploadRunner - Transaction Date: 2022-07-15
2026-04-18 10:33:45 INFO  c.a.b.w.runner.CSVUploadRunner - Transaction Date: 2022-07-15
2026-04-18 10:33:45 INFO  c.a.b.w.runner.CSVUploadRunner - Transaction Date: 2022-07-15
2026-04-18 10:33:45 INFO  c.a.b.w.runner.CSVUploadRunner - Transaction Date: 2022-07-13
2026-04-18 10:33:45 INFO  c.a.b.w.runner.CSVUploadRunner - Transaction Date: 2022-07-13
2026-04-18 10:33:45 INFO  c.a.b.w.runner.CSVUploadRunner - Transaction Date: 2022-07-13
2026-04-18 10:33:45 INFO  c.a.b.w.runner.CSVUploadRunner - Transaction Date: 2022-07-13
2026-04-18 10:33:45 INFO  c.a.b.w.runner.CSVUploadRunner - Transaction Date: 2022-07-12
2026-04-18 10:33:45 INFO  c.a.b.w.runner.CSVUploadRunner - Transaction Date: 2022-07-12
2026-04-18 10:33:45 INFO  c.a.b.w.runner.CSVUploadRunner - Transaction Date: 2022-07-12
2026-04-18 10:33:45 INFO  c.a.b.w.runner.CSVUploadRunner - Transaction Date: 2022-07-12
2026-04-18 10:33:45 INFO  c.a.b.w.runner.CSVUploadRunner - Transaction Date: 2022-07-11
2026-04-18 10:33:45 INFO  c.a.b.w.runner.CSVUploadRunner - Transaction Date: 2022-07-11
2026-04-18 10:33:45 INFO  c.a.b.w.runner.CSVUploadRunner - Transaction Date: 2022-07-10
2026-04-18 10:33:45 INFO  c.a.b.w.runner.CSVUploadRunner - Transaction Date: 2022-07-10
2026-04-18 10:33:45 INFO  c.a.b.w.runner.CSVUploadRunner - Transaction Date: 2022-07-10
2026-04-18 10:33:45 INFO  c.a.b.w.runner.CSVUploadRunner - Transaction Date: 2022-07-10
2026-04-18 10:33:45 INFO  c.a.b.w.runner.CSVUploadRunner - Transaction Date: 2022-07-10
2026-04-18 10:33:45 INFO  c.a.b.w.runner.CSVUploadRunner - Transaction Date: 2022-07-10
2026-04-18 10:33:45 INFO  c.a.b.w.runner.CSVUploadRunner - Transaction Date: 2022-07-10
2026-04-18 10:33:45 INFO  c.a.b.w.runner.CSVUploadRunner - Transaction Date: 2022-07-09
2026-04-18 10:33:45 INFO  c.a.b.w.runner.CSVUploadRunner - Transaction Date: 2022-07-09
2026-04-18 10:33:45 INFO  c.a.b.w.runner.CSVUploadRunner - Transaction Date: 2022-07-09
2026-04-18 10:33:45 INFO  c.a.b.w.runner.CSVUploadRunner - Transaction Date: 2022-07-09
2026-04-18 10:33:45 INFO  c.a.b.w.runner.CSVUploadRunner - Transaction Date: 2022-07-08
2026-04-18 10:33:45 INFO  c.a.b.w.runner.CSVUploadRunner - Transaction Date: 2022-07-07
2026-04-18 10:33:45 INFO  c.a.b.w.runner.CSVUploadRunner - Transaction Date: 2022-07-07
2026-04-18 10:33:45 INFO  c.a.b.w.runner.CSVUploadRunner - Transaction Date: 2022-07-07
2026-04-18 10:33:45 INFO  c.a.b.w.runner.CSVUploadRunner - Transaction Date: 2022-07-07
2026-04-18 10:33:45 INFO  c.a.b.w.runner.CSVUploadRunner - Transaction Date: 2022-07-06
2026-04-18 10:33:45 INFO  c.a.b.w.runner.CSVUploadRunner - Transaction Date: 2022-07-06
2026-04-18 10:33:45 INFO  c.a.b.w.runner.CSVUploadRunner - Transaction Date: 2022-07-05
2026-04-18 10:33:45 INFO  c.a.b.w.runner.CSVUploadRunner - Transaction Date: 2022-07-03
2026-04-18 10:33:45 INFO  c.a.b.w.runner.CSVUploadRunner - Transaction Date: 2022-07-02
2026-04-18 10:33:45 INFO  c.a.b.w.runner.CSVUploadRunner - Transaction Date: 2022-07-02
2026-04-18 10:33:45 INFO  c.a.b.w.runner.CSVUploadRunner - Transaction Date: 2022-07-01
2026-04-18 10:33:45 INFO  c.a.b.w.runner.CSVUploadRunner - Transaction Date: 2022-07-01
2026-04-18 10:33:45 INFO  c.a.b.w.runner.CSVUploadRunner - Transaction Date: 2022-07-01
2026-04-18 10:33:45 INFO  c.a.b.w.runner.CSVUploadRunner - Transaction Date: 2022-07-01
2026-04-18 10:33:45 INFO  c.a.b.w.runner.CSVUploadRunner - Transaction Date: 2022-07-01
2026-04-18 10:33:45 INFO  c.a.b.w.runner.CSVUploadRunner - Transaction Date: 2022-07-01
2026-04-18 10:33:45 INFO  c.a.b.w.runner.CSVUploadRunner - Transaction Date: 2022-07-01
2026-04-18 10:33:45 INFO  c.a.b.w.runner.CSVUploadRunner - Transaction Date: 2022-06-30
2026-04-18 10:33:45 INFO  c.a.b.w.runner.CSVUploadRunner - Transaction Date: 2022-06-29
2026-04-18 10:33:45 INFO  c.a.b.w.runner.CSVUploadRunner - Transaction Date: 2022-06-29
2026-04-18 10:33:45 INFO  c.a.b.w.runner.CSVUploadRunner - Transaction Date: 2022-06-28
2026-04-18 10:33:45 INFO  c.a.b.w.runner.CSVUploadRunner - Transaction Date: 2022-06-27
2026-04-18 10:33:45 INFO  c.a.b.w.runner.CSVUploadRunner - Transaction Date: 2022-06-27
2026-04-18 10:33:45 INFO  c.a.b.w.runner.CSVUploadRunner - Transaction Date: 2022-06-27
2026-04-18 10:33:45 INFO  c.a.b.w.runner.CSVUploadRunner - Transaction Date: 2022-06-27
2026-04-18 10:33:45 INFO  c.a.b.w.runner.CSVUploadRunner - Transaction Date: 2022-06-27
2026-04-18 10:33:45 INFO  c.a.b.w.runner.CSVUploadRunner - Transaction Date: 2022-06-26
2026-04-18 10:33:45 INFO  c.a.b.w.runner.CSVUploadRunner - Transaction Date: 2022-06-26
2026-04-18 10:33:45 INFO  c.a.b.w.runner.CSVUploadRunner - Transaction Date: 2022-06-26
2026-04-18 10:33:45 INFO  c.a.b.w.runner.CSVUploadRunner - Transaction Date: 2022-06-26
2026-04-18 10:33:45 INFO  c.a.b.w.runner.CSVUploadRunner - Transaction Date: 2022-06-26
2026-04-18 10:33:45 INFO  c.a.b.w.runner.CSVUploadRunner - Transaction Date: 2022-06-25
2026-04-18 10:33:45 INFO  c.a.b.w.runner.CSVUploadRunner - Transaction Date: 2022-06-24
2026-04-18 10:33:45 INFO  c.a.b.w.runner.CSVUploadRunner - Transaction Date: 2022-06-24
2026-04-18 10:33:45 INFO  c.a.b.w.runner.CSVUploadRunner - Transaction Date: 2022-06-23
2026-04-18 10:33:45 INFO  c.a.b.w.runner.CSVUploadRunner - Transaction Date: 2022-06-23
2026-04-18 10:33:45 INFO  c.a.b.w.runner.CSVUploadRunner - Transaction Date: 2022-06-23
2026-04-18 10:33:45 INFO  c.a.b.w.runner.CSVUploadRunner - Transaction Date: 2022-06-22
2026-04-18 10:33:45 INFO  c.a.b.w.runner.CSVUploadRunner - Transaction Date: 2022-06-22
2026-04-18 10:33:45 INFO  c.a.b.w.runner.CSVUploadRunner - Transaction Date: 2022-06-21
2026-04-18 10:33:45 INFO  c.a.b.w.runner.CSVUploadRunner - Transaction Date: 2022-06-21
2026-04-18 10:33:45 INFO  c.a.b.w.runner.CSVUploadRunner - Transaction Date: 2022-06-20
2026-04-18 10:33:45 INFO  c.a.b.w.runner.CSVUploadRunner - Transaction Date: 2022-06-20
2026-04-18 10:33:45 INFO  c.a.b.w.runner.CSVUploadRunner - Transaction Date: 2022-06-20
2026-04-18 10:33:45 INFO  c.a.b.w.runner.CSVUploadRunner - Transaction Date: 2022-06-20
2026-04-18 10:33:45 INFO  c.a.b.w.runner.CSVUploadRunner - Transaction Date: 2022-06-19
2026-04-18 10:33:45 INFO  c.a.b.w.runner.CSVUploadRunner - Transaction Date: 2022-06-19
2026-04-18 10:33:45 INFO  c.a.b.w.runner.CSVUploadRunner - Transaction Date: 2022-06-18
2026-04-18 10:33:45 INFO  c.a.b.w.runner.CSVUploadRunner - Transaction Date: 2022-06-17
2026-04-18 10:33:45 INFO  c.a.b.w.runner.CSVUploadRunner - Transaction Date: 2022-06-17
2026-04-18 10:33:45 INFO  c.a.b.w.runner.CSVUploadRunner - Transaction Date: 2022-06-17
2026-04-18 10:33:45 INFO  c.a.b.w.runner.CSVUploadRunner - Transaction Date: 2022-06-17
2026-04-18 10:33:45 INFO  c.a.b.w.runner.CSVUploadRunner - Transaction Date: 2022-06-16
2026-04-18 10:33:45 INFO  c.a.b.w.runner.CSVUploadRunner - Transaction Date: 2022-06-16
2026-04-18 10:33:45 INFO  c.a.b.w.runner.CSVUploadRunner - Transaction Date: 2022-06-16
2026-04-18 10:33:45 INFO  c.a.b.w.runner.CSVUploadRunner - Transaction Date: 2022-06-16
2026-04-18 10:33:45 INFO  c.a.b.w.runner.CSVUploadRunner - Transaction Date: 2022-06-15
2026-04-18 10:33:45 INFO  c.a.b.w.runner.CSVUploadRunner - Transaction Date: 2022-06-14
2026-04-18 10:33:45 INFO  c.a.b.w.runner.CSVUploadRunner - Transaction Date: 2022-06-14
2026-04-18 10:33:45 INFO  c.a.b.w.runner.CSVUploadRunner - Transaction Date: 2022-06-14
2026-04-18 10:33:45 INFO  c.a.b.w.runner.CSVUploadRunner - Transaction Date: 2022-06-14
2026-04-18 10:33:45 INFO  c.a.b.w.runner.CSVUploadRunner - Transaction Date: 2022-06-13
2026-04-18 10:33:45 INFO  c.a.b.w.runner.CSVUploadRunner - Transaction Date: 2022-06-13
2026-04-18 10:33:45 INFO  c.a.b.w.runner.CSVUploadRunner - Transaction Date: 2022-06-13
2026-04-18 10:33:45 INFO  c.a.b.w.runner.CSVUploadRunner - Transaction Date: 2022-06-12
2026-04-18 10:33:45 INFO  c.a.b.w.runner.CSVUploadRunner - Transaction Date: 2022-06-12
2026-04-18 10:33:45 INFO  c.a.b.w.runner.CSVUploadRunner - Transaction Date: 2022-06-12
2026-04-18 10:33:45 INFO  c.a.b.w.runner.CSVUploadRunner - Transaction Date: 2022-06-12
2026-04-18 10:33:45 INFO  c.a.b.w.runner.CSVUploadRunner - Transaction Date: 2022-06-12
2026-04-18 10:33:45 INFO  c.a.b.w.runner.CSVUploadRunner - Transaction Date: 2022-06-12
2026-04-18 10:33:45 INFO  c.a.b.w.runner.CSVUploadRunner - Transaction Date: 2022-06-11
2026-04-18 10:33:45 INFO  c.a.b.w.runner.CSVUploadRunner - Transaction Date: 2022-06-10
2026-04-18 10:33:45 INFO  c.a.b.w.runner.CSVUploadRunner - Transaction Date: 2022-06-09
2026-04-18 10:33:45 INFO  c.a.b.w.runner.CSVUploadRunner - Transaction Date: 2022-06-09
2026-04-18 10:33:45 INFO  c.a.b.w.runner.CSVUploadRunner - Transaction Date: 2022-06-08
2026-04-18 10:33:45 INFO  c.a.b.w.runner.CSVUploadRunner - Transaction Date: 2022-06-08
2026-04-18 10:33:45 INFO  c.a.b.w.runner.CSVUploadRunner - Transaction Date: 2022-06-08
2026-04-18 10:33:45 INFO  c.a.b.w.runner.CSVUploadRunner - Transaction Date: 2022-06-08
2026-04-18 10:33:45 INFO  c.a.b.w.runner.CSVUploadRunner - Transaction Date: 2022-06-07
2026-04-18 10:33:45 INFO  c.a.b.w.runner.CSVUploadRunner - Transaction Date: 2022-06-07
2026-04-18 10:33:45 INFO  c.a.b.w.runner.CSVUploadRunner - Transaction Date: 2022-06-07
2026-04-18 10:33:45 INFO  c.a.b.w.runner.CSVUploadRunner - Transaction Date: 2022-06-06
2026-04-18 10:33:45 INFO  c.a.b.w.runner.CSVUploadRunner - Transaction Date: 2022-06-06
2026-04-18 10:33:45 INFO  c.a.b.w.runner.CSVUploadRunner - Transaction Date: 2022-06-06
2026-04-18 10:33:45 INFO  c.a.b.w.runner.CSVUploadRunner - Transaction Date: 2022-06-06
2026-04-18 10:33:45 INFO  c.a.b.w.runner.CSVUploadRunner - Transaction Date: 2022-06-06
2026-04-18 10:33:45 INFO  c.a.b.w.runner.CSVUploadRunner - Transaction Date: 2022-06-05
2026-04-18 10:33:45 INFO  c.a.b.w.runner.CSVUploadRunner - Transaction Date: 2022-06-05
2026-04-18 10:33:45 INFO  c.a.b.w.runner.CSVUploadRunner - Transaction Date: 2022-06-05
2026-04-18 10:33:45 INFO  c.a.b.w.runner.CSVUploadRunner - Transaction Date: 2022-06-05
2026-04-18 10:33:45 INFO  c.a.b.w.runner.CSVUploadRunner - Transaction Date: 2022-06-05
2026-04-18 10:33:45 INFO  c.a.b.w.runner.CSVUploadRunner - Transaction Date: 2022-06-05
2026-04-18 10:33:45 INFO  c.a.b.w.runner.CSVUploadRunner - Transaction Date: 2022-06-05
2026-04-18 10:33:45 INFO  c.a.b.w.runner.CSVUploadRunner - Transaction Date: 2022-06-04
2026-04-18 10:33:45 INFO  c.a.b.w.runner.CSVUploadRunner - Transaction Date: 2022-06-04
2026-04-18 10:33:45 INFO  c.a.b.w.runner.CSVUploadRunner - Transaction Date: 2022-06-04
2026-04-18 10:33:45 INFO  c.a.b.w.runner.CSVUploadRunner - Transaction Date: 2022-06-03
2026-04-18 10:33:45 INFO  c.a.b.w.runner.CSVUploadRunner - Transaction Date: 2022-06-03
2026-04-18 10:33:45 INFO  c.a.b.w.runner.CSVUploadRunner - Transaction Date: 2022-06-02
2026-04-18 10:33:45 INFO  c.a.b.w.runner.CSVUploadRunner - Transaction Date: 2022-06-01
2026-04-18 10:33:45 INFO  c.a.b.w.runner.CSVUploadRunner - Transaction Date: 2022-06-01
2026-04-18 10:33:45 INFO  c.a.b.w.runner.CSVUploadRunner - Transaction Date: 2022-06-01
2026-04-18 10:33:45 INFO  c.a.b.w.runner.CSVUploadRunner - Transaction Date: 2022-06-01
2026-04-18 10:33:45 INFO  c.a.b.w.runner.CSVUploadRunner - Transaction Date: 2022-05-31
2026-04-18 10:33:45 INFO  c.a.b.w.runner.CSVUploadRunner - Transaction Date: 2022-05-31
2026-04-18 10:33:45 INFO  c.a.b.w.runner.CSVUploadRunner - Transaction Date: 2022-05-31
2026-04-18 10:33:45 INFO  c.a.b.w.runner.CSVUploadRunner - Transaction Date: 2022-05-31
2026-04-18 10:33:45 INFO  c.a.b.w.runner.CSVUploadRunner - Transaction Date: 2022-05-31
2026-04-18 10:33:45 INFO  c.a.b.w.runner.CSVUploadRunner - Transaction Date: 2022-05-31
2026-04-18 10:33:45 INFO  c.a.b.w.runner.CSVUploadRunner - Transaction Date: 2022-05-29
2026-04-18 10:33:45 INFO  c.a.b.w.runner.CSVUploadRunner - Transaction Date: 2022-05-28
2026-04-18 10:33:45 INFO  c.a.b.w.runner.CSVUploadRunner - Transaction Date: 2022-05-28
2026-04-18 10:33:45 INFO  c.a.b.w.runner.CSVUploadRunner - Transaction Date: 2022-05-27
2026-04-18 10:33:45 INFO  c.a.b.w.runner.CSVUploadRunner - Transaction Date: 2022-05-27
2026-04-18 10:33:45 INFO  c.a.b.w.runner.CSVUploadRunner - Transaction Date: 2022-05-26
2026-04-18 10:33:45 INFO  c.a.b.w.runner.CSVUploadRunner - Transaction Date: 2022-05-26
2026-04-18 10:33:45 INFO  c.a.b.w.runner.CSVUploadRunner - Transaction Date: 2022-05-25
2026-04-18 10:33:45 INFO  c.a.b.w.runner.CSVUploadRunner - Transaction Date: 2022-05-23
2026-04-18 10:33:45 INFO  c.a.b.w.runner.CSVUploadRunner - Transaction Date: 2022-05-23
2026-04-18 10:33:45 INFO  c.a.b.w.runner.CSVUploadRunner - Transaction Date: 2022-05-23
2026-04-18 10:33:45 INFO  c.a.b.w.runner.CSVUploadRunner - Transaction Date: 2022-05-23
2026-04-18 10:33:45 INFO  c.a.b.w.runner.CSVUploadRunner - Transaction Date: 2022-05-23
2026-04-18 10:33:45 INFO  c.a.b.w.runner.CSVUploadRunner - Transaction Date: 2022-05-22
2026-04-18 10:33:45 INFO  c.a.b.w.runner.CSVUploadRunner - Transaction Date: 2022-05-22
2026-04-18 10:33:45 INFO  c.a.b.w.runner.CSVUploadRunner - Transaction Date: 2022-05-22
2026-04-18 10:33:45 INFO  c.a.b.w.runner.CSVUploadRunner - Transaction Date: 2022-05-22
2026-04-18 10:33:45 INFO  c.a.b.w.runner.CSVUploadRunner - Transaction Date: 2022-05-22
2026-04-18 10:33:45 INFO  c.a.b.w.runner.CSVUploadRunner - Transaction Date: 2022-05-21
2026-04-18 10:33:45 INFO  c.a.b.w.runner.CSVUploadRunner - Transaction Date: 2022-05-21
2026-04-18 10:33:45 INFO  c.a.b.w.runner.CSVUploadRunner - Transaction Date: 2022-05-20
2026-04-18 10:33:45 INFO  c.a.b.w.runner.CSVUploadRunner - Transaction Date: 2022-05-19
2026-04-18 10:33:45 INFO  c.a.b.w.runner.CSVUploadRunner - Transaction Date: 2022-05-19
2026-04-18 10:33:45 INFO  c.a.b.w.runner.CSVUploadRunner - Transaction Date: 2022-05-18
2026-04-18 10:33:45 INFO  c.a.b.w.runner.CSVUploadRunner - Transaction Date: 2022-05-17
2026-04-18 10:33:45 INFO  c.a.b.w.runner.CSVUploadRunner - Transaction Date: 2022-05-17
2026-04-18 10:33:45 INFO  c.a.b.w.runner.CSVUploadRunner - Transaction Date: 2022-05-17
2026-04-18 10:33:45 INFO  c.a.b.w.runner.CSVUploadRunner - Transaction Date: 2022-05-17
2026-04-18 10:33:45 INFO  c.a.b.w.runner.CSVUploadRunner - Transaction Date: 2022-05-17
2026-04-18 10:33:45 INFO  c.a.b.w.runner.CSVUploadRunner - Transaction Date: 2022-05-17
2026-04-18 10:33:45 INFO  c.a.b.w.runner.CSVUploadRunner - Transaction Date: 2022-05-16
2026-04-18 10:33:45 INFO  c.a.b.w.runner.CSVUploadRunner - Transaction Date: 2022-05-16
2026-04-18 10:33:45 INFO  c.a.b.w.runner.CSVUploadRunner - Transaction Date: 2022-05-15
2026-04-18 10:33:45 INFO  c.a.b.w.runner.CSVUploadRunner - Transaction Date: 2022-05-15
2026-04-18 10:33:45 INFO  c.a.b.w.runner.CSVUploadRunner - Transaction Date: 2022-05-15
2026-04-18 10:33:45 INFO  c.a.b.w.runner.CSVUploadRunner - Transaction Date: 2022-05-15
2026-04-18 10:33:45 INFO  c.a.b.w.runner.CSVUploadRunner - Transaction Date: 2022-05-15
2026-04-18 10:33:45 INFO  c.a.b.w.runner.CSVUploadRunner - Transaction Date: 2022-05-15
2026-04-18 10:33:45 INFO  c.a.b.w.runner.CSVUploadRunner - Transaction Date: 2022-05-15
2026-04-18 10:33:45 INFO  c.a.b.w.runner.CSVUploadRunner - Transaction Date: 2022-05-15
2026-04-18 10:33:45 INFO  c.a.b.w.runner.CSVUploadRunner - Transaction Date: 2022-05-14
2026-04-18 10:33:45 INFO  c.a.b.w.runner.CSVUploadRunner - Transaction Date: 2022-05-14
2026-04-18 10:33:45 INFO  c.a.b.w.runner.CSVUploadRunner - Transaction Date: 2022-05-13
2026-04-18 10:33:45 INFO  c.a.b.w.runner.CSVUploadRunner - Transaction Date: 2022-05-13
2026-04-18 10:33:45 INFO  c.a.b.w.runner.CSVUploadRunner - Transaction Date: 2022-05-13
2026-04-18 10:33:45 INFO  c.a.b.w.runner.CSVUploadRunner - Transaction Date: 2022-05-12
2026-04-18 10:33:45 INFO  c.a.b.w.runner.CSVUploadRunner - Transaction Date: 2022-05-11
2026-04-18 10:33:45 INFO  c.a.b.w.runner.CSVUploadRunner - Transaction Date: 2022-05-10
2026-04-18 10:33:45 INFO  c.a.b.w.runner.CSVUploadRunner - Transaction Date: 2022-05-09
2026-04-18 10:33:45 INFO  c.a.b.w.runner.CSVUploadRunner - Transaction Date: 2022-05-09
2026-04-18 10:33:45 INFO  c.a.b.w.runner.CSVUploadRunner - Transaction Date: 2022-05-09
2026-04-18 10:33:45 INFO  c.a.b.w.runner.CSVUploadRunner - Transaction Date: 2022-05-09
2026-04-18 10:33:45 INFO  c.a.b.w.runner.CSVUploadRunner - Transaction Date: 2022-05-08
2026-04-18 10:33:45 INFO  c.a.b.w.runner.CSVUploadRunner - Transaction Date: 2022-05-08
2026-04-18 10:33:45 INFO  c.a.b.w.runner.CSVUploadRunner - Transaction Date: 2022-05-08
2026-04-18 10:33:45 INFO  c.a.b.w.runner.CSVUploadRunner - Transaction Date: 2022-05-08
2026-04-18 10:33:45 INFO  c.a.b.w.runner.CSVUploadRunner - Transaction Date: 2022-05-08
2026-04-18 10:33:45 INFO  c.a.b.w.runner.CSVUploadRunner - Transaction Date: 2022-05-08
2026-04-18 10:33:45 INFO  c.a.b.w.runner.CSVUploadRunner - Transaction Date: 2022-05-08
2026-04-18 10:33:45 INFO  c.a.b.w.runner.CSVUploadRunner - Transaction Date: 2022-05-08
2026-04-18 10:33:45 INFO  c.a.b.w.runner.CSVUploadRunner - Transaction Date: 2022-05-08
2026-04-18 10:33:45 INFO  c.a.b.w.runner.CSVUploadRunner - Transaction Date: 2022-05-07
2026-04-18 10:33:45 INFO  c.a.b.w.runner.CSVUploadRunner - Transaction Date: 2022-05-07
2026-04-18 10:33:45 INFO  c.a.b.w.runner.CSVUploadRunner - Transaction Date: 2022-05-06
2026-04-18 10:33:45 INFO  c.a.b.w.runner.CSVUploadRunner - Transaction Date: 2022-05-06
2026-04-18 10:33:45 INFO  c.a.b.w.runner.CSVUploadRunner - Transaction Date: 2022-05-05
2026-04-18 10:33:45 INFO  c.a.b.w.runner.CSVUploadRunner - Transaction Date: 2022-05-05
2026-04-18 10:33:45 INFO  c.a.b.w.runner.CSVUploadRunner - Transaction Date: 2022-05-04
2026-04-18 10:33:45 INFO  c.a.b.w.runner.CSVUploadRunner - Transaction Date: 2022-05-02
2026-04-18 10:33:45 INFO  c.a.b.w.runner.CSVUploadRunner - Transaction Date: 2022-05-02
2026-04-18 10:33:45 INFO  c.a.b.w.runner.CSVUploadRunner - Transaction Date: 2022-05-02
2026-04-18 10:33:45 INFO  c.a.b.w.runner.CSVUploadRunner - Transaction Date: 2022-05-01
2026-04-18 10:33:45 INFO  c.a.b.w.runner.CSVUploadRunner - Transaction Date: 2022-05-01
2026-04-18 10:33:45 INFO  c.a.b.w.runner.CSVUploadRunner - Transaction Date: 2022-05-01
2026-04-18 10:33:45 INFO  c.a.b.w.runner.CSVUploadRunner - Transaction Date: 2022-05-01
2026-04-18 10:33:45 INFO  c.a.b.w.runner.CSVUploadRunner - Transaction Date: 2022-05-01
2026-04-18 10:33:45 INFO  c.a.b.w.runner.CSVUploadRunner - Transaction Date: 2022-04-30
2026-04-18 10:33:45 INFO  c.a.b.w.runner.CSVUploadRunner - Transaction Date: 2022-04-29
2026-04-18 10:33:45 INFO  c.a.b.w.runner.CSVUploadRunner - Transaction Date: 2022-04-29
2026-04-18 10:33:45 INFO  c.a.b.w.runner.CSVUploadRunner - Transaction Date: 2022-04-29
2026-04-18 10:33:45 INFO  c.a.b.w.runner.CSVUploadRunner - Transaction Date: 2022-04-29
2026-04-18 10:33:45 INFO  c.a.b.w.runner.CSVUploadRunner - Transaction Date: 2022-04-29
2026-04-18 10:33:45 INFO  c.a.b.w.runner.CSVUploadRunner - Transaction Date: 2022-04-29
2026-04-18 10:33:45 INFO  c.a.b.w.runner.CSVUploadRunner - Transaction Date: 2022-04-29
2026-04-18 10:33:45 INFO  c.a.b.w.runner.CSVUploadRunner - Transaction Date: 2022-04-28
2026-04-18 10:33:45 INFO  c.a.b.w.runner.CSVUploadRunner - Transaction Date: 2022-04-28
2026-04-18 10:33:45 INFO  c.a.b.w.runner.CSVUploadRunner - Transaction Date: 2022-04-27
2026-04-18 10:33:45 INFO  c.a.b.w.runner.CSVUploadRunner - Transaction Date: 2022-04-27
2026-04-18 10:33:45 INFO  c.a.b.w.runner.CSVUploadRunner - Transaction Date: 2022-04-27
2026-04-18 10:33:45 INFO  c.a.b.w.runner.CSVUploadRunner - Transaction Date: 2022-04-26
2026-04-18 10:33:45 INFO  c.a.b.w.runner.CSVUploadRunner - Transaction Date: 2022-04-25
2026-04-18 10:33:45 INFO  c.a.b.w.runner.CSVUploadRunner - Transaction Date: 2022-04-25
2026-04-18 10:33:45 INFO  c.a.b.w.runner.CSVUploadRunner - Transaction Date: 2022-04-24
2026-04-18 10:33:45 INFO  c.a.b.w.runner.CSVUploadRunner - Transaction Date: 2022-04-24
2026-04-18 10:33:45 INFO  c.a.b.w.runner.CSVUploadRunner - Transaction Date: 2022-04-23
2026-04-18 10:33:45 INFO  c.a.b.w.runner.CSVUploadRunner - Transaction Date: 2022-04-23
2026-04-18 10:33:45 INFO  c.a.b.w.runner.CSVUploadRunner - Transaction Date: 2022-04-22
2026-04-18 10:33:45 INFO  c.a.b.w.runner.CSVUploadRunner - Transaction Date: 2022-04-21
2026-04-18 10:33:45 INFO  c.a.b.w.runner.CSVUploadRunner - Transaction Date: 2022-04-21
2026-04-18 10:33:45 INFO  c.a.b.w.runner.CSVUploadRunner - Transaction Date: 2022-04-19
2026-04-18 10:33:45 INFO  c.a.b.w.runner.CSVUploadRunner - Transaction Date: 2022-04-18
2026-04-18 10:33:45 INFO  c.a.b.w.runner.CSVUploadRunner - Transaction Date: 2022-04-17
2026-04-18 10:33:45 INFO  c.a.b.w.runner.CSVUploadRunner - Transaction Date: 2022-04-15
2026-04-18 10:33:45 INFO  c.a.b.w.runner.CSVUploadRunner - Transaction Date: 2022-04-15
2026-04-18 10:33:45 INFO  c.a.b.w.runner.CSVUploadRunner - Transaction Date: 2022-04-13
2026-04-18 10:33:45 INFO  c.a.b.w.runner.CSVUploadRunner - Transaction Date: 2022-04-13
2026-04-18 10:33:45 INFO  c.a.b.w.runner.CSVUploadRunner - Transaction Date: 2022-04-13
2026-04-18 10:33:45 INFO  c.a.b.w.runner.CSVUploadRunner - Transaction Date: 2022-04-12
2026-04-18 10:33:45 INFO  c.a.b.w.runner.CSVUploadRunner - Transaction Date: 2022-04-11
2026-04-18 10:33:45 INFO  c.a.b.w.runner.CSVUploadRunner - Transaction Date: 2022-04-11
2026-04-18 10:33:45 INFO  c.a.b.w.runner.CSVUploadRunner - Transaction Date: 2022-04-10
2026-04-18 10:33:45 INFO  c.a.b.w.runner.CSVUploadRunner - Transaction Date: 2022-04-10
2026-04-18 10:33:45 INFO  c.a.b.w.runner.CSVUploadRunner - Transaction Date: 2022-04-10
2026-04-18 10:33:45 INFO  c.a.b.w.runner.CSVUploadRunner - Transaction Date: 2022-04-10
2026-04-18 10:33:45 INFO  c.a.b.w.runner.CSVUploadRunner - Transaction Date: 2022-04-09
2026-04-18 10:33:45 INFO  c.a.b.w.runner.CSVUploadRunner - Transaction Date: 2022-04-09
2026-04-18 10:33:45 INFO  c.a.b.w.runner.CSVUploadRunner - Transaction Date: 2022-04-09
2026-04-18 10:33:45 INFO  c.a.b.w.runner.CSVUploadRunner - Transaction Date: 2022-04-08
2026-04-18 10:33:45 INFO  c.a.b.w.runner.CSVUploadRunner - Transaction Date: 2022-04-07
2026-04-18 10:33:45 INFO  c.a.b.w.runner.CSVUploadRunner - Transaction Date: 2022-04-07
2026-04-18 10:33:45 INFO  c.a.b.w.runner.CSVUploadRunner - Transaction Date: 2022-04-07
2026-04-18 10:33:45 INFO  c.a.b.w.runner.CSVUploadRunner - Transaction Date: 2022-04-07
2026-04-18 10:33:45 INFO  c.a.b.w.runner.CSVUploadRunner - Transaction Date: 2022-04-06
2026-04-18 10:33:45 INFO  c.a.b.w.runner.CSVUploadRunner - Transaction Date: 2022-04-06
2026-04-18 10:33:45 INFO  c.a.b.w.runner.CSVUploadRunner - Transaction Date: 2022-04-06
2026-04-18 10:33:45 INFO  c.a.b.w.runner.CSVUploadRunner - Transaction Date: 2022-04-06
2026-04-18 10:33:45 INFO  c.a.b.w.runner.CSVUploadRunner - Transaction Date: 2022-04-06
2026-04-18 10:33:45 INFO  c.a.b.w.runner.CSVUploadRunner - Transaction Date: 2022-04-06
2026-04-18 10:33:45 INFO  c.a.b.w.runner.CSVUploadRunner - Transaction Date: 2022-04-05
2026-04-18 10:33:45 INFO  c.a.b.w.runner.CSVUploadRunner - Transaction Date: 2022-04-05
2026-04-18 10:33:45 INFO  c.a.b.w.runner.CSVUploadRunner - Transaction Date: 2022-04-04
2026-04-18 10:33:45 INFO  c.a.b.w.runner.CSVUploadRunner - Transaction Date: 2022-04-04
2026-04-18 10:33:45 INFO  c.a.b.w.runner.CSVUploadRunner - Transaction Date: 2022-04-03
2026-04-18 10:33:45 INFO  c.a.b.w.runner.CSVUploadRunner - Transaction Date: 2022-04-03
2026-04-18 10:33:45 INFO  c.a.b.w.runner.CSVUploadRunner - Transaction Date: 2022-04-03
2026-04-18 10:33:45 INFO  c.a.b.w.runner.CSVUploadRunner - Transaction Date: 2022-04-03
2026-04-18 10:33:45 INFO  c.a.b.w.runner.CSVUploadRunner - Transaction Date: 2022-04-02
2026-04-18 10:33:45 INFO  c.a.b.w.runner.CSVUploadRunner - Transaction Date: 2022-04-02
2026-04-18 10:33:45 INFO  c.a.b.w.runner.CSVUploadRunner - Transaction Date: 2022-04-01
2026-04-18 10:33:45 INFO  c.a.b.w.runner.CSVUploadRunner - Transaction Date: 2022-04-01
2026-04-18 10:33:45 INFO  c.a.b.w.runner.CSVUploadRunner - Transaction Date: 2022-04-01
2026-04-18 10:33:45 INFO  c.a.b.w.runner.CSVUploadRunner - Transaction Date: 2022-03-31
2026-04-18 10:33:45 INFO  c.a.b.w.runner.CSVUploadRunner - Transaction Date: 2022-03-31
2026-04-18 10:33:45 INFO  c.a.b.w.runner.CSVUploadRunner - Transaction Date: 2022-03-30
2026-04-18 10:33:45 INFO  c.a.b.w.runner.CSVUploadRunner - Transaction Date: 2022-03-29
2026-04-18 10:33:45 INFO  c.a.b.w.runner.CSVUploadRunner - Transaction Date: 2022-03-29
2026-04-18 10:33:45 INFO  c.a.b.w.runner.CSVUploadRunner - Transaction Date: 2022-03-28
2026-04-18 10:33:45 INFO  c.a.b.w.runner.CSVUploadRunner - Transaction Date: 2022-03-28
2026-04-18 10:33:45 INFO  c.a.b.w.runner.CSVUploadRunner - Transaction Date: 2022-03-28
2026-04-18 10:33:45 INFO  c.a.b.w.runner.CSVUploadRunner - Transaction Date: 2022-03-27
2026-04-18 10:33:45 INFO  c.a.b.w.runner.CSVUploadRunner - Transaction Date: 2022-03-27
2026-04-18 10:33:45 INFO  c.a.b.w.runner.CSVUploadRunner - Transaction Date: 2022-03-27
2026-04-18 10:33:45 INFO  c.a.b.w.runner.CSVUploadRunner - Transaction Date: 2022-03-27
2026-04-18 10:33:45 INFO  c.a.b.w.runner.CSVUploadRunner - Transaction Date: 2022-03-27
2026-04-18 10:33:45 INFO  c.a.b.w.runner.CSVUploadRunner - Transaction Date: 2022-03-26
2026-04-18 10:33:45 INFO  c.a.b.w.runner.CSVUploadRunner - Transaction Date: 2022-03-26
2026-04-18 10:33:45 INFO  c.a.b.w.runner.CSVUploadRunner - Transaction Date: 2022-03-24
2026-04-18 10:33:45 INFO  c.a.b.w.runner.CSVUploadRunner - Transaction Date: 2022-03-23
2026-04-18 10:33:45 INFO  c.a.b.w.runner.CSVUploadRunner - Transaction Date: 2022-03-23
2026-04-18 10:33:45 INFO  c.a.b.w.runner.CSVUploadRunner - Transaction Date: 2022-03-23
2026-04-18 10:33:45 INFO  c.a.b.w.runner.CSVUploadRunner - Transaction Date: 2022-03-23
2026-04-18 10:33:45 INFO  c.a.b.w.runner.CSVUploadRunner - Transaction Date: 2022-03-23
2026-04-18 10:33:45 INFO  c.a.b.w.runner.CSVUploadRunner - Transaction Date: 2022-03-23
2026-04-18 10:33:45 INFO  c.a.b.w.runner.CSVUploadRunner - Transaction Date: 2022-03-22
2026-04-18 10:33:45 INFO  c.a.b.w.runner.CSVUploadRunner - Transaction Date: 2022-03-22
2026-04-18 10:33:45 INFO  c.a.b.w.runner.CSVUploadRunner - Transaction Date: 2022-03-22
2026-04-18 10:33:45 INFO  c.a.b.w.runner.CSVUploadRunner - Transaction Date: 2022-03-21
2026-04-18 10:33:45 INFO  c.a.b.w.runner.CSVUploadRunner - Transaction Date: 2022-03-20
2026-04-18 10:33:45 INFO  c.a.b.w.runner.CSVUploadRunner - Transaction Date: 2022-03-19
2026-04-18 10:33:45 INFO  c.a.b.w.runner.CSVUploadRunner - Transaction Date: 2022-03-19
2026-04-18 10:33:45 INFO  c.a.b.w.runner.CSVUploadRunner - Transaction Date: 2022-03-18
2026-04-18 10:33:45 INFO  c.a.b.w.runner.CSVUploadRunner - Transaction Date: 2022-03-18
2026-04-18 10:33:45 INFO  c.a.b.w.runner.CSVUploadRunner - Transaction Date: 2022-03-17
2026-04-18 10:33:45 INFO  c.a.b.w.runner.CSVUploadRunner - Transaction Date: 2022-03-17
2026-04-18 10:33:45 INFO  c.a.b.w.runner.CSVUploadRunner - Transaction Date: 2022-03-17
2026-04-18 10:33:45 INFO  c.a.b.w.runner.CSVUploadRunner - Transaction Date: 2022-03-17
2026-04-18 10:33:45 INFO  c.a.b.w.runner.CSVUploadRunner - Transaction Date: 2022-03-17
2026-04-18 10:33:45 INFO  c.a.b.w.runner.CSVUploadRunner - Transaction Date: 2022-03-16
2026-04-18 10:33:45 INFO  c.a.b.w.runner.CSVUploadRunner - Transaction Date: 2022-03-15
2026-04-18 10:33:45 INFO  c.a.b.w.runner.CSVUploadRunner - Transaction Date: 2022-03-15
2026-04-18 10:33:45 INFO  c.a.b.w.runner.CSVUploadRunner - Transaction Date: 2022-03-15
2026-04-18 10:33:45 INFO  c.a.b.w.runner.CSVUploadRunner - Transaction Date: 2022-03-15
2026-04-18 10:33:45 INFO  c.a.b.w.runner.CSVUploadRunner - Transaction Date: 2022-03-15
2026-04-18 10:33:45 INFO  c.a.b.w.runner.CSVUploadRunner - Transaction Date: 2022-03-14
2026-04-18 10:33:45 INFO  c.a.b.w.runner.CSVUploadRunner - Transaction Date: 2022-03-14
2026-04-18 10:33:45 INFO  c.a.b.w.runner.CSVUploadRunner - Transaction Date: 2022-03-13
2026-04-18 10:33:45 INFO  c.a.b.w.runner.CSVUploadRunner - Transaction Date: 2022-03-13
2026-04-18 10:33:45 INFO  c.a.b.w.runner.CSVUploadRunner - Transaction Date: 2022-03-12
2026-04-18 10:33:45 INFO  c.a.b.w.runner.CSVUploadRunner - Transaction Date: 2022-03-12
2026-04-18 10:33:45 INFO  c.a.b.w.runner.CSVUploadRunner - Transaction Date: 2022-03-12
2026-04-18 10:33:45 INFO  c.a.b.w.runner.CSVUploadRunner - Transaction Date: 2022-03-12
2026-04-18 10:33:45 INFO  c.a.b.w.runner.CSVUploadRunner - Transaction Date: 2022-03-12
2026-04-18 10:33:45 INFO  c.a.b.w.runner.CSVUploadRunner - Transaction Date: 2022-03-12
2026-04-18 10:33:45 INFO  c.a.b.w.runner.CSVUploadRunner - Transaction Date: 2022-03-12
2026-04-18 10:33:45 INFO  c.a.b.w.runner.CSVUploadRunner - Transaction Date: 2022-03-11
2026-04-18 10:33:45 INFO  c.a.b.w.runner.CSVUploadRunner - Transaction Date: 2022-03-11
2026-04-18 10:33:45 INFO  c.a.b.w.runner.CSVUploadRunner - Transaction Date: 2022-03-10
2026-04-18 10:33:45 INFO  c.a.b.w.runner.CSVUploadRunner - Transaction Date: 2022-03-09
2026-04-18 10:33:45 INFO  c.a.b.w.runner.CSVUploadRunner - Transaction Date: 2022-03-08
2026-04-18 10:33:45 INFO  c.a.b.w.runner.CSVUploadRunner - Transaction Date: 2022-03-08
2026-04-18 10:33:45 INFO  c.a.b.w.runner.CSVUploadRunner - Transaction Date: 2022-03-07
2026-04-18 10:33:45 INFO  c.a.b.w.runner.CSVUploadRunner - Transaction Date: 2022-03-07
2026-04-18 10:33:45 INFO  c.a.b.w.runner.CSVUploadRunner - Transaction Date: 2022-03-07
2026-04-18 10:33:45 INFO  c.a.b.w.runner.CSVUploadRunner - Transaction Date: 2022-03-07
2026-04-18 10:33:45 INFO  c.a.b.w.runner.CSVUploadRunner - Transaction Date: 2022-03-06
2026-04-18 10:33:45 INFO  c.a.b.w.runner.CSVUploadRunner - Transaction Date: 2022-03-06
2026-04-18 10:33:45 INFO  c.a.b.w.runner.CSVUploadRunner - Transaction Date: 2022-03-06
2026-04-18 10:33:45 INFO  c.a.b.w.runner.CSVUploadRunner - Transaction Date: 2022-03-06
2026-04-18 10:33:45 INFO  c.a.b.w.runner.CSVUploadRunner - Transaction Date: 2022-03-05
2026-04-18 10:33:45 INFO  c.a.b.w.runner.CSVUploadRunner - Transaction Date: 2022-03-05
2026-04-18 10:33:45 INFO  c.a.b.w.runner.CSVUploadRunner - Transaction Date: 2022-03-04
2026-04-18 10:33:45 INFO  c.a.b.w.runner.CSVUploadRunner - Transaction Date: 2022-03-02
2026-04-18 10:33:45 INFO  c.a.b.w.runner.CSVUploadRunner - Transaction Date: 2022-03-02
2026-04-18 10:33:45 INFO  c.a.b.w.runner.CSVUploadRunner - Transaction Date: 2022-03-02
2026-04-18 10:33:45 INFO  c.a.b.w.runner.CSVUploadRunner - Transaction Date: 2022-03-02
2026-04-18 10:33:45 INFO  c.a.b.w.runner.CSVUploadRunner - Transaction Date: 2022-03-01
2026-04-18 10:33:45 INFO  c.a.b.w.runner.CSVUploadRunner - Transaction Date: 2022-03-01
2026-04-18 10:33:45 INFO  c.a.b.w.runner.CSVUploadRunner - Transaction Date: 2022-03-01
2026-04-18 10:33:45 INFO  c.a.b.w.runner.CSVUploadRunner - Transaction Date: 2022-03-01
2026-04-18 10:33:45 INFO  c.a.b.w.runner.CSVUploadRunner - Transaction Date: 2022-02-28
2026-04-18 10:33:45 INFO  c.a.b.w.runner.CSVUploadRunner - Transaction Date: 2022-02-28
2026-04-18 10:33:45 INFO  c.a.b.w.runner.CSVUploadRunner - Transaction Date: 2022-02-28
2026-04-18 10:33:45 INFO  c.a.b.w.runner.CSVUploadRunner - Transaction Date: 2022-02-28
2026-04-18 10:33:45 INFO  c.a.b.w.runner.CSVUploadRunner - Transaction Date: 2022-02-27
2026-04-18 10:33:45 INFO  c.a.b.w.runner.CSVUploadRunner - Transaction Date: 2022-02-27
2026-04-18 10:33:45 INFO  c.a.b.w.runner.CSVUploadRunner - Transaction Date: 2022-02-26
2026-04-18 10:33:45 INFO  c.a.b.w.runner.CSVUploadRunner - Transaction Date: 2022-02-26
2026-04-18 10:33:45 INFO  c.a.b.w.runner.CSVUploadRunner - Transaction Date: 2022-02-26
2026-04-18 10:33:45 INFO  c.a.b.w.runner.CSVUploadRunner - Transaction Date: 2022-02-26
2026-04-18 10:33:45 INFO  c.a.b.w.runner.CSVUploadRunner - Transaction Date: 2022-02-26
2026-04-18 10:33:45 INFO  c.a.b.w.runner.CSVUploadRunner - Transaction Date: 2022-02-25
2026-04-18 10:33:45 INFO  c.a.b.w.runner.CSVUploadRunner - Transaction Date: 2022-02-25
2026-04-18 10:33:45 INFO  c.a.b.w.runner.CSVUploadRunner - Transaction Date: 2022-02-25
2026-04-18 10:33:45 INFO  c.a.b.w.runner.CSVUploadRunner - Transaction Date: 2022-02-24
2026-04-18 10:33:45 INFO  c.a.b.w.runner.CSVUploadRunner - Transaction Date: 2022-02-24
2026-04-18 10:33:45 INFO  c.a.b.w.runner.CSVUploadRunner - Transaction Date: 2022-02-23
2026-04-18 10:33:45 INFO  c.a.b.w.runner.CSVUploadRunner - Transaction Date: 2022-02-23
2026-04-18 10:33:45 INFO  c.a.b.w.runner.CSVUploadRunner - Transaction Date: 2022-02-23
2026-04-18 10:33:45 INFO  c.a.b.w.runner.CSVUploadRunner - Transaction Date: 2022-02-21
2026-04-18 10:33:45 INFO  c.a.b.w.runner.CSVUploadRunner - Transaction Date: 2022-02-21
2026-04-18 10:33:45 INFO  c.a.b.w.runner.CSVUploadRunner - Transaction Date: 2022-02-21
2026-04-18 10:33:45 INFO  c.a.b.w.runner.CSVUploadRunner - Transaction Date: 2022-02-21
2026-04-18 10:33:45 INFO  c.a.b.w.runner.CSVUploadRunner - Transaction Date: 2022-02-21
2026-04-18 10:33:45 INFO  c.a.b.w.runner.CSVUploadRunner - Transaction Date: 2022-02-21
2026-04-18 10:33:45 INFO  c.a.b.w.runner.CSVUploadRunner - Transaction Date: 2022-02-21
2026-04-18 10:33:45 INFO  c.a.b.w.runner.CSVUploadRunner - Transaction Date: 2022-02-21
2026-04-18 10:33:45 INFO  c.a.b.w.runner.CSVUploadRunner - Transaction Date: 2022-02-20
2026-04-18 10:33:45 INFO  c.a.b.w.runner.CSVUploadRunner - Transaction Date: 2022-02-20
2026-04-18 10:33:45 INFO  c.a.b.w.runner.CSVUploadRunner - Transaction Date: 2022-02-20
2026-04-18 10:33:45 INFO  c.a.b.w.runner.CSVUploadRunner - Transaction Date: 2022-02-20
2026-04-18 10:33:45 INFO  c.a.b.w.runner.CSVUploadRunner - Transaction Date: 2022-02-19
2026-04-18 10:33:45 INFO  c.a.b.w.runner.CSVUploadRunner - Transaction Date: 2022-02-19
2026-04-18 10:33:45 INFO  c.a.b.w.runner.CSVUploadRunner - Transaction Date: 2022-02-19
2026-04-18 10:33:45 INFO  c.a.b.w.runner.CSVUploadRunner - Transaction Date: 2022-02-19
2026-04-18 10:33:45 INFO  c.a.b.w.runner.CSVUploadRunner - Transaction Date: 2022-02-19
2026-04-18 10:33:45 INFO  c.a.b.w.runner.CSVUploadRunner - Transaction Date: 2022-02-18
2026-04-18 10:33:45 INFO  c.a.b.w.runner.CSVUploadRunner - Transaction Date: 2022-02-18
2026-04-18 10:33:45 INFO  c.a.b.w.runner.CSVUploadRunner - Transaction Date: 2022-02-17
2026-04-18 10:33:45 INFO  c.a.b.w.runner.CSVUploadRunner - Transaction Date: 2022-02-17
2026-04-18 10:33:45 INFO  c.a.b.w.runner.CSVUploadRunner - Transaction Date: 2022-02-16
2026-04-18 10:33:45 INFO  c.a.b.w.runner.CSVUploadRunner - Transaction Date: 2022-02-16
2026-04-18 10:33:45 INFO  c.a.b.w.runner.CSVUploadRunner - Transaction Date: 2022-02-15
2026-04-18 10:33:45 INFO  c.a.b.w.runner.CSVUploadRunner - Transaction Date: 2022-02-15
2026-04-18 10:33:45 INFO  c.a.b.w.runner.CSVUploadRunner - Transaction Date: 2022-02-15
2026-04-18 10:33:45 INFO  c.a.b.w.runner.CSVUploadRunner - Transaction Date: 2022-02-15
2026-04-18 10:33:45 INFO  c.a.b.w.runner.CSVUploadRunner - Transaction Date: 2022-02-15
2026-04-18 10:33:45 INFO  c.a.b.w.runner.CSVUploadRunner - Transaction Date: 2022-02-15
2026-04-18 10:33:45 INFO  c.a.b.w.runner.CSVUploadRunner - Transaction Date: 2022-02-15
2026-04-18 10:33:45 INFO  c.a.b.w.runner.CSVUploadRunner - Transaction Date: 2022-02-15
2026-04-18 10:33:45 INFO  c.a.b.w.runner.CSVUploadRunner - Transaction Date: 2022-02-14
2026-04-18 10:33:45 INFO  c.a.b.w.runner.CSVUploadRunner - Transaction Date: 2022-02-14
2026-04-18 10:33:45 INFO  c.a.b.w.runner.CSVUploadRunner - Transaction Date: 2022-02-12
2026-04-18 10:33:45 INFO  c.a.b.w.runner.CSVUploadRunner - Transaction Date: 2022-02-11
2026-04-18 10:33:45 INFO  c.a.b.w.runner.CSVUploadRunner - Transaction Date: 2022-02-11
2026-04-18 10:33:45 INFO  c.a.b.w.runner.CSVUploadRunner - Transaction Date: 2022-02-11
2026-04-18 10:33:45 INFO  c.a.b.w.runner.CSVUploadRunner - Transaction Date: 2022-02-11
2026-04-18 10:33:45 INFO  c.a.b.w.runner.CSVUploadRunner - Transaction Date: 2022-02-10
2026-04-18 10:33:45 INFO  c.a.b.w.runner.CSVUploadRunner - Transaction Date: 2022-02-10
2026-04-18 10:33:45 INFO  c.a.b.w.runner.CSVUploadRunner - Transaction Date: 2022-02-10
2026-04-18 10:33:45 INFO  c.a.b.w.runner.CSVUploadRunner - Transaction Date: 2022-02-10
2026-04-18 10:33:45 INFO  c.a.b.w.runner.CSVUploadRunner - Transaction Date: 2022-02-09
2026-04-18 10:33:45 INFO  c.a.b.w.runner.CSVUploadRunner - Transaction Date: 2022-02-09
2026-04-18 10:33:45 INFO  c.a.b.w.runner.CSVUploadRunner - Transaction Date: 2022-02-07
2026-04-18 10:33:45 INFO  c.a.b.w.runner.CSVUploadRunner - Transaction Date: 2022-02-07
2026-04-18 10:33:45 INFO  c.a.b.w.runner.CSVUploadRunner - Transaction Date: 2022-02-07
2026-04-18 10:33:45 INFO  c.a.b.w.runner.CSVUploadRunner - Transaction Date: 2022-02-06
2026-04-18 10:33:45 INFO  c.a.b.w.runner.CSVUploadRunner - Transaction Date: 2022-02-06
2026-04-18 10:33:45 INFO  c.a.b.w.runner.CSVUploadRunner - Transaction Date: 2022-02-06
2026-04-18 10:33:45 INFO  c.a.b.w.runner.CSVUploadRunner - Transaction Date: 2022-02-06
2026-04-18 10:33:45 INFO  c.a.b.w.runner.CSVUploadRunner - Transaction Date: 2022-02-06
2026-04-18 10:33:45 INFO  c.a.b.w.runner.CSVUploadRunner - Transaction Date: 2022-02-05
2026-04-18 10:33:45 INFO  c.a.b.w.runner.CSVUploadRunner - Transaction Date: 2022-02-05
2026-04-18 10:33:45 INFO  c.a.b.w.runner.CSVUploadRunner - Transaction Date: 2022-02-04
2026-04-18 10:33:45 INFO  c.a.b.w.runner.CSVUploadRunner - Transaction Date: 2022-02-04
2026-04-18 10:33:45 INFO  c.a.b.w.runner.CSVUploadRunner - Transaction Date: 2022-02-02
2026-04-18 10:33:45 INFO  c.a.b.w.runner.CSVUploadRunner - Transaction Date: 2022-02-01
2026-04-18 10:33:45 INFO  c.a.b.w.runner.CSVUploadRunner - Transaction Date: 2022-02-01
2026-04-18 10:33:45 INFO  c.a.b.w.runner.CSVUploadRunner - Transaction Date: 2022-02-01
2026-04-18 10:33:45 INFO  c.a.b.w.runner.CSVUploadRunner - Transaction Date: 2022-02-01
2026-04-18 10:33:45 INFO  c.a.b.w.runner.CSVUploadRunner - Transaction Date: 2022-02-01
2026-04-18 10:33:45 INFO  c.a.b.w.runner.CSVUploadRunner - Transaction Date: 2022-02-01
2026-04-18 10:33:45 INFO  c.a.b.w.runner.CSVUploadRunner - Transaction Date: 2022-02-01
2026-04-18 10:33:45 INFO  c.a.b.w.runner.CSVUploadRunner - Transaction Date: 2022-02-01
2026-04-18 10:33:45 INFO  c.a.b.w.runner.CSVUploadRunner - Transaction Date: 2022-01-31
2026-04-18 10:33:45 INFO  c.a.b.w.runner.CSVUploadRunner - Transaction Date: 2022-01-31
2026-04-18 10:33:45 INFO  c.a.b.w.runner.CSVUploadRunner - Transaction Date: 2022-01-30
2026-04-18 10:33:45 INFO  c.a.b.w.runner.CSVUploadRunner - Transaction Date: 2022-01-30
2026-04-18 10:33:45 INFO  c.a.b.w.runner.CSVUploadRunner - Transaction Date: 2022-01-30
2026-04-18 10:33:45 INFO  c.a.b.w.runner.CSVUploadRunner - Transaction Date: 2022-01-30
2026-04-18 10:33:45 INFO  c.a.b.w.runner.CSVUploadRunner - Transaction Date: 2022-01-29
2026-04-18 10:33:45 INFO  c.a.b.w.runner.CSVUploadRunner - Transaction Date: 2022-01-29
2026-04-18 10:33:45 INFO  c.a.b.w.runner.CSVUploadRunner - Transaction Date: 2022-01-29
2026-04-18 10:33:45 INFO  c.a.b.w.runner.CSVUploadRunner - Transaction Date: 2022-01-28
2026-04-18 10:33:45 INFO  c.a.b.w.runner.CSVUploadRunner - Transaction Date: 2022-01-28
2026-04-18 10:33:45 INFO  c.a.b.w.runner.CSVUploadRunner - Transaction Date: 2022-01-28
2026-04-18 10:33:45 INFO  c.a.b.w.runner.CSVUploadRunner - Transaction Date: 2022-01-28
2026-04-18 10:33:45 INFO  c.a.b.w.runner.CSVUploadRunner - Transaction Date: 2022-01-27
2026-04-18 10:33:45 INFO  c.a.b.w.runner.CSVUploadRunner - Transaction Date: 2022-01-27
2026-04-18 10:33:45 INFO  c.a.b.w.runner.CSVUploadRunner - Transaction Date: 2022-01-26
2026-04-18 10:33:45 INFO  c.a.b.w.runner.CSVUploadRunner - Transaction Date: 2022-01-26
2026-04-18 10:33:45 INFO  c.a.b.w.runner.CSVUploadRunner - Transaction Date: 2022-01-26
2026-04-18 10:33:45 INFO  c.a.b.w.runner.CSVUploadRunner - Transaction Date: 2022-01-25
2026-04-18 10:33:45 INFO  c.a.b.w.runner.CSVUploadRunner - Transaction Date: 2022-01-25
2026-04-18 10:33:45 INFO  c.a.b.w.runner.CSVUploadRunner - Transaction Date: 2022-01-24
2026-04-18 10:33:45 INFO  c.a.b.w.runner.CSVUploadRunner - Transaction Date: 2022-01-24
2026-04-18 10:33:45 INFO  c.a.b.w.runner.CSVUploadRunner - Transaction Date: 2022-01-24
2026-04-18 10:33:45 INFO  c.a.b.w.runner.CSVUploadRunner - Transaction Date: 2022-01-24
2026-04-18 10:33:45 INFO  c.a.b.w.runner.CSVUploadRunner - Transaction Date: 2022-01-24
2026-04-18 10:33:45 INFO  c.a.b.w.runner.CSVUploadRunner - Transaction Date: 2022-01-24
2026-04-18 10:33:45 INFO  c.a.b.w.runner.CSVUploadRunner - Transaction Date: 2022-01-23
2026-04-18 10:33:45 INFO  c.a.b.w.runner.CSVUploadRunner - Transaction Date: 2022-01-23
2026-04-18 10:33:45 INFO  c.a.b.w.runner.CSVUploadRunner - Transaction Date: 2022-01-23
2026-04-18 10:33:45 INFO  c.a.b.w.runner.CSVUploadRunner - Transaction Date: 2022-01-23
2026-04-18 10:33:45 INFO  c.a.b.w.runner.CSVUploadRunner - Transaction Date: 2022-01-23
2026-04-18 10:33:45 INFO  c.a.b.w.runner.CSVUploadRunner - Transaction Date: 2022-01-23
2026-04-18 10:33:45 INFO  c.a.b.w.runner.CSVUploadRunner - Transaction Date: 2022-01-23
2026-04-18 10:33:45 INFO  c.a.b.w.runner.CSVUploadRunner - Transaction Date: 2022-01-23
2026-04-18 10:33:45 INFO  c.a.b.w.runner.CSVUploadRunner - Transaction Date: 2022-01-22
2026-04-18 10:33:45 INFO  c.a.b.w.runner.CSVUploadRunner - Transaction Date: 2022-01-21
2026-04-18 10:33:45 INFO  c.a.b.w.runner.CSVUploadRunner - Transaction Date: 2022-01-21
2026-04-18 10:33:45 INFO  c.a.b.w.runner.CSVUploadRunner - Transaction Date: 2022-01-21
2026-04-18 10:33:45 INFO  c.a.b.w.runner.CSVUploadRunner - Transaction Date: 2022-01-20
2026-04-18 10:33:45 INFO  c.a.b.w.runner.CSVUploadRunner - Transaction Date: 2022-01-20
2026-04-18 10:33:45 INFO  c.a.b.w.runner.CSVUploadRunner - Transaction Date: 2022-01-19
2026-04-18 10:33:45 INFO  c.a.b.w.runner.CSVUploadRunner - Transaction Date: 2022-01-19
2026-04-18 10:33:45 INFO  c.a.b.w.runner.CSVUploadRunner - Transaction Date: 2022-01-18
2026-04-18 10:33:45 INFO  c.a.b.w.runner.CSVUploadRunner - Transaction Date: 2022-01-17
2026-04-18 10:33:45 INFO  c.a.b.w.runner.CSVUploadRunner - Transaction Date: 2022-01-16
2026-04-18 10:33:45 INFO  c.a.b.w.runner.CSVUploadRunner - Transaction Date: 2022-01-16
2026-04-18 10:33:45 INFO  c.a.b.w.runner.CSVUploadRunner - Transaction Date: 2022-01-16
2026-04-18 10:33:45 INFO  c.a.b.w.runner.CSVUploadRunner - Transaction Date: 2022-01-16
2026-04-18 10:33:45 INFO  c.a.b.w.runner.CSVUploadRunner - Transaction Date: 2022-01-16
2026-04-18 10:33:45 INFO  c.a.b.w.runner.CSVUploadRunner - Transaction Date: 2022-01-15
2026-04-18 10:33:45 INFO  c.a.b.w.runner.CSVUploadRunner - Transaction Date: 2022-01-15
2026-04-18 10:33:45 INFO  c.a.b.w.runner.CSVUploadRunner - Transaction Date: 2022-01-14
2026-04-18 10:33:45 INFO  c.a.b.w.runner.CSVUploadRunner - Transaction Date: 2022-01-14
2026-04-18 10:33:45 INFO  c.a.b.w.runner.CSVUploadRunner - Transaction Date: 2022-01-14
2026-04-18 10:33:45 INFO  c.a.b.w.runner.CSVUploadRunner - Transaction Date: 2022-01-14
2026-04-18 10:33:45 INFO  c.a.b.w.runner.CSVUploadRunner - Transaction Date: 2022-01-14
2026-04-18 10:33:45 INFO  c.a.b.w.runner.CSVUploadRunner - Transaction Date: 2022-01-14
2026-04-18 10:33:45 INFO  c.a.b.w.runner.CSVUploadRunner - Transaction Date: 2022-01-14
2026-04-18 10:33:45 INFO  c.a.b.w.runner.CSVUploadRunner - Transaction Date: 2022-01-13
2026-04-18 10:33:45 INFO  c.a.b.w.runner.CSVUploadRunner - Transaction Date: 2022-01-13
2026-04-18 10:33:45 INFO  c.a.b.w.runner.CSVUploadRunner - Transaction Date: 2022-01-13
2026-04-18 10:33:45 INFO  c.a.b.w.runner.CSVUploadRunner - Transaction Date: 2022-01-13
2026-04-18 10:33:45 INFO  c.a.b.w.runner.CSVUploadRunner - Transaction Date: 2022-01-13
2026-04-18 10:33:45 INFO  c.a.b.w.runner.CSVUploadRunner - Transaction Date: 2022-01-12
2026-04-18 10:33:45 INFO  c.a.b.w.runner.CSVUploadRunner - Transaction Date: 2022-01-12
2026-04-18 10:33:45 INFO  c.a.b.w.runner.CSVUploadRunner - Transaction Date: 2022-01-11
2026-04-18 10:33:45 INFO  c.a.b.w.runner.CSVUploadRunner - Transaction Date: 2022-01-11
2026-04-18 10:33:45 INFO  c.a.b.w.runner.CSVUploadRunner - Transaction Date: 2022-01-11
2026-04-18 10:33:45 INFO  c.a.b.w.runner.CSVUploadRunner - Transaction Date: 2022-01-11
2026-04-18 10:33:45 INFO  c.a.b.w.runner.CSVUploadRunner - Transaction Date: 2022-01-10
2026-04-18 10:33:45 INFO  c.a.b.w.runner.CSVUploadRunner - Transaction Date: 2022-01-10
2026-04-18 10:33:45 INFO  c.a.b.w.runner.CSVUploadRunner - Transaction Date: 2022-01-09
2026-04-18 10:33:45 INFO  c.a.b.w.runner.CSVUploadRunner - Transaction Date: 2022-01-09
2026-04-18 10:33:45 INFO  c.a.b.w.runner.CSVUploadRunner - Transaction Date: 2022-01-09
2026-04-18 10:33:45 INFO  c.a.b.w.runner.CSVUploadRunner - Transaction Date: 2022-01-08
2026-04-18 10:33:45 INFO  c.a.b.w.runner.CSVUploadRunner - Transaction Date: 2022-01-08
2026-04-18 10:33:45 INFO  c.a.b.w.runner.CSVUploadRunner - Transaction Date: 2022-01-07
2026-04-18 10:33:45 INFO  c.a.b.w.runner.CSVUploadRunner - Transaction Date: 2022-01-07
2026-04-18 10:33:45 INFO  c.a.b.w.runner.CSVUploadRunner - Transaction Date: 2022-01-07
2026-04-18 10:33:45 INFO  c.a.b.w.runner.CSVUploadRunner - Transaction Date: 2022-01-06
2026-04-18 10:33:45 INFO  c.a.b.w.runner.CSVUploadRunner - Transaction Date: 2022-01-06
2026-04-18 10:33:45 INFO  c.a.b.w.runner.CSVUploadRunner - Transaction Date: 2022-01-06
2026-04-18 10:33:45 INFO  c.a.b.w.runner.CSVUploadRunner - Transaction Date: 2022-01-06
2026-04-18 10:33:45 INFO  c.a.b.w.runner.CSVUploadRunner - Transaction Date: 2022-01-05
2026-04-18 10:33:45 INFO  c.a.b.w.runner.CSVUploadRunner - Transaction Date: 2022-01-05
2026-04-18 10:33:45 INFO  c.a.b.w.runner.CSVUploadRunner - Transaction Date: 2022-01-05
2026-04-18 10:33:45 INFO  c.a.b.w.runner.CSVUploadRunner - Transaction Date: 2022-01-04
2026-04-18 10:33:45 INFO  c.a.b.w.runner.CSVUploadRunner - Transaction Date: 2022-01-04
2026-04-18 10:33:45 INFO  c.a.b.w.runner.CSVUploadRunner - Transaction Date: 2022-01-04
2026-04-18 10:33:45 INFO  c.a.b.w.runner.CSVUploadRunner - Transaction Date: 2022-01-03
2026-04-18 10:33:45 INFO  c.a.b.w.runner.CSVUploadRunner - Transaction Date: 2022-01-03
2026-04-18 10:33:45 INFO  c.a.b.w.runner.CSVUploadRunner - Transaction Date: 2022-01-03
2026-04-18 10:33:45 INFO  c.a.b.w.runner.CSVUploadRunner - Transaction Date: 2022-01-03
2026-04-18 10:33:45 INFO  c.a.b.w.runner.CSVUploadRunner - Transaction Date: 2022-01-03
2026-04-18 10:33:45 INFO  c.a.b.w.runner.CSVUploadRunner - Transaction Date: 2022-01-02
2026-04-18 10:33:45 INFO  c.a.b.w.runner.CSVUploadRunner - Transaction Date: 2022-01-02
2026-04-18 10:33:45 INFO  c.a.b.w.runner.CSVUploadRunner - Transaction Date: 2022-01-02
2026-04-18 10:33:45 INFO  c.a.b.w.runner.CSVUploadRunner - Transaction Date: 2022-01-01
2026-04-18 10:33:45 INFO  c.a.b.w.runner.CSVUploadRunner - Transaction Date: 2022-01-01
2026-04-18 10:33:45 INFO  c.a.b.w.runner.CSVUploadRunner - Transaction Date: 2022-01-01
2026-04-18 10:33:45 INFO  c.a.b.w.runner.CSVUploadRunner - Transaction Date: 2022-01-01
2026-04-18 10:33:45 INFO  c.a.b.w.runner.CSVUploadRunner - Transaction Date: 2022-01-01
2026-04-18 10:33:45 INFO  c.a.b.w.runner.CSVUploadRunner - Transaction Date: 2022-01-01
2026-04-18 10:33:45 INFO  c.a.b.w.runner.CSVUploadRunner - Transaction Date: 2021-12-31
2026-04-18 10:33:45 INFO  c.a.b.services.CSVAccountServiceImpl - CSV Account with suffix: 9 and account number: 002285914 already exists for user id: 1
2026-04-18 10:33:45 INFO  c.a.b.services.CSVAccountServiceImpl - No CSV Account Entities to save
2026-04-18 10:33:45 INFO  c.a.b.w.budget.BudgetScheduleUtil - Retrieving Budget Schedule Ranges: [com.app.budgetbuddy.entities.BudgetScheduleRangeEntity@1290c8e3, com.app.budgetbuddy.entities.BudgetScheduleRangeEntity@6a20ac59, com.app.budgetbuddy.entities.BudgetScheduleRangeEntity@5ba5dd9f, com.app.budgetbuddy.entities.BudgetScheduleRangeEntity@bf93845, com.app.budgetbuddy.entities.BudgetScheduleRangeEntity@28c33eec], size: 5
2026-04-18 10:33:45 INFO  c.a.b.s.TransactionRuleServiceImpl - Transaction rules size: 63
2026-04-18 10:33:45 WARN  c.a.b.services.CategoryServiceImpl - No category type found for category 'Uncategorized', defaulting to VARIABLE
2026-04-18 10:33:45 INFO  c.a.b.services.CategoryServiceImpl - Getting bucket level for category: Uncategorized
2026-04-18 10:33:45 WARN  c.a.b.services.CategoryServiceImpl - No bucket level found for category: Uncategorized
2026-04-18 10:33:45 INFO  c.a.b.s.TransactionRuleServiceImpl - Transaction rules size: 63
2026-04-18 10:33:45 INFO  c.a.b.w.c.CSVTransactionCategorizationEngine - User rule matched: TransactionRule(id=7, userId=1, categoryName=Subscription, descriptionRule=null, merchantRule=APPLE, extendedDescriptionRule=null, amountMin=0.0, amountMax=0.0, priority=6, matchCount=32, isActive=true, dateCreated=2026-01-24 18:17:00.99, dateModified=2026-01-24 18:17:00.99) in 20 ms
2026-04-18 10:33:45 INFO  c.a.b.services.CategoryServiceImpl - Getting bucket level for category: Subscription
2026-04-18 10:33:45 INFO  c.a.b.s.TransactionRuleServiceImpl - Transaction rules size: 63
2026-04-18 10:33:45 INFO  c.a.b.w.c.CSVTransactionCategorizationEngine - User rule matched: TransactionRule(id=36, userId=1, categoryName=Groceries, descriptionRule=null, merchantRule=HARMONS, extendedDescriptionRule=null, amountMin=0.0, amountMax=0.0, priority=6, matchCount=39, isActive=true, dateCreated=2026-01-25 18:04:26.198, dateModified=2026-01-25 18:04:26.198) in 6 ms
2026-04-18 10:33:45 INFO  c.a.b.services.CategoryServiceImpl - Getting bucket level for category: Groceries
2026-04-18 10:33:45 INFO  c.a.b.s.TransactionRuleServiceImpl - Transaction rules size: 63
2026-04-18 10:33:45 INFO  c.a.b.w.c.CSVTransactionCategorizationEngine - User rule matched: TransactionRule(id=19, userId=1, categoryName=Payment, descriptionRule=null, merchantRule=AFFIRM, extendedDescriptionRule=null, amountMin=0.0, amountMax=0.0, priority=6, matchCount=29, isActive=true, dateCreated=2026-01-24 18:47:27.05, dateModified=2026-01-24 18:47:27.05) in 2 ms
2026-04-18 10:33:45 INFO  c.a.b.services.CategoryServiceImpl - Getting bucket level for category: Payment
2026-04-18 10:33:45 INFO  c.a.b.s.TransactionRuleServiceImpl - Transaction rules size: 63
2026-04-18 10:33:45 INFO  c.a.b.w.c.CSVTransactionCategorizationEngine - User rule matched: TransactionRule(id=44, userId=1, categoryName=Order Out, descriptionRule=null, merchantRule=NOODLES AND COMPANY, extendedDescriptionRule=null, amountMin=0.0, amountMax=0.0, priority=6, matchCount=30, isActive=true, dateCreated=2026-02-25 02:50:27.344, dateModified=2026-02-25 02:50:27.344) in 2 ms
2026-04-18 10:33:45 INFO  c.a.b.services.CategoryServiceImpl - Getting bucket level for category: Order Out
2026-04-18 10:33:45 INFO  c.a.b.s.TransactionRuleServiceImpl - Transaction rules size: 63
2026-04-18 10:33:45 WARN  c.a.b.services.CategoryServiceImpl - No category type found for category 'Uncategorized', defaulting to VARIABLE
2026-04-18 10:33:45 INFO  c.a.b.services.CategoryServiceImpl - Getting bucket level for category: Uncategorized
2026-04-18 10:33:45 WARN  c.a.b.services.CategoryServiceImpl - No bucket level found for category: Uncategorized
2026-04-18 10:33:45 INFO  c.a.b.s.TransactionRuleServiceImpl - Transaction rules size: 63
2026-04-18 10:33:45 INFO  c.a.b.w.c.CSVTransactionCategorizationEngine - User rule matched: TransactionRule(id=42, userId=1, categoryName=Utilities, descriptionRule=null, merchantRule=CONSERVICE, extendedDescriptionRule=null, amountMin=0.0, amountMax=0.0, priority=6, matchCount=30, isActive=true, dateCreated=2026-01-29 17:41:12.347, dateModified=2026-01-29 17:41:12.347) in 4 ms
2026-04-18 10:33:45 INFO  c.a.b.services.CategoryServiceImpl - Getting bucket level for category: Utilities
2026-04-18 10:33:45 INFO  c.a.b.s.TransactionRuleServiceImpl - Transaction rules size: 63
2026-04-18 10:33:45 INFO  c.a.b.w.c.CSVTransactionCategorizationEngine - User rule matched: TransactionRule(id=17, userId=1, categoryName=Other, descriptionRule=null, merchantRule=STEAMGAMES.COM, extendedDescriptionRule=null, amountMin=0.0, amountMax=0.0, priority=6, matchCount=18, isActive=true, dateCreated=2026-01-24 18:46:50.63, dateModified=2026-01-24 18:46:50.63) in 4 ms
2026-04-18 10:33:45 INFO  c.a.b.services.CategoryServiceImpl - Getting bucket level for category: Other
2026-04-18 10:33:45 INFO  c.a.b.s.TransactionRuleServiceImpl - Transaction rules size: 63
2026-04-18 10:33:45 INFO  c.a.b.w.c.CSVTransactionCategorizationEngine - User rule matched: TransactionRule(id=3, userId=1, categoryName=Groceries, descriptionRule=null, merchantRule=WINCO FOODS, extendedDescriptionRule=null, amountMin=0.0, amountMax=0.0, priority=6, matchCount=33, isActive=true, dateCreated=2026-01-24 18:09:29.996, dateModified=2026-01-24 18:09:29.996) in 2 ms
2026-04-18 10:33:45 INFO  c.a.b.services.CategoryServiceImpl - Getting bucket level for category: Groceries
2026-04-18 10:33:45 INFO  c.a.b.s.TransactionRuleServiceImpl - Transaction rules size: 63
2026-04-18 10:33:45 WARN  c.a.b.services.CategoryServiceImpl - No category type found for category 'Uncategorized', defaulting to VARIABLE
2026-04-18 10:33:45 INFO  c.a.b.services.CategoryServiceImpl - Getting bucket level for category: Uncategorized
2026-04-18 10:33:45 WARN  c.a.b.services.CategoryServiceImpl - No bucket level found for category: Uncategorized
2026-04-18 10:33:45 INFO  c.a.b.s.TransactionRuleServiceImpl - Transaction rules size: 63
2026-04-18 10:33:45 INFO  c.a.b.w.c.CSVTransactionCategorizationEngine - User rule matched: TransactionRule(id=3, userId=1, categoryName=Groceries, descriptionRule=null, merchantRule=WINCO FOODS, extendedDescriptionRule=null, amountMin=0.0, amountMax=0.0, priority=6, matchCount=33, isActive=true, dateCreated=2026-01-24 18:09:29.996, dateModified=2026-01-24 18:09:29.996) in 2 ms
2026-04-18 10:33:45 INFO  c.a.b.services.CategoryServiceImpl - Getting bucket level for category: Groceries
2026-04-18 10:33:45 INFO  c.a.b.s.TransactionRuleServiceImpl - Transaction rules size: 63
2026-04-18 10:33:45 INFO  c.a.b.w.c.CSVTransactionCategorizationEngine - User rule matched: TransactionRule(id=36, userId=1, categoryName=Groceries, descriptionRule=null, merchantRule=HARMONS, extendedDescriptionRule=null, amountMin=0.0, amountMax=0.0, priority=6, matchCount=39, isActive=true, dateCreated=2026-01-25 18:04:26.198, dateModified=2026-01-25 18:04:26.198) in 1 ms
2026-04-18 10:33:45 INFO  c.a.b.services.CategoryServiceImpl - Getting bucket level for category: Groceries
2026-04-18 10:33:45 INFO  c.a.b.s.TransactionRuleServiceImpl - Transaction rules size: 63
2026-04-18 10:33:45 INFO  c.a.b.w.c.CSVTransactionCategorizationEngine - User rule matched: TransactionRule(id=34, userId=1, categoryName=Groceries, descriptionRule=null, merchantRule=WM SUPERCENTER, extendedDescriptionRule=null, amountMin=0.0, amountMax=0.0, priority=6, matchCount=30, isActive=true, dateCreated=2026-01-25 18:03:39.418, dateModified=2026-01-25 18:03:39.418) in 2 ms
2026-04-18 10:33:45 INFO  c.a.b.services.CategoryServiceImpl - Getting bucket level for category: Groceries
2026-04-18 10:33:45 INFO  c.a.b.s.TransactionRuleServiceImpl - Transaction rules size: 63
2026-04-18 10:33:45 INFO  c.a.b.w.c.CSVTransactionCategorizationEngine - User rule matched: TransactionRule(id=3, userId=1, categoryName=Groceries, descriptionRule=null, merchantRule=WINCO FOODS, extendedDescriptionRule=null, amountMin=0.0, amountMax=0.0, priority=6, matchCount=33, isActive=true, dateCreated=2026-01-24 18:09:29.996, dateModified=2026-01-24 18:09:29.996) in 2 ms
2026-04-18 10:33:45 INFO  c.a.b.services.CategoryServiceImpl - Getting bucket level for category: Groceries
2026-04-18 10:33:45 INFO  c.a.b.s.TransactionRuleServiceImpl - Transaction rules size: 63
2026-04-18 10:33:45 INFO  c.a.b.w.c.CSVTransactionCategorizationEngine - User rule matched: TransactionRule(id=16, userId=1, categoryName=Order Out, descriptionRule=null, merchantRule=THE BREAK SPORTS, extendedDescriptionRule=null, amountMin=0.0, amountMax=0.0, priority=6, matchCount=18, isActive=true, dateCreated=2026-01-24 18:46:11.873, dateModified=2026-01-24 18:46:11.873) in 2 ms
2026-04-18 10:33:45 INFO  c.a.b.services.CategoryServiceImpl - Getting bucket level for category: Order Out
2026-04-18 10:33:45 INFO  c.a.b.s.TransactionRuleServiceImpl - Transaction rules size: 63
2026-04-18 10:33:45 INFO  c.a.b.w.c.CSVTransactionCategorizationEngine - User rule matched: TransactionRule(id=2, userId=1, categoryName=Order Out, descriptionRule=null, merchantRule=PANDA EXPRESS, extendedDescriptionRule=null, amountMin=0.0, amountMax=0.0, priority=6, matchCount=31, isActive=true, dateCreated=null, dateModified=null) in 4 ms
2026-04-18 10:33:45 INFO  c.a.b.services.CategoryServiceImpl - Getting bucket level for category: Order Out
2026-04-18 10:33:45 INFO  c.a.b.s.TransactionRuleServiceImpl - Transaction rules size: 63
2026-04-18 10:33:45 INFO  c.a.b.w.c.CSVTransactionCategorizationEngine - User rule matched: TransactionRule(id=41, userId=1, categoryName=Subscription, descriptionRule=null, merchantRule=HEROKU, extendedDescriptionRule=null, amountMin=0.0, amountMax=0.0, priority=6, matchCount=17, isActive=true, dateCreated=2026-01-29 17:40:51.824, dateModified=2026-01-29 17:40:51.824) in 6 ms
2026-04-18 10:33:45 INFO  c.a.b.services.CategoryServiceImpl - Getting bucket level for category: Subscription
2026-04-18 10:33:45 INFO  c.a.b.s.TransactionRuleServiceImpl - Transaction rules size: 63
2026-04-18 10:33:45 INFO  c.a.b.w.c.CSVTransactionCategorizationEngine - User rule matched: TransactionRule(id=7, userId=1, categoryName=Subscription, descriptionRule=null, merchantRule=APPLE, extendedDescriptionRule=null, amountMin=0.0, amountMax=0.0, priority=6, matchCount=32, isActive=true, dateCreated=2026-01-24 18:17:00.99, dateModified=2026-01-24 18:17:00.99) in 1 ms
2026-04-18 10:33:45 INFO  c.a.b.services.CategoryServiceImpl - Getting bucket level for category: Subscription
2026-04-18 10:33:45 INFO  c.a.b.s.TransactionRuleServiceImpl - Transaction rules size: 63
2026-04-18 10:33:45 INFO  c.a.b.w.c.CSVTransactionCategorizationEngine - User rule matched: TransactionRule(id=20, userId=1, categoryName=Payment, descriptionRule=null, merchantRule=PAYPAL, extendedDescriptionRule=null, amountMin=0.0, amountMax=0.0, priority=6, matchCount=20, isActive=true, dateCreated=2026-01-24 18:47:40.296, dateModified=2026-01-24 18:47:40.296) in 1 ms
2026-04-18 10:33:45 INFO  c.a.b.services.CategoryServiceImpl - Getting bucket level for category: Payment
2026-04-18 10:33:45 INFO  c.a.b.s.TransactionRuleServiceImpl - Transaction rules size: 63
2026-04-18 10:33:45 INFO  c.a.b.w.c.CSVTransactionCategorizationEngine - User rule matched: TransactionRule(id=2, userId=1, categoryName=Order Out, descriptionRule=null, merchantRule=PANDA EXPRESS, extendedDescriptionRule=null, amountMin=0.0, amountMax=0.0, priority=6, matchCount=31, isActive=true, dateCreated=null, dateModified=null) in 2 ms
2026-04-18 10:33:45 INFO  c.a.b.services.CategoryServiceImpl - Getting bucket level for category: Order Out
2026-04-18 10:33:45 INFO  c.a.b.s.TransactionRuleServiceImpl - Transaction rules size: 63
2026-04-18 10:33:45 INFO  c.a.b.w.c.CSVTransactionCategorizationEngine - User rule matched: TransactionRule(id=39, userId=1, categoryName=Order Out, descriptionRule=null, merchantRule=365 MARKET FP          TROY         MIUS, extendedDescriptionRule=null, amountMin=0.0, amountMax=0.0, priority=6, matchCount=30, isActive=true, dateCreated=2026-01-29 17:40:22.254, dateModified=2026-01-29 17:40:22.254) in 1 ms
2026-04-18 10:33:45 INFO  c.a.b.services.CategoryServiceImpl - Getting bucket level for category: Order Out
2026-04-18 10:33:45 INFO  c.a.b.s.TransactionRuleServiceImpl - Transaction rules size: 63
2026-04-18 10:33:45 INFO  c.a.b.w.c.CSVTransactionCategorizationEngine - User rule matched: TransactionRule(id=11, userId=1, categoryName=Gas, descriptionRule=null, merchantRule=MAVERIK, extendedDescriptionRule=null, amountMin=0.0, amountMax=0.0, priority=6, matchCount=31, isActive=true, dateCreated=2026-01-24 18:41:41.685, dateModified=2026-01-24 18:41:41.685) in 1 ms
2026-04-18 10:33:45 INFO  c.a.b.services.CategoryServiceImpl - Getting bucket level for category: Gas
2026-04-18 10:33:45 INFO  c.a.b.s.TransactionRuleServiceImpl - Transaction rules size: 63
2026-04-18 10:33:45 INFO  c.a.b.w.c.CSVTransactionCategorizationEngine - User rule matched: TransactionRule(id=29, userId=1, categoryName=Groceries, descriptionRule=null, merchantRule=SMITHS, extendedDescriptionRule=null, amountMin=0.0, amountMax=0.0, priority=6, matchCount=24, isActive=true, dateCreated=2026-01-25 18:01:31.42, dateModified=2026-01-25 18:01:31.42) in 1 ms
2026-04-18 10:33:45 INFO  c.a.b.services.CategoryServiceImpl - Getting bucket level for category: Groceries
2026-04-18 10:33:45 INFO  c.a.b.s.TransactionRuleServiceImpl - Transaction rules size: 63
2026-04-18 10:33:45 INFO  c.a.b.w.c.CSVTransactionCategorizationEngine - User rule matched: TransactionRule(id=3, userId=1, categoryName=Groceries, descriptionRule=null, merchantRule=WINCO FOODS, extendedDescriptionRule=null, amountMin=0.0, amountMax=0.0, priority=6, matchCount=33, isActive=true, dateCreated=2026-01-24 18:09:29.996, dateModified=2026-01-24 18:09:29.996) in 2 ms
2026-04-18 10:33:45 INFO  c.a.b.services.CategoryServiceImpl - Getting bucket level for category: Groceries
2026-04-18 10:33:45 INFO  c.a.b.s.TransactionRuleServiceImpl - Transaction rules size: 63
2026-04-18 10:33:45 WARN  c.a.b.services.CategoryServiceImpl - No category type found for category 'Uncategorized', defaulting to VARIABLE
2026-04-18 10:33:45 INFO  c.a.b.services.CategoryServiceImpl - Getting bucket level for category: Uncategorized
2026-04-18 10:33:45 WARN  c.a.b.services.CategoryServiceImpl - No bucket level found for category: Uncategorized
2026-04-18 10:33:45 INFO  c.a.b.s.TransactionRuleServiceImpl - Transaction rules size: 63
2026-04-18 10:33:45 INFO  c.a.b.w.c.CSVTransactionCategorizationEngine - User rule matched: TransactionRule(id=3, userId=1, categoryName=Groceries, descriptionRule=null, merchantRule=WINCO FOODS, extendedDescriptionRule=null, amountMin=0.0, amountMax=0.0, priority=6, matchCount=33, isActive=true, dateCreated=2026-01-24 18:09:29.996, dateModified=2026-01-24 18:09:29.996) in 5 ms
2026-04-18 10:33:45 INFO  c.a.b.services.CategoryServiceImpl - Getting bucket level for category: Groceries
2026-04-18 10:33:45 INFO  c.a.b.s.TransactionRuleServiceImpl - Transaction rules size: 63
2026-04-18 10:33:45 INFO  c.a.b.w.c.CSVTransactionCategorizationEngine - User rule matched: TransactionRule(id=2, userId=1, categoryName=Order Out, descriptionRule=null, merchantRule=PANDA EXPRESS, extendedDescriptionRule=null, amountMin=0.0, amountMax=0.0, priority=6, matchCount=31, isActive=true, dateCreated=null, dateModified=null) in 2 ms
2026-04-18 10:33:45 INFO  c.a.b.services.CategoryServiceImpl - Getting bucket level for category: Order Out
2026-04-18 10:33:45 INFO  c.a.b.s.TransactionRuleServiceImpl - Transaction rules size: 63
2026-04-18 10:33:45 WARN  c.a.b.services.CategoryServiceImpl - No category type found for category 'Uncategorized', defaulting to VARIABLE
2026-04-18 10:33:45 INFO  c.a.b.services.CategoryServiceImpl - Getting bucket level for category: Uncategorized
2026-04-18 10:33:45 WARN  c.a.b.services.CategoryServiceImpl - No bucket level found for category: Uncategorized
2026-04-18 10:33:45 INFO  c.a.b.s.TransactionRuleServiceImpl - Transaction rules size: 63
2026-04-18 10:33:45 INFO  c.a.b.w.c.CSVTransactionCategorizationEngine - User rule matched: TransactionRule(id=3, userId=1, categoryName=Groceries, descriptionRule=null, merchantRule=WINCO FOODS, extendedDescriptionRule=null, amountMin=0.0, amountMax=0.0, priority=6, matchCount=33, isActive=true, dateCreated=2026-01-24 18:09:29.996, dateModified=2026-01-24 18:09:29.996) in 2 ms
2026-04-18 10:33:45 INFO  c.a.b.services.CategoryServiceImpl - Getting bucket level for category: Groceries
2026-04-18 10:33:45 INFO  c.a.b.s.TransactionRuleServiceImpl - Transaction rules size: 63
2026-04-18 10:33:45 INFO  c.a.b.w.c.CSVTransactionCategorizationEngine - User rule matched: TransactionRule(id=34, userId=1, categoryName=Groceries, descriptionRule=null, merchantRule=WM SUPERCENTER, extendedDescriptionRule=null, amountMin=0.0, amountMax=0.0, priority=6, matchCount=30, isActive=true, dateCreated=2026-01-25 18:03:39.418, dateModified=2026-01-25 18:03:39.418) in 1 ms
2026-04-18 10:33:45 INFO  c.a.b.services.CategoryServiceImpl - Getting bucket level for category: Groceries
2026-04-18 10:33:45 INFO  c.a.b.s.TransactionRuleServiceImpl - Transaction rules size: 63
2026-04-18 10:33:45 INFO  c.a.b.w.c.CSVTransactionCategorizationEngine - User rule matched: TransactionRule(id=2, userId=1, categoryName=Order Out, descriptionRule=null, merchantRule=PANDA EXPRESS, extendedDescriptionRule=null, amountMin=0.0, amountMax=0.0, priority=6, matchCount=31, isActive=true, dateCreated=null, dateModified=null) in 2 ms
2026-04-18 10:33:45 INFO  c.a.b.services.CategoryServiceImpl - Getting bucket level for category: Order Out
2026-04-18 10:33:45 INFO  c.a.b.s.TransactionRuleServiceImpl - Transaction rules size: 63
2026-04-18 10:33:45 INFO  c.a.b.w.c.CSVTransactionCategorizationEngine - User rule matched: TransactionRule(id=2, userId=1, categoryName=Order Out, descriptionRule=null, merchantRule=PANDA EXPRESS, extendedDescriptionRule=null, amountMin=0.0, amountMax=0.0, priority=6, matchCount=31, isActive=true, dateCreated=null, dateModified=null) in 1 ms
2026-04-18 10:33:45 INFO  c.a.b.services.CategoryServiceImpl - Getting bucket level for category: Order Out
2026-04-18 10:33:45 INFO  c.a.b.s.TransactionRuleServiceImpl - Transaction rules size: 63
2026-04-18 10:33:45 INFO  c.a.b.w.c.CSVTransactionCategorizationEngine - User rule matched: TransactionRule(id=11, userId=1, categoryName=Gas, descriptionRule=null, merchantRule=MAVERIK, extendedDescriptionRule=null, amountMin=0.0, amountMax=0.0, priority=6, matchCount=31, isActive=true, dateCreated=2026-01-24 18:41:41.685, dateModified=2026-01-24 18:41:41.685) in 2 ms
2026-04-18 10:33:45 INFO  c.a.b.services.CategoryServiceImpl - Getting bucket level for category: Gas
2026-04-18 10:33:45 INFO  c.a.b.s.TransactionRuleServiceImpl - Transaction rules size: 63
2026-04-18 10:33:45 INFO  c.a.b.w.c.CSVTransactionCategorizationEngine - User rule matched: TransactionRule(id=6, userId=1, categoryName=Gas Bill, descriptionRule=null, merchantRule=SPI*ENB GAS, extendedDescriptionRule=null, amountMin=0.0, amountMax=0.0, priority=6, matchCount=30, isActive=true, dateCreated=2026-01-24 18:14:19.42, dateModified=2026-01-24 18:14:19.42) in 2 ms
2026-04-18 10:33:45 INFO  c.a.b.services.CategoryServiceImpl - Getting bucket level for category: Gas Bill
2026-04-18 10:33:45 INFO  c.a.b.s.TransactionRuleServiceImpl - Transaction rules size: 63
2026-04-18 10:33:45 INFO  c.a.b.w.c.CSVTransactionCategorizationEngine - User rule matched: TransactionRule(id=26, userId=1, categoryName=Subscription, descriptionRule=null, merchantRule=JETBRAINS, extendedDescriptionRule=null, amountMin=0.0, amountMax=0.0, priority=6, matchCount=30, isActive=true, dateCreated=2026-01-25 18:00:37.014, dateModified=2026-01-25 18:00:37.014) in 1 ms
2026-04-18 10:33:45 INFO  c.a.b.services.CategoryServiceImpl - Getting bucket level for category: Subscription
2026-04-18 10:33:45 INFO  c.a.b.s.TransactionRuleServiceImpl - Transaction rules size: 63
2026-04-18 10:33:45 INFO  c.a.b.w.c.CSVTransactionCategorizationEngine - User rule matched: TransactionRule(id=25, userId=1, categoryName=Payment, descriptionRule=null, merchantRule=AMEX, extendedDescriptionRule=null, amountMin=0.0, amountMax=0.0, priority=6, matchCount=37, isActive=true, dateCreated=2026-01-25 18:00:29.182, dateModified=2026-01-25 18:00:29.182) in 1 ms
2026-04-18 10:33:45 INFO  c.a.b.services.CategoryServiceImpl - Getting bucket level for category: Payment
2026-04-18 10:33:45 INFO  c.a.b.s.TransactionRuleServiceImpl - Transaction rules size: 63
2026-04-18 10:33:45 WARN  c.a.b.services.CategoryServiceImpl - No category type found for category 'Uncategorized', defaulting to VARIABLE
2026-04-18 10:33:45 INFO  c.a.b.services.CategoryServiceImpl - Getting bucket level for category: Uncategorized
2026-04-18 10:33:45 WARN  c.a.b.services.CategoryServiceImpl - No bucket level found for category: Uncategorized
2026-04-18 10:33:45 INFO  c.a.b.s.TransactionRuleServiceImpl - Transaction rules size: 63
2026-04-18 10:33:45 INFO  c.a.b.w.c.CSVTransactionCategorizationEngine - User rule matched: TransactionRule(id=24, userId=1, categoryName=Subscription, descriptionRule=null, merchantRule=SPOTIFY, extendedDescriptionRule=null, amountMin=0.0, amountMax=0.0, priority=6, matchCount=25, isActive=true, dateCreated=2026-01-25 18:00:11.242, dateModified=2026-01-25 18:00:11.242) in 2 ms
2026-04-18 10:33:45 INFO  c.a.b.services.CategoryServiceImpl - Getting bucket level for category: Subscription
2026-04-18 10:33:45 INFO  c.a.b.s.TransactionRuleServiceImpl - Transaction rules size: 63
2026-04-18 10:33:45 INFO  c.a.b.w.c.CSVTransactionCategorizationEngine - User rule matched: TransactionRule(id=36, userId=1, categoryName=Groceries, descriptionRule=null, merchantRule=HARMONS, extendedDescriptionRule=null, amountMin=0.0, amountMax=0.0, priority=6, matchCount=39, isActive=true, dateCreated=2026-01-25 18:04:26.198, dateModified=2026-01-25 18:04:26.198) in 1 ms
2026-04-18 10:33:45 INFO  c.a.b.services.CategoryServiceImpl - Getting bucket level for category: Groceries
2026-04-18 10:33:45 INFO  c.a.b.s.TransactionRuleServiceImpl - Transaction rules size: 63
2026-04-18 10:33:45 INFO  c.a.b.w.c.CSVTransactionCategorizationEngine - User rule matched: TransactionRule(id=36, userId=1, categoryName=Groceries, descriptionRule=null, merchantRule=HARMONS, extendedDescriptionRule=null, amountMin=0.0, amountMax=0.0, priority=6, matchCount=39, isActive=true, dateCreated=2026-01-25 18:04:26.198, dateModified=2026-01-25 18:04:26.198) in 1 ms
2026-04-18 10:33:45 INFO  c.a.b.services.CategoryServiceImpl - Getting bucket level for category: Groceries
2026-04-18 10:33:45 INFO  c.a.b.s.TransactionRuleServiceImpl - Transaction rules size: 63
2026-04-18 10:33:45 INFO  c.a.b.w.c.CSVTransactionCategorizationEngine - User rule matched: TransactionRule(id=19, userId=1, categoryName=Payment, descriptionRule=null, merchantRule=AFFIRM, extendedDescriptionRule=null, amountMin=0.0, amountMax=0.0, priority=6, matchCount=29, isActive=true, dateCreated=2026-01-24 18:47:27.05, dateModified=2026-01-24 18:47:27.05) in 2 ms
2026-04-18 10:33:45 INFO  c.a.b.services.CategoryServiceImpl - Getting bucket level for category: Payment
2026-04-18 10:33:45 INFO  c.a.b.s.TransactionRuleServiceImpl - Transaction rules size: 63
2026-04-18 10:33:45 INFO  c.a.b.w.c.CSVTransactionCategorizationEngine - User rule matched: TransactionRule(id=3, userId=1, categoryName=Groceries, descriptionRule=null, merchantRule=WINCO FOODS, extendedDescriptionRule=null, amountMin=0.0, amountMax=0.0, priority=6, matchCount=33, isActive=true, dateCreated=2026-01-24 18:09:29.996, dateModified=2026-01-24 18:09:29.996) in 2 ms
2026-04-18 10:33:45 INFO  c.a.b.services.CategoryServiceImpl - Getting bucket level for category: Groceries
2026-04-18 10:33:45 INFO  c.a.b.s.TransactionRuleServiceImpl - Transaction rules size: 63
2026-04-18 10:33:45 WARN  c.a.b.services.CategoryServiceImpl - No category type found for category 'Uncategorized', defaulting to VARIABLE
2026-04-18 10:33:45 INFO  c.a.b.services.CategoryServiceImpl - Getting bucket level for category: Uncategorized
2026-04-18 10:33:45 WARN  c.a.b.services.CategoryServiceImpl - No bucket level found for category: Uncategorized
2026-04-18 10:33:45 INFO  c.a.b.s.TransactionRuleServiceImpl - Transaction rules size: 63
2026-04-18 10:33:45 INFO  c.a.b.w.c.CSVTransactionCategorizationEngine - User rule matched: TransactionRule(id=30, userId=1, categoryName=Other, descriptionRule=null, merchantRule=WALGREENS, extendedDescriptionRule=null, amountMin=0.0, amountMax=0.0, priority=6, matchCount=17, isActive=true, dateCreated=2026-01-25 18:02:42.747, dateModified=2026-01-25 18:02:42.747) in 1 ms
2026-04-18 10:33:45 INFO  c.a.b.services.CategoryServiceImpl - Getting bucket level for category: Other
2026-04-18 10:33:45 INFO  c.a.b.s.TransactionRuleServiceImpl - Transaction rules size: 63
2026-04-18 10:33:45 INFO  c.a.b.w.c.CSVTransactionCategorizationEngine - User rule matched: TransactionRule(id=29, userId=1, categoryName=Groceries, descriptionRule=null, merchantRule=SMITHS, extendedDescriptionRule=null, amountMin=0.0, amountMax=0.0, priority=6, matchCount=24, isActive=true, dateCreated=2026-01-25 18:01:31.42, dateModified=2026-01-25 18:01:31.42) in 2 ms
2026-04-18 10:33:45 INFO  c.a.b.services.CategoryServiceImpl - Getting bucket level for category: Groceries
2026-04-18 10:33:45 INFO  c.a.b.s.TransactionRuleServiceImpl - Transaction rules size: 63
2026-04-18 10:33:45 INFO  c.a.b.w.c.CSVTransactionCategorizationEngine - User rule matched: TransactionRule(id=34, userId=1, categoryName=Groceries, descriptionRule=null, merchantRule=WM SUPERCENTER, extendedDescriptionRule=null, amountMin=0.0, amountMax=0.0, priority=6, matchCount=30, isActive=true, dateCreated=2026-01-25 18:03:39.418, dateModified=2026-01-25 18:03:39.418) in 2 ms
2026-04-18 10:33:45 INFO  c.a.b.services.CategoryServiceImpl - Getting bucket level for category: Groceries
2026-04-18 10:33:45 INFO  c.a.b.s.TransactionRuleServiceImpl - Transaction rules size: 63
2026-04-18 10:33:45 INFO  c.a.b.w.c.CSVTransactionCategorizationEngine - User rule matched: TransactionRule(id=3, userId=1, categoryName=Groceries, descriptionRule=null, merchantRule=WINCO FOODS, extendedDescriptionRule=null, amountMin=0.0, amountMax=0.0, priority=6, matchCount=33, isActive=true, dateCreated=2026-01-24 18:09:29.996, dateModified=2026-01-24 18:09:29.996) in 1 ms
2026-04-18 10:33:45 INFO  c.a.b.services.CategoryServiceImpl - Getting bucket level for category: Groceries
2026-04-18 10:33:45 INFO  c.a.b.s.TransactionRuleServiceImpl - Transaction rules size: 63
2026-04-18 10:33:45 INFO  c.a.b.w.c.CSVTransactionCategorizationEngine - User rule matched: TransactionRule(id=16, userId=1, categoryName=Order Out, descriptionRule=null, merchantRule=THE BREAK SPORTS, extendedDescriptionRule=null, amountMin=0.0, amountMax=0.0, priority=6, matchCount=18, isActive=true, dateCreated=2026-01-24 18:46:11.873, dateModified=2026-01-24 18:46:11.873) in 1 ms
2026-04-18 10:33:45 INFO  c.a.b.services.CategoryServiceImpl - Getting bucket level for category: Order Out
2026-04-18 10:33:45 INFO  c.a.b.s.TransactionRuleServiceImpl - Transaction rules size: 63
2026-04-18 10:33:45 INFO  c.a.b.w.c.CSVTransactionCategorizationEngine - User rule matched: TransactionRule(id=11, userId=1, categoryName=Gas, descriptionRule=null, merchantRule=MAVERIK, extendedDescriptionRule=null, amountMin=0.0, amountMax=0.0, priority=6, matchCount=31, isActive=true, dateCreated=2026-01-24 18:41:41.685, dateModified=2026-01-24 18:41:41.685) in 1 ms
2026-04-18 10:33:45 INFO  c.a.b.services.CategoryServiceImpl - Getting bucket level for category: Gas
2026-04-18 10:33:45 INFO  c.a.b.s.TransactionRuleServiceImpl - Transaction rules size: 63
2026-04-18 10:33:45 INFO  c.a.b.w.c.CSVTransactionCategorizationEngine - User rule matched: TransactionRule(id=46, userId=1, categoryName=Subscription, descriptionRule=null, merchantRule=MICROSOFT, extendedDescriptionRule=null, amountMin=0.0, amountMax=0.0, priority=6, matchCount=27, isActive=true, dateCreated=2026-02-27 07:57:00.016, dateModified=2026-02-27 07:57:00.016) in 1 ms
2026-04-18 10:33:45 INFO  c.a.b.services.CategoryServiceImpl - Getting bucket level for category: Subscription
2026-04-18 10:33:45 INFO  c.a.b.s.TransactionRuleServiceImpl - Transaction rules size: 63
2026-04-18 10:33:45 INFO  c.a.b.w.c.CSVTransactionCategorizationEngine - User rule matched: TransactionRule(id=18, userId=1, categoryName=Insurance, descriptionRule=null, merchantRule=STATE FARM, extendedDescriptionRule=null, amountMin=0.0, amountMax=0.0, priority=6, matchCount=20, isActive=true, dateCreated=2026-01-24 18:47:06.652, dateModified=2026-01-24 18:47:06.652) in 2 ms
2026-04-18 10:33:45 INFO  c.a.b.services.CategoryServiceImpl - Getting bucket level for category: Insurance
2026-04-18 10:33:45 INFO  c.a.b.s.TransactionRuleServiceImpl - Transaction rules size: 63
2026-04-18 10:33:45 INFO  c.a.b.w.c.CSVTransactionCategorizationEngine - User rule matched: TransactionRule(id=2, userId=1, categoryName=Order Out, descriptionRule=null, merchantRule=PANDA EXPRESS, extendedDescriptionRule=null, amountMin=0.0, amountMax=0.0, priority=6, matchCount=31, isActive=true, dateCreated=null, dateModified=null) in 2 ms
2026-04-18 10:33:45 INFO  c.a.b.services.CategoryServiceImpl - Getting bucket level for category: Order Out
2026-04-18 10:33:45 INFO  c.a.b.s.TransactionRuleServiceImpl - Transaction rules size: 63
2026-04-18 10:33:45 INFO  c.a.b.w.c.CSVTransactionCategorizationEngine - User rule matched: TransactionRule(id=2, userId=1, categoryName=Order Out, descriptionRule=null, merchantRule=PANDA EXPRESS, extendedDescriptionRule=null, amountMin=0.0, amountMax=0.0, priority=6, matchCount=31, isActive=true, dateCreated=null, dateModified=null) in 1 ms
2026-04-18 10:33:45 INFO  c.a.b.services.CategoryServiceImpl - Getting bucket level for category: Order Out
2026-04-18 10:33:45 INFO  c.a.b.s.TransactionRuleServiceImpl - Transaction rules size: 63
2026-04-18 10:33:45 INFO  c.a.b.w.c.CSVTransactionCategorizationEngine - User rule matched: TransactionRule(id=33, userId=1, categoryName=Haircut, descriptionRule=null, merchantRule=1993 GREAT, extendedDescriptionRule=null, amountMin=0.0, amountMax=0.0, priority=6, matchCount=17, isActive=true, dateCreated=2026-01-25 18:03:28.474, dateModified=2026-01-25 18:03:28.474) in 1 ms
2026-04-18 10:33:45 INFO  c.a.b.services.CategoryServiceImpl - Getting bucket level for category: Haircut
2026-04-18 10:33:45 INFO  c.a.b.s.TransactionRuleServiceImpl - Transaction rules size: 63
2026-04-18 10:33:45 WARN  c.a.b.services.CategoryServiceImpl - No category type found for category 'Uncategorized', defaulting to VARIABLE
2026-04-18 10:33:45 INFO  c.a.b.services.CategoryServiceImpl - Getting bucket level for category: Uncategorized
2026-04-18 10:33:45 WARN  c.a.b.services.CategoryServiceImpl - No bucket level found for category: Uncategorized
2026-04-18 10:33:45 INFO  c.a.b.s.TransactionRuleServiceImpl - Transaction rules size: 63
2026-04-18 10:33:45 INFO  c.a.b.w.c.CSVTransactionCategorizationEngine - User rule matched: TransactionRule(id=2, userId=1, categoryName=Order Out, descriptionRule=null, merchantRule=PANDA EXPRESS, extendedDescriptionRule=null, amountMin=0.0, amountMax=0.0, priority=6, matchCount=31, isActive=true, dateCreated=null, dateModified=null) in 1 ms
2026-04-18 10:33:45 INFO  c.a.b.services.CategoryServiceImpl - Getting bucket level for category: Order Out
2026-04-18 10:33:45 INFO  c.a.b.s.TransactionRuleServiceImpl - Transaction rules size: 63
2026-04-18 10:33:45 INFO  c.a.b.w.c.CSVTransactionCategorizationEngine - User rule matched: TransactionRule(id=22, userId=1, categoryName=Income, descriptionRule=null, merchantRule=L3 TECHNOLOGIES, extendedDescriptionRule=null, amountMin=0.0, amountMax=0.0, priority=6, matchCount=39, isActive=true, dateCreated=2026-01-25 17:59:40.05, dateModified=2026-01-25 17:59:40.05) in 2 ms
2026-04-18 10:33:45 INFO  c.a.b.services.CategoryServiceImpl - Getting bucket level for category: Income
2026-04-18 10:33:45 INFO  c.a.b.s.TransactionRuleServiceImpl - Transaction rules size: 63
2026-04-18 10:33:45 INFO  c.a.b.w.c.CSVTransactionCategorizationEngine - User rule matched: TransactionRule(id=3, userId=1, categoryName=Groceries, descriptionRule=null, merchantRule=WINCO FOODS, extendedDescriptionRule=null, amountMin=0.0, amountMax=0.0, priority=6, matchCount=33, isActive=true, dateCreated=2026-01-24 18:09:29.996, dateModified=2026-01-24 18:09:29.996) in 1 ms
2026-04-18 10:33:45 INFO  c.a.b.services.CategoryServiceImpl - Getting bucket level for category: Groceries
2026-04-18 10:33:45 INFO  c.a.b.s.TransactionRuleServiceImpl - Transaction rules size: 63
2026-04-18 10:33:45 WARN  c.a.b.services.CategoryServiceImpl - No category type found for category 'Uncategorized', defaulting to VARIABLE
2026-04-18 10:33:45 INFO  c.a.b.services.CategoryServiceImpl - Getting bucket level for category: Uncategorized
2026-04-18 10:33:45 WARN  c.a.b.services.CategoryServiceImpl - No bucket level found for category: Uncategorized
2026-04-18 10:33:45 INFO  c.a.b.s.TransactionRuleServiceImpl - Transaction rules size: 63
2026-04-18 10:33:45 INFO  c.a.b.w.c.CSVTransactionCategorizationEngine - User rule matched: TransactionRule(id=29, userId=1, categoryName=Groceries, descriptionRule=null, merchantRule=SMITHS, extendedDescriptionRule=null, amountMin=0.0, amountMax=0.0, priority=6, matchCount=24, isActive=true, dateCreated=2026-01-25 18:01:31.42, dateModified=2026-01-25 18:01:31.42) in 1 ms
2026-04-18 10:33:45 INFO  c.a.b.services.CategoryServiceImpl - Getting bucket level for category: Groceries
2026-04-18 10:33:45 INFO  c.a.b.s.TransactionRuleServiceImpl - Transaction rules size: 63
2026-04-18 10:33:45 INFO  c.a.b.w.c.CSVTransactionCategorizationEngine - User rule matched: TransactionRule(id=34, userId=1, categoryName=Groceries, descriptionRule=null, merchantRule=WM SUPERCENTER, extendedDescriptionRule=null, amountMin=0.0, amountMax=0.0, priority=6, matchCount=30, isActive=true, dateCreated=2026-01-25 18:03:39.418, dateModified=2026-01-25 18:03:39.418) in 1 ms
2026-04-18 10:33:45 INFO  c.a.b.services.CategoryServiceImpl - Getting bucket level for category: Groceries
2026-04-18 10:33:45 INFO  c.a.b.s.TransactionRuleServiceImpl - Transaction rules size: 63
2026-04-18 10:33:45 INFO  c.a.b.w.c.CSVTransactionCategorizationEngine - User rule matched: TransactionRule(id=4, userId=1, categoryName=Groceries, descriptionRule=null, merchantRule=WAL-MART, extendedDescriptionRule=null, amountMin=0.0, amountMax=0.0, priority=6, matchCount=18, isActive=true, dateCreated=2026-01-24 18:13:04.574, dateModified=2026-01-24 18:13:04.574) in 0 ms
2026-04-18 10:33:45 INFO  c.a.b.services.CategoryServiceImpl - Getting bucket level for category: Groceries
2026-04-18 10:33:45 INFO  c.a.b.s.TransactionRuleServiceImpl - Transaction rules size: 63
2026-04-18 10:33:45 INFO  c.a.b.w.c.CSVTransactionCategorizationEngine - User rule matched: TransactionRule(id=7, userId=1, categoryName=Subscription, descriptionRule=null, merchantRule=APPLE, extendedDescriptionRule=null, amountMin=0.0, amountMax=0.0, priority=6, matchCount=32, isActive=true, dateCreated=2026-01-24 18:17:00.99, dateModified=2026-01-24 18:17:00.99) in 1 ms
2026-04-18 10:33:45 INFO  c.a.b.services.CategoryServiceImpl - Getting bucket level for category: Subscription
2026-04-18 10:33:45 INFO  c.a.b.s.TransactionRuleServiceImpl - Transaction rules size: 63
2026-04-18 10:33:45 INFO  c.a.b.w.c.CSVTransactionCategorizationEngine - User rule matched: TransactionRule(id=11, userId=1, categoryName=Gas, descriptionRule=null, merchantRule=MAVERIK, extendedDescriptionRule=null, amountMin=0.0, amountMax=0.0, priority=6, matchCount=31, isActive=true, dateCreated=2026-01-24 18:41:41.685, dateModified=2026-01-24 18:41:41.685) in 1 ms
2026-04-18 10:33:45 INFO  c.a.b.services.CategoryServiceImpl - Getting bucket level for category: Gas
2026-04-18 10:33:45 INFO  c.a.b.s.TransactionRuleServiceImpl - Transaction rules size: 63
2026-04-18 10:33:45 INFO  c.a.b.w.c.CSVTransactionCategorizationEngine - User rule matched: TransactionRule(id=16, userId=1, categoryName=Order Out, descriptionRule=null, merchantRule=THE BREAK SPORTS, extendedDescriptionRule=null, amountMin=0.0, amountMax=0.0, priority=6, matchCount=18, isActive=true, dateCreated=2026-01-24 18:46:11.873, dateModified=2026-01-24 18:46:11.873) in 1 ms
2026-04-18 10:33:45 INFO  c.a.b.services.CategoryServiceImpl - Getting bucket level for category: Order Out
2026-04-18 10:33:45 INFO  c.a.b.s.TransactionRuleServiceImpl - Transaction rules size: 63
2026-04-18 10:33:45 WARN  c.a.b.services.CategoryServiceImpl - No category type found for category 'Uncategorized', defaulting to VARIABLE
2026-04-18 10:33:45 INFO  c.a.b.services.CategoryServiceImpl - Getting bucket level for category: Uncategorized
2026-04-18 10:33:45 WARN  c.a.b.services.CategoryServiceImpl - No bucket level found for category: Uncategorized
2026-04-18 10:33:45 INFO  c.a.b.s.TransactionRuleServiceImpl - Transaction rules size: 63
2026-04-18 10:33:45 INFO  c.a.b.w.c.CSVTransactionCategorizationEngine - User rule matched: TransactionRule(id=26, userId=1, categoryName=Subscription, descriptionRule=null, merchantRule=JETBRAINS, extendedDescriptionRule=null, amountMin=0.0, amountMax=0.0, priority=6, matchCount=30, isActive=true, dateCreated=2026-01-25 18:00:37.014, dateModified=2026-01-25 18:00:37.014) in 3 ms
2026-04-18 10:33:45 INFO  c.a.b.services.CategoryServiceImpl - Getting bucket level for category: Subscription
2026-04-18 10:33:45 INFO  c.a.b.s.TransactionRuleServiceImpl - Transaction rules size: 63
2026-04-18 10:33:45 INFO  c.a.b.w.c.CSVTransactionCategorizationEngine - User rule matched: TransactionRule(id=7, userId=1, categoryName=Subscription, descriptionRule=null, merchantRule=APPLE, extendedDescriptionRule=null, amountMin=0.0, amountMax=0.0, priority=6, matchCount=32, isActive=true, dateCreated=2026-01-24 18:17:00.99, dateModified=2026-01-24 18:17:00.99) in 2 ms
2026-04-18 10:33:45 INFO  c.a.b.services.CategoryServiceImpl - Getting bucket level for category: Subscription
2026-04-18 10:33:45 INFO  c.a.b.s.TransactionRuleServiceImpl - Transaction rules size: 63
2026-04-18 10:33:45 INFO  c.a.b.w.c.CSVTransactionCategorizationEngine - User rule matched: TransactionRule(id=14, userId=1, categoryName=Electric, descriptionRule=null, merchantRule=ROCKYMTN/PACIFIC, extendedDescriptionRule=null, amountMin=0.0, amountMax=0.0, priority=6, matchCount=20, isActive=true, dateCreated=2026-01-24 18:45:00.534, dateModified=2026-01-24 18:45:00.534) in 1 ms
2026-04-18 10:33:45 INFO  c.a.b.services.CategoryServiceImpl - Getting bucket level for category: Electric
2026-04-18 10:33:45 INFO  c.a.b.s.TransactionRuleServiceImpl - Transaction rules size: 63
2026-04-18 10:33:45 INFO  c.a.b.w.c.CSVTransactionCategorizationEngine - User rule matched: TransactionRule(id=20, userId=1, categoryName=Payment, descriptionRule=null, merchantRule=PAYPAL, extendedDescriptionRule=null, amountMin=0.0, amountMax=0.0, priority=6, matchCount=20, isActive=true, dateCreated=2026-01-24 18:47:40.296, dateModified=2026-01-24 18:47:40.296) in 1 ms
2026-04-18 10:33:45 INFO  c.a.b.services.CategoryServiceImpl - Getting bucket level for category: Payment
2026-04-18 10:33:45 INFO  c.a.b.s.TransactionRuleServiceImpl - Transaction rules size: 63
2026-04-18 10:33:45 INFO  c.a.b.w.c.CSVTransactionCategorizationEngine - User rule matched: TransactionRule(id=19, userId=1, categoryName=Payment, descriptionRule=null, merchantRule=AFFIRM, extendedDescriptionRule=null, amountMin=0.0, amountMax=0.0, priority=6, matchCount=29, isActive=true, dateCreated=2026-01-24 18:47:27.05, dateModified=2026-01-24 18:47:27.05) in 1 ms
2026-04-18 10:33:45 INFO  c.a.b.services.CategoryServiceImpl - Getting bucket level for category: Payment
2026-04-18 10:33:45 INFO  c.a.b.s.TransactionRuleServiceImpl - Transaction rules size: 63
2026-04-18 10:33:45 INFO  c.a.b.w.c.CSVTransactionCategorizationEngine - User rule matched: TransactionRule(id=7, userId=1, categoryName=Subscription, descriptionRule=null, merchantRule=APPLE, extendedDescriptionRule=null, amountMin=0.0, amountMax=0.0, priority=6, matchCount=32, isActive=true, dateCreated=2026-01-24 18:17:00.99, dateModified=2026-01-24 18:17:00.99) in 1 ms
2026-04-18 10:33:45 INFO  c.a.b.services.CategoryServiceImpl - Getting bucket level for category: Subscription
2026-04-18 10:33:45 INFO  c.a.b.s.TransactionRuleServiceImpl - Transaction rules size: 63
2026-04-18 10:33:45 INFO  c.a.b.w.c.CSVTransactionCategorizationEngine - User rule matched: TransactionRule(id=36, userId=1, categoryName=Groceries, descriptionRule=null, merchantRule=HARMONS, extendedDescriptionRule=null, amountMin=0.0, amountMax=0.0, priority=6, matchCount=39, isActive=true, dateCreated=2026-01-25 18:04:26.198, dateModified=2026-01-25 18:04:26.198) in 1 ms
2026-04-18 10:33:45 INFO  c.a.b.services.CategoryServiceImpl - Getting bucket level for category: Groceries
2026-04-18 10:33:45 INFO  c.a.b.w.runner.CategoryRunner - Transaction Categories: [TransactionCategory(id=null, transactionId=null, csvTransactionId=375, subBudgetId=10, category=Uncategorized, categorizedBy=SYSTEM, categorizedDate=2026-04-18, isCategorized=false, isUpdated=false, categoryPriorityLevel=LEVEL_0, categoryExpenseType=VARIABLE, transactionCategoryStatus=null, createdAt=2026-04-18T10:33:45.480179600), TransactionCategory(id=null, transactionId=null, csvTransactionId=376, subBudgetId=10, category=Subscription, categorizedBy=USER, categorizedDate=2026-04-18, isCategorized=false, isUpdated=false, categoryPriorityLevel=LEVEL_4, categoryExpenseType=VARIABLE, transactionCategoryStatus=null, createdAt=2026-04-18T10:33:45.516723900), TransactionCategory(id=null, transactionId=null, csvTransactionId=377, subBudgetId=10, category=Groceries, categorizedBy=USER, categorizedDate=2026-04-18, isCategorized=false, isUpdated=false, categoryPriorityLevel=LEVEL_2, categoryExpenseType=VARIABLE, transactionCategoryStatus=null, createdAt=2026-04-18T10:33:45.529241700), TransactionCategory(id=null, transactionId=null, csvTransactionId=378, subBudgetId=10, category=Payment, categorizedBy=USER, categorizedDate=2026-04-18, isCategorized=false, isUpdated=false, categoryPriorityLevel=LEVEL_5, categoryExpenseType=VARIABLE, transactionCategoryStatus=null, createdAt=2026-04-18T10:33:45.537752500), TransactionCategory(id=null, transactionId=null, csvTransactionId=379, subBudgetId=10, category=Order Out, categorizedBy=USER, categorizedDate=2026-04-18, isCategorized=false, isUpdated=false, categoryPriorityLevel=LEVEL_4, categoryExpenseType=VARIABLE, transactionCategoryStatus=null, createdAt=2026-04-18T10:33:45.544750600), TransactionCategory(id=null, transactionId=null, csvTransactionId=380, subBudgetId=10, category=Uncategorized, categorizedBy=SYSTEM, categorizedDate=2026-04-18, isCategorized=false, isUpdated=false, categoryPriorityLevel=LEVEL_0, categoryExpenseType=VARIABLE, transactionCategoryStatus=null, createdAt=2026-04-18T10:33:45.549261400), TransactionCategory(id=null, transactionId=null, csvTransactionId=381, subBudgetId=10, category=Utilities, categorizedBy=USER, categorizedDate=2026-04-18, isCategorized=false, isUpdated=false, categoryPriorityLevel=LEVEL_1, categoryExpenseType=FIXED, transactionCategoryStatus=null, createdAt=2026-04-18T10:33:45.557770200), TransactionCategory(id=null, transactionId=null, csvTransactionId=382, subBudgetId=10, category=Other, categorizedBy=USER, categorizedDate=2026-04-18, isCategorized=false, isUpdated=false, categoryPriorityLevel=LEVEL_4, categoryExpenseType=VARIABLE, transactionCategoryStatus=null, createdAt=2026-04-18T10:33:45.566279500), TransactionCategory(id=null, transactionId=null, csvTransactionId=383, subBudgetId=10, category=Groceries, categorizedBy=USER, categorizedDate=2026-04-18, isCategorized=false, isUpdated=false, categoryPriorityLevel=LEVEL_2, categoryExpenseType=VARIABLE, transactionCategoryStatus=null, createdAt=2026-04-18T10:33:45.572788400), TransactionCategory(id=null, transactionId=null, csvTransactionId=384, subBudgetId=10, category=Uncategorized, categorizedBy=SYSTEM, categorizedDate=2026-04-18, isCategorized=false, isUpdated=false, categoryPriorityLevel=LEVEL_0, categoryExpenseType=VARIABLE, transactionCategoryStatus=null, createdAt=2026-04-18T10:33:45.577296600), TransactionCategory(id=null, transactionId=null, csvTransactionId=385, subBudgetId=10, category=Groceries, categorizedBy=USER, categorizedDate=2026-04-18, isCategorized=false, isUpdated=false, categoryPriorityLevel=LEVEL_2, categoryExpenseType=VARIABLE, transactionCategoryStatus=null, createdAt=2026-04-18T10:33:45.583806500), TransactionCategory(id=null, transactionId=null, csvTransactionId=386, subBudgetId=10, category=Groceries, categorizedBy=USER, categorizedDate=2026-04-18, isCategorized=false, isUpdated=false, categoryPriorityLevel=LEVEL_2, categoryExpenseType=VARIABLE, transactionCategoryStatus=null, createdAt=2026-04-18T10:33:45.589816600), TransactionCategory(id=null, transactionId=null, csvTransactionId=387, subBudgetId=10, category=Groceries, categorizedBy=USER, categorizedDate=2026-04-18, isCategorized=false, isUpdated=false, categoryPriorityLevel=LEVEL_2, categoryExpenseType=VARIABLE, transactionCategoryStatus=null, createdAt=2026-04-18T10:33:45.598327300), TransactionCategory(id=null, transactionId=null, csvTransactionId=388, subBudgetId=10, category=Groceries, categorizedBy=USER, categorizedDate=2026-04-18, isCategorized=false, isUpdated=false, categoryPriorityLevel=LEVEL_2, categoryExpenseType=VARIABLE, transactionCategoryStatus=null, createdAt=2026-04-18T10:33:45.604837700), TransactionCategory(id=null, transactionId=null, csvTransactionId=389, subBudgetId=10, category=Order Out, categorizedBy=USER, categorizedDate=2026-04-18, isCategorized=false, isUpdated=false, categoryPriorityLevel=LEVEL_4, categoryExpenseType=VARIABLE, transactionCategoryStatus=null, createdAt=2026-04-18T10:33:45.610347500), TransactionCategory(id=null, transactionId=null, csvTransactionId=390, subBudgetId=10, category=Order Out, categorizedBy=USER, categorizedDate=2026-04-18, isCategorized=false, isUpdated=false, categoryPriorityLevel=LEVEL_4, categoryExpenseType=VARIABLE, transactionCategoryStatus=null, createdAt=2026-04-18T10:33:45.618846900), TransactionCategory(id=null, transactionId=null, csvTransactionId=391, subBudgetId=10, category=Subscription, categorizedBy=USER, categorizedDate=2026-04-18, isCategorized=false, isUpdated=false, categoryPriorityLevel=LEVEL_4, categoryExpenseType=VARIABLE, transactionCategoryStatus=null, createdAt=2026-04-18T10:33:45.628364400), TransactionCategory(id=null, transactionId=null, csvTransactionId=392, subBudgetId=10, category=Subscription, categorizedBy=USER, categorizedDate=2026-04-18, isCategorized=false, isUpdated=false, categoryPriorityLevel=LEVEL_4, categoryExpenseType=VARIABLE, transactionCategoryStatus=null, createdAt=2026-04-18T10:33:45.633874600), TransactionCategory(id=null, transactionId=null, csvTransactionId=393, subBudgetId=10, category=Payment, categorizedBy=USER, categorizedDate=2026-04-18, isCategorized=false, isUpdated=false, categoryPriorityLevel=LEVEL_5, categoryExpenseType=VARIABLE, transactionCategoryStatus=null, createdAt=2026-04-18T10:33:45.639875400), TransactionCategory(id=null, transactionId=null, csvTransactionId=394, subBudgetId=10, category=Order Out, categorizedBy=USER, categorizedDate=2026-04-18, isCategorized=false, isUpdated=false, categoryPriorityLevel=LEVEL_4, categoryExpenseType=VARIABLE, transactionCategoryStatus=null, createdAt=2026-04-18T10:33:45.646693300), TransactionCategory(id=null, transactionId=null, csvTransactionId=395, subBudgetId=10, category=Order Out, categorizedBy=USER, categorizedDate=2026-04-18, isCategorized=false, isUpdated=false, categoryPriorityLevel=LEVEL_4, categoryExpenseType=VARIABLE, transactionCategoryStatus=null, createdAt=2026-04-18T10:33:45.653203900), TransactionCategory(id=null, transactionId=null, csvTransactionId=396, subBudgetId=10, category=Gas, categorizedBy=USER, categorizedDate=2026-04-18, isCategorized=false, isUpdated=false, categoryPriorityLevel=LEVEL_2, categoryExpenseType=VARIABLE, transactionCategoryStatus=null, createdAt=2026-04-18T10:33:45.658707100), TransactionCategory(id=null, transactionId=null, csvTransactionId=397, subBudgetId=10, category=Groceries, categorizedBy=USER, categorizedDate=2026-04-18, isCategorized=false, isUpdated=false, categoryPriorityLevel=LEVEL_2, categoryExpenseType=VARIABLE, transactionCategoryStatus=null, createdAt=2026-04-18T10:33:45.663207900), TransactionCategory(id=null, transactionId=null, csvTransactionId=398, subBudgetId=10, category=Groceries, categorizedBy=USER, categorizedDate=2026-04-18, isCategorized=false, isUpdated=false, categoryPriorityLevel=LEVEL_2, categoryExpenseType=VARIABLE, transactionCategoryStatus=null, createdAt=2026-04-18T10:33:45.667215200), TransactionCategory(id=null, transactionId=null, csvTransactionId=399, subBudgetId=10, category=Uncategorized, categorizedBy=SYSTEM, categorizedDate=2026-04-18, isCategorized=false, isUpdated=false, categoryPriorityLevel=LEVEL_0, categoryExpenseType=VARIABLE, transactionCategoryStatus=null, createdAt=2026-04-18T10:33:45.669725100), TransactionCategory(id=null, transactionId=null, csvTransactionId=400, subBudgetId=10, category=Groceries, categorizedBy=USER, categorizedDate=2026-04-18, isCategorized=false, isUpdated=false, categoryPriorityLevel=LEVEL_2, categoryExpenseType=VARIABLE, transactionCategoryStatus=null, createdAt=2026-04-18T10:33:45.679737500), TransactionCategory(id=null, transactionId=null, csvTransactionId=401, subBudgetId=10, category=Order Out, categorizedBy=USER, categorizedDate=2026-04-18, isCategorized=false, isUpdated=false, categoryPriorityLevel=LEVEL_4, categoryExpenseType=VARIABLE, transactionCategoryStatus=null, createdAt=2026-04-18T10:33:45.686237200), TransactionCategory(id=null, transactionId=null, csvTransactionId=402, subBudgetId=10, category=Uncategorized, categorizedBy=SYSTEM, categorizedDate=2026-04-18, isCategorized=false, isUpdated=false, categoryPriorityLevel=LEVEL_0, categoryExpenseType=VARIABLE, transactionCategoryStatus=null, createdAt=2026-04-18T10:33:45.689745100), TransactionCategory(id=null, transactionId=null, csvTransactionId=403, subBudgetId=10, category=Groceries, categorizedBy=USER, categorizedDate=2026-04-18, isCategorized=false, isUpdated=false, categoryPriorityLevel=LEVEL_2, categoryExpenseType=VARIABLE, transactionCategoryStatus=null, createdAt=2026-04-18T10:33:45.695244800), TransactionCategory(id=null, transactionId=null, csvTransactionId=404, subBudgetId=10, category=Groceries, categorizedBy=USER, categorizedDate=2026-04-18, isCategorized=false, isUpdated=false, categoryPriorityLevel=LEVEL_2, categoryExpenseType=VARIABLE, transactionCategoryStatus=null, createdAt=2026-04-18T10:33:45.700271800), TransactionCategory(id=null, transactionId=null, csvTransactionId=405, subBudgetId=10, category=Order Out, categorizedBy=USER, categorizedDate=2026-04-18, isCategorized=false, isUpdated=false, categoryPriorityLevel=LEVEL_4, categoryExpenseType=VARIABLE, transactionCategoryStatus=null, createdAt=2026-04-18T10:33:45.706272500), TransactionCategory(id=null, transactionId=null, csvTransactionId=406, subBudgetId=10, category=Order Out, categorizedBy=USER, categorizedDate=2026-04-18, isCategorized=false, isUpdated=false, categoryPriorityLevel=LEVEL_4, categoryExpenseType=VARIABLE, transactionCategoryStatus=null, createdAt=2026-04-18T10:33:45.711782700), TransactionCategory(id=null, transactionId=null, csvTransactionId=407, subBudgetId=10, category=Gas, categorizedBy=USER, categorizedDate=2026-04-18, isCategorized=false, isUpdated=false, categoryPriorityLevel=LEVEL_2, categoryExpenseType=VARIABLE, transactionCategoryStatus=null, createdAt=2026-04-18T10:33:45.717280700), TransactionCategory(id=null, transactionId=null, csvTransactionId=408, subBudgetId=10, category=Gas Bill, categorizedBy=USER, categorizedDate=2026-04-18, isCategorized=false, isUpdated=false, categoryPriorityLevel=LEVEL_1, categoryExpenseType=FIXED, transactionCategoryStatus=null, createdAt=2026-04-18T10:33:45.722291100), TransactionCategory(id=null, transactionId=null, csvTransactionId=409, subBudgetId=10, category=Subscription, categorizedBy=USER, categorizedDate=2026-04-18, isCategorized=false, isUpdated=false, categoryPriorityLevel=LEVEL_4, categoryExpenseType=VARIABLE, transactionCategoryStatus=null, createdAt=2026-04-18T10:33:45.727291500), TransactionCategory(id=null, transactionId=null, csvTransactionId=410, subBudgetId=10, category=Payment, categorizedBy=USER, categorizedDate=2026-04-18, isCategorized=false, isUpdated=false, categoryPriorityLevel=LEVEL_5, categoryExpenseType=VARIABLE, transactionCategoryStatus=null, createdAt=2026-04-18T10:33:45.732301200), TransactionCategory(id=null, transactionId=null, csvTransactionId=411, subBudgetId=10, category=Uncategorized, categorizedBy=SYSTEM, categorizedDate=2026-04-18, isCategorized=false, isUpdated=false, categoryPriorityLevel=LEVEL_0, categoryExpenseType=VARIABLE, transactionCategoryStatus=null, createdAt=2026-04-18T10:33:45.734800900), TransactionCategory(id=null, transactionId=null, csvTransactionId=412, subBudgetId=10, category=Subscription, categorizedBy=USER, categorizedDate=2026-04-18, isCategorized=false, isUpdated=false, categoryPriorityLevel=LEVEL_4, categoryExpenseType=VARIABLE, transactionCategoryStatus=null, createdAt=2026-04-18T10:33:45.739300600), TransactionCategory(id=null, transactionId=null, csvTransactionId=413, subBudgetId=10, category=Groceries, categorizedBy=USER, categorizedDate=2026-04-18, isCategorized=false, isUpdated=false, categoryPriorityLevel=LEVEL_2, categoryExpenseType=VARIABLE, transactionCategoryStatus=null, createdAt=2026-04-18T10:33:45.743807200), TransactionCategory(id=null, transactionId=null, csvTransactionId=414, subBudgetId=10, category=Groceries, categorizedBy=USER, categorizedDate=2026-04-18, isCategorized=false, isUpdated=false, categoryPriorityLevel=LEVEL_2, categoryExpenseType=VARIABLE, transactionCategoryStatus=null, createdAt=2026-04-18T10:33:45.749307900), TransactionCategory(id=null, transactionId=null, csvTransactionId=415, subBudgetId=10, category=Payment, categorizedBy=USER, categorizedDate=2026-04-18, isCategorized=false, isUpdated=false, categoryPriorityLevel=LEVEL_5, categoryExpenseType=VARIABLE, transactionCategoryStatus=null, createdAt=2026-04-18T10:33:45.753818500), TransactionCategory(id=null, transactionId=null, csvTransactionId=416, subBudgetId=10, category=Groceries, categorizedBy=USER, categorizedDate=2026-04-18, isCategorized=false, isUpdated=false, categoryPriorityLevel=LEVEL_2, categoryExpenseType=VARIABLE, transactionCategoryStatus=null, createdAt=2026-04-18T10:33:45.758818500), TransactionCategory(id=null, transactionId=null, csvTransactionId=417, subBudgetId=10, category=Uncategorized, categorizedBy=SYSTEM, categorizedDate=2026-04-18, isCategorized=false, isUpdated=false, categoryPriorityLevel=LEVEL_0, categoryExpenseType=VARIABLE, transactionCategoryStatus=null, createdAt=2026-04-18T10:33:45.761825400), TransactionCategory(id=null, transactionId=null, csvTransactionId=418, subBudgetId=10, category=Other, categorizedBy=USER, categorizedDate=2026-04-18, isCategorized=false, isUpdated=false, categoryPriorityLevel=LEVEL_4, categoryExpenseType=VARIABLE, transactionCategoryStatus=null, createdAt=2026-04-18T10:33:45.767826300), TransactionCategory(id=null, transactionId=null, csvTransactionId=419, subBudgetId=10, category=Groceries, categorizedBy=USER, categorizedDate=2026-04-18, isCategorized=false, isUpdated=false, categoryPriorityLevel=LEVEL_2, categoryExpenseType=VARIABLE, transactionCategoryStatus=null, createdAt=2026-04-18T10:33:45.772834100), TransactionCategory(id=null, transactionId=null, csvTransactionId=420, subBudgetId=10, category=Groceries, categorizedBy=USER, categorizedDate=2026-04-18, isCategorized=false, isUpdated=false, categoryPriorityLevel=LEVEL_2, categoryExpenseType=VARIABLE, transactionCategoryStatus=null, createdAt=2026-04-18T10:33:45.778333500), TransactionCategory(id=null, transactionId=null, csvTransactionId=421, subBudgetId=10, category=Groceries, categorizedBy=USER, categorizedDate=2026-04-18, isCategorized=false, isUpdated=false, categoryPriorityLevel=LEVEL_2, categoryExpenseType=VARIABLE, transactionCategoryStatus=null, createdAt=2026-04-18T10:33:45.783340), TransactionCategory(id=null, transactionId=null, csvTransactionId=422, subBudgetId=10, category=Order Out, categorizedBy=USER, categorizedDate=2026-04-18, isCategorized=false, isUpdated=false, categoryPriorityLevel=LEVEL_4, categoryExpenseType=VARIABLE, transactionCategoryStatus=null, createdAt=2026-04-18T10:33:45.787839900), TransactionCategory(id=null, transactionId=null, csvTransactionId=423, subBudgetId=10, category=Gas, categorizedBy=USER, categorizedDate=2026-04-18, isCategorized=false, isUpdated=false, categoryPriorityLevel=LEVEL_2, categoryExpenseType=VARIABLE, transactionCategoryStatus=null, createdAt=2026-04-18T10:33:45.792342800), TransactionCategory(id=null, transactionId=null, csvTransactionId=424, subBudgetId=10, category=Subscription, categorizedBy=USER, categorizedDate=2026-04-18, isCategorized=false, isUpdated=false, categoryPriorityLevel=LEVEL_4, categoryExpenseType=VARIABLE, transactionCategoryStatus=null, createdAt=2026-04-18T10:33:45.796846700), TransactionCategory(id=null, transactionId=null, csvTransactionId=425, subBudgetId=10, category=Insurance, categorizedBy=USER, categorizedDate=2026-04-18, isCategorized=false, isUpdated=false, categoryPriorityLevel=LEVEL_1, categoryExpenseType=FIXED, transactionCategoryStatus=null, createdAt=2026-04-18T10:33:45.801847300), TransactionCategory(id=null, transactionId=null, csvTransactionId=426, subBudgetId=10, category=Order Out, categorizedBy=USER, categorizedDate=2026-04-18, isCategorized=false, isUpdated=false, categoryPriorityLevel=LEVEL_4, categoryExpenseType=VARIABLE, transactionCategoryStatus=null, createdAt=2026-04-18T10:33:45.806356800), TransactionCategory(id=null, transactionId=null, csvTransactionId=427, subBudgetId=10, category=Order Out, categorizedBy=USER, categorizedDate=2026-04-18, isCategorized=false, isUpdated=false, categoryPriorityLevel=LEVEL_4, categoryExpenseType=VARIABLE, transactionCategoryStatus=null, createdAt=2026-04-18T10:33:45.811356800), TransactionCategory(id=null, transactionId=null, csvTransactionId=428, subBudgetId=10, category=Haircut, categorizedBy=USER, categorizedDate=2026-04-18, isCategorized=false, isUpdated=false, categoryPriorityLevel=LEVEL_4, categoryExpenseType=FIXED, transactionCategoryStatus=null, createdAt=2026-04-18T10:33:45.815862100), TransactionCategory(id=null, transactionId=null, csvTransactionId=429, subBudgetId=10, category=Uncategorized, categorizedBy=SYSTEM, categorizedDate=2026-04-18, isCategorized=false, isUpdated=false, categoryPriorityLevel=LEVEL_0, categoryExpenseType=VARIABLE, transactionCategoryStatus=null, createdAt=2026-04-18T10:33:45.818361900), TransactionCategory(id=null, transactionId=null, csvTransactionId=430, subBudgetId=10, category=Order Out, categorizedBy=USER, categorizedDate=2026-04-18, isCategorized=false, isUpdated=false, categoryPriorityLevel=LEVEL_4, categoryExpenseType=VARIABLE, transactionCategoryStatus=null, createdAt=2026-04-18T10:33:45.822862100), TransactionCategory(id=null, transactionId=null, csvTransactionId=431, subBudgetId=10, category=Income, categorizedBy=USER, categorizedDate=2026-04-18, isCategorized=false, isUpdated=false, categoryPriorityLevel=LEVEL_0, categoryExpenseType=FIXED, transactionCategoryStatus=null, createdAt=2026-04-18T10:33:45.826868200), TransactionCategory(id=null, transactionId=null, csvTransactionId=432, subBudgetId=10, category=Groceries, categorizedBy=USER, categorizedDate=2026-04-18, isCategorized=false, isUpdated=false, categoryPriorityLevel=LEVEL_2, categoryExpenseType=VARIABLE, transactionCategoryStatus=null, createdAt=2026-04-18T10:33:45.831367500), TransactionCategory(id=null, transactionId=null, csvTransactionId=433, subBudgetId=10, category=Uncategorized, categorizedBy=SYSTEM, categorizedDate=2026-04-18, isCategorized=false, isUpdated=false, categoryPriorityLevel=LEVEL_0, categoryExpenseType=VARIABLE, transactionCategoryStatus=null, createdAt=2026-04-18T10:33:45.833368300), TransactionCategory(id=null, transactionId=null, csvTransactionId=434, subBudgetId=10, category=Groceries, categorizedBy=USER, categorizedDate=2026-04-18, isCategorized=false, isUpdated=false, categoryPriorityLevel=LEVEL_2, categoryExpenseType=VARIABLE, transactionCategoryStatus=null, createdAt=2026-04-18T10:33:45.838375600), TransactionCategory(id=null, transactionId=null, csvTransactionId=435, subBudgetId=10, category=Groceries, categorizedBy=USER, categorizedDate=2026-04-18, isCategorized=false, isUpdated=false, categoryPriorityLevel=LEVEL_2, categoryExpenseType=VARIABLE, transactionCategoryStatus=null, createdAt=2026-04-18T10:33:45.842375200), TransactionCategory(id=null, transactionId=null, csvTransactionId=436, subBudgetId=10, category=Groceries, categorizedBy=USER, categorizedDate=2026-04-18, isCategorized=false, isUpdated=false, categoryPriorityLevel=LEVEL_2, categoryExpenseType=VARIABLE, transactionCategoryStatus=null, createdAt=2026-04-18T10:33:45.846886700), TransactionCategory(id=null, transactionId=null, csvTransactionId=437, subBudgetId=10, category=Subscription, categorizedBy=USER, categorizedDate=2026-04-18, isCategorized=false, isUpdated=false, categoryPriorityLevel=LEVEL_4, categoryExpenseType=VARIABLE, transactionCategoryStatus=null, createdAt=2026-04-18T10:33:45.850884400), TransactionCategory(id=null, transactionId=null, csvTransactionId=438, subBudgetId=10, category=Gas, categorizedBy=USER, categorizedDate=2026-04-18, isCategorized=false, isUpdated=false, categoryPriorityLevel=LEVEL_2, categoryExpenseType=VARIABLE, transactionCategoryStatus=null, createdAt=2026-04-18T10:33:45.854386900), TransactionCategory(id=null, transactionId=null, csvTransactionId=439, subBudgetId=10, category=Order Out, categorizedBy=USER, categorizedDate=2026-04-18, isCategorized=false, isUpdated=false, categoryPriorityLevel=LEVEL_4, categoryExpenseType=VARIABLE, transactionCategoryStatus=null, createdAt=2026-04-18T10:33:45.859398100), TransactionCategory(id=null, transactionId=null, csvTransactionId=440, subBudgetId=10, category=Uncategorized, categorizedBy=SYSTEM, categorizedDate=2026-04-18, isCategorized=false, isUpdated=false, categoryPriorityLevel=LEVEL_0, categoryExpenseType=VARIABLE, transactionCategoryStatus=null, createdAt=2026-04-18T10:33:45.861897600), TransactionCategory(id=null, transactionId=null, csvTransactionId=441, subBudgetId=10, category=Subscription, categorizedBy=USER, categorizedDate=2026-04-18, isCategorized=false, isUpdated=false, categoryPriorityLevel=LEVEL_4, categoryExpenseType=VARIABLE, transactionCategoryStatus=null, createdAt=2026-04-18T10:33:45.868404), TransactionCategory(id=null, transactionId=null, csvTransactionId=442, subBudgetId=10, category=Subscription, categorizedBy=USER, categorizedDate=2026-04-18, isCategorized=false, isUpdated=false, categoryPriorityLevel=LEVEL_4, categoryExpenseType=VARIABLE, transactionCategoryStatus=null, createdAt=2026-04-18T10:33:45.872403800), TransactionCategory(id=null, transactionId=null, csvTransactionId=443, subBudgetId=10, category=Electric, categorizedBy=USER, categorizedDate=2026-04-18, isCategorized=false, isUpdated=false, categoryPriorityLevel=LEVEL_1, categoryExpenseType=FIXED, transactionCategoryStatus=null, createdAt=2026-04-18T10:33:45.876917100), TransactionCategory(id=null, transactionId=null, csvTransactionId=444, subBudgetId=10, category=Payment, categorizedBy=USER, categorizedDate=2026-04-18, isCategorized=false, isUpdated=false, categoryPriorityLevel=LEVEL_5, categoryExpenseType=VARIABLE, transactionCategoryStatus=null, createdAt=2026-04-18T10:33:45.880913400), TransactionCategory(id=null, transactionId=null, csvTransactionId=445, subBudgetId=10, category=Payment, categorizedBy=USER, categorizedDate=2026-04-18, isCategorized=false, isUpdated=false, categoryPriorityLevel=LEVEL_5, categoryExpenseType=VARIABLE, transactionCategoryStatus=null, createdAt=2026-04-18T10:33:45.885422800), TransactionCategory(id=null, transactionId=null, csvTransactionId=446, subBudgetId=10, category=Subscription, categorizedBy=USER, categorizedDate=2026-04-18, isCategorized=false, isUpdated=false, categoryPriorityLevel=LEVEL_4, categoryExpenseType=VARIABLE, transactionCategoryStatus=null, createdAt=2026-04-18T10:33:45.889429100), TransactionCategory(id=null, transactionId=null, csvTransactionId=447, subBudgetId=10, category=Groceries, categorizedBy=USER, categorizedDate=2026-04-18, isCategorized=false, isUpdated=false, categoryPriorityLevel=LEVEL_2, categoryExpenseType=VARIABLE, transactionCategoryStatus=null, createdAt=2026-04-18T10:33:45.893428900)]
2026-04-18 10:33:45 INFO  c.a.b.w.runner.CategoryRunner - Categorized 73 transactions
2026-04-18 10:33:45 INFO  c.a.b.s.TransactionCategoryServiceImpl - Saving 73 transaction categories
2026-04-18 10:33:45 INFO  c.a.b.w.c.TransactionCategoryToEntityConverter - Converting transaction category model to entity: TransactionCategory(id=null, transactionId=null, csvTransactionId=375, subBudgetId=10, category=Uncategorized, categorizedBy=SYSTEM, categorizedDate=2026-04-18, isCategorized=false, isUpdated=false, categoryPriorityLevel=LEVEL_0, categoryExpenseType=VARIABLE, transactionCategoryStatus=null, createdAt=2026-04-18T10:33:45.480179600)
2026-04-18 10:33:45 INFO  c.a.b.w.c.TransactionCategoryToEntityConverter - Converting transaction category model to entity: TransactionCategory(id=null, transactionId=null, csvTransactionId=376, subBudgetId=10, category=Subscription, categorizedBy=USER, categorizedDate=2026-04-18, isCategorized=false, isUpdated=false, categoryPriorityLevel=LEVEL_4, categoryExpenseType=VARIABLE, transactionCategoryStatus=null, createdAt=2026-04-18T10:33:45.516723900)
2026-04-18 10:33:45 INFO  c.a.b.w.c.TransactionCategoryToEntityConverter - Converting transaction category model to entity: TransactionCategory(id=null, transactionId=null, csvTransactionId=377, subBudgetId=10, category=Groceries, categorizedBy=USER, categorizedDate=2026-04-18, isCategorized=false, isUpdated=false, categoryPriorityLevel=LEVEL_2, categoryExpenseType=VARIABLE, transactionCategoryStatus=null, createdAt=2026-04-18T10:33:45.529241700)
2026-04-18 10:33:45 INFO  c.a.b.w.c.TransactionCategoryToEntityConverter - Converting transaction category model to entity: TransactionCategory(id=null, transactionId=null, csvTransactionId=378, subBudgetId=10, category=Payment, categorizedBy=USER, categorizedDate=2026-04-18, isCategorized=false, isUpdated=false, categoryPriorityLevel=LEVEL_5, categoryExpenseType=VARIABLE, transactionCategoryStatus=null, createdAt=2026-04-18T10:33:45.537752500)
2026-04-18 10:33:45 INFO  c.a.b.w.c.TransactionCategoryToEntityConverter - Converting transaction category model to entity: TransactionCategory(id=null, transactionId=null, csvTransactionId=379, subBudgetId=10, category=Order Out, categorizedBy=USER, categorizedDate=2026-04-18, isCategorized=false, isUpdated=false, categoryPriorityLevel=LEVEL_4, categoryExpenseType=VARIABLE, transactionCategoryStatus=null, createdAt=2026-04-18T10:33:45.544750600)
2026-04-18 10:33:45 INFO  c.a.b.w.c.TransactionCategoryToEntityConverter - Converting transaction category model to entity: TransactionCategory(id=null, transactionId=null, csvTransactionId=380, subBudgetId=10, category=Uncategorized, categorizedBy=SYSTEM, categorizedDate=2026-04-18, isCategorized=false, isUpdated=false, categoryPriorityLevel=LEVEL_0, categoryExpenseType=VARIABLE, transactionCategoryStatus=null, createdAt=2026-04-18T10:33:45.549261400)
2026-04-18 10:33:45 INFO  c.a.b.w.c.TransactionCategoryToEntityConverter - Converting transaction category model to entity: TransactionCategory(id=null, transactionId=null, csvTransactionId=381, subBudgetId=10, category=Utilities, categorizedBy=USER, categorizedDate=2026-04-18, isCategorized=false, isUpdated=false, categoryPriorityLevel=LEVEL_1, categoryExpenseType=FIXED, transactionCategoryStatus=null, createdAt=2026-04-18T10:33:45.557770200)
2026-04-18 10:33:45 INFO  c.a.b.w.c.TransactionCategoryToEntityConverter - Converting transaction category model to entity: TransactionCategory(id=null, transactionId=null, csvTransactionId=382, subBudgetId=10, category=Other, categorizedBy=USER, categorizedDate=2026-04-18, isCategorized=false, isUpdated=false, categoryPriorityLevel=LEVEL_4, categoryExpenseType=VARIABLE, transactionCategoryStatus=null, createdAt=2026-04-18T10:33:45.566279500)
2026-04-18 10:33:45 INFO  c.a.b.w.c.TransactionCategoryToEntityConverter - Converting transaction category model to entity: TransactionCategory(id=null, transactionId=null, csvTransactionId=383, subBudgetId=10, category=Groceries, categorizedBy=USER, categorizedDate=2026-04-18, isCategorized=false, isUpdated=false, categoryPriorityLevel=LEVEL_2, categoryExpenseType=VARIABLE, transactionCategoryStatus=null, createdAt=2026-04-18T10:33:45.572788400)
2026-04-18 10:33:45 INFO  c.a.b.w.c.TransactionCategoryToEntityConverter - Converting transaction category model to entity: TransactionCategory(id=null, transactionId=null, csvTransactionId=384, subBudgetId=10, category=Uncategorized, categorizedBy=SYSTEM, categorizedDate=2026-04-18, isCategorized=false, isUpdated=false, categoryPriorityLevel=LEVEL_0, categoryExpenseType=VARIABLE, transactionCategoryStatus=null, createdAt=2026-04-18T10:33:45.577296600)
2026-04-18 10:33:45 INFO  c.a.b.w.c.TransactionCategoryToEntityConverter - Converting transaction category model to entity: TransactionCategory(id=null, transactionId=null, csvTransactionId=385, subBudgetId=10, category=Groceries, categorizedBy=USER, categorizedDate=2026-04-18, isCategorized=false, isUpdated=false, categoryPriorityLevel=LEVEL_2, categoryExpenseType=VARIABLE, transactionCategoryStatus=null, createdAt=2026-04-18T10:33:45.583806500)
2026-04-18 10:33:45 INFO  c.a.b.w.c.TransactionCategoryToEntityConverter - Converting transaction category model to entity: TransactionCategory(id=null, transactionId=null, csvTransactionId=386, subBudgetId=10, category=Groceries, categorizedBy=USER, categorizedDate=2026-04-18, isCategorized=false, isUpdated=false, categoryPriorityLevel=LEVEL_2, categoryExpenseType=VARIABLE, transactionCategoryStatus=null, createdAt=2026-04-18T10:33:45.589816600)
2026-04-18 10:33:45 INFO  c.a.b.w.c.TransactionCategoryToEntityConverter - Converting transaction category model to entity: TransactionCategory(id=null, transactionId=null, csvTransactionId=387, subBudgetId=10, category=Groceries, categorizedBy=USER, categorizedDate=2026-04-18, isCategorized=false, isUpdated=false, categoryPriorityLevel=LEVEL_2, categoryExpenseType=VARIABLE, transactionCategoryStatus=null, createdAt=2026-04-18T10:33:45.598327300)
2026-04-18 10:33:45 INFO  c.a.b.w.c.TransactionCategoryToEntityConverter - Converting transaction category model to entity: TransactionCategory(id=null, transactionId=null, csvTransactionId=388, subBudgetId=10, category=Groceries, categorizedBy=USER, categorizedDate=2026-04-18, isCategorized=false, isUpdated=false, categoryPriorityLevel=LEVEL_2, categoryExpenseType=VARIABLE, transactionCategoryStatus=null, createdAt=2026-04-18T10:33:45.604837700)
2026-04-18 10:33:45 INFO  c.a.b.w.c.TransactionCategoryToEntityConverter - Converting transaction category model to entity: TransactionCategory(id=null, transactionId=null, csvTransactionId=389, subBudgetId=10, category=Order Out, categorizedBy=USER, categorizedDate=2026-04-18, isCategorized=false, isUpdated=false, categoryPriorityLevel=LEVEL_4, categoryExpenseType=VARIABLE, transactionCategoryStatus=null, createdAt=2026-04-18T10:33:45.610347500)
2026-04-18 10:33:45 INFO  c.a.b.w.c.TransactionCategoryToEntityConverter - Converting transaction category model to entity: TransactionCategory(id=null, transactionId=null, csvTransactionId=390, subBudgetId=10, category=Order Out, categorizedBy=USER, categorizedDate=2026-04-18, isCategorized=false, isUpdated=false, categoryPriorityLevel=LEVEL_4, categoryExpenseType=VARIABLE, transactionCategoryStatus=null, createdAt=2026-04-18T10:33:45.618846900)
2026-04-18 10:33:45 INFO  c.a.b.w.c.TransactionCategoryToEntityConverter - Converting transaction category model to entity: TransactionCategory(id=null, transactionId=null, csvTransactionId=391, subBudgetId=10, category=Subscription, categorizedBy=USER, categorizedDate=2026-04-18, isCategorized=false, isUpdated=false, categoryPriorityLevel=LEVEL_4, categoryExpenseType=VARIABLE, transactionCategoryStatus=null, createdAt=2026-04-18T10:33:45.628364400)
2026-04-18 10:33:45 INFO  c.a.b.w.c.TransactionCategoryToEntityConverter - Converting transaction category model to entity: TransactionCategory(id=null, transactionId=null, csvTransactionId=392, subBudgetId=10, category=Subscription, categorizedBy=USER, categorizedDate=2026-04-18, isCategorized=false, isUpdated=false, categoryPriorityLevel=LEVEL_4, categoryExpenseType=VARIABLE, transactionCategoryStatus=null, createdAt=2026-04-18T10:33:45.633874600)
2026-04-18 10:33:45 INFO  c.a.b.w.c.TransactionCategoryToEntityConverter - Converting transaction category model to entity: TransactionCategory(id=null, transactionId=null, csvTransactionId=393, subBudgetId=10, category=Payment, categorizedBy=USER, categorizedDate=2026-04-18, isCategorized=false, isUpdated=false, categoryPriorityLevel=LEVEL_5, categoryExpenseType=VARIABLE, transactionCategoryStatus=null, createdAt=2026-04-18T10:33:45.639875400)
2026-04-18 10:33:45 INFO  c.a.b.w.c.TransactionCategoryToEntityConverter - Converting transaction category model to entity: TransactionCategory(id=null, transactionId=null, csvTransactionId=394, subBudgetId=10, category=Order Out, categorizedBy=USER, categorizedDate=2026-04-18, isCategorized=false, isUpdated=false, categoryPriorityLevel=LEVEL_4, categoryExpenseType=VARIABLE, transactionCategoryStatus=null, createdAt=2026-04-18T10:33:45.646693300)
2026-04-18 10:33:45 INFO  c.a.b.w.c.TransactionCategoryToEntityConverter - Converting transaction category model to entity: TransactionCategory(id=null, transactionId=null, csvTransactionId=395, subBudgetId=10, category=Order Out, categorizedBy=USER, categorizedDate=2026-04-18, isCategorized=false, isUpdated=false, categoryPriorityLevel=LEVEL_4, categoryExpenseType=VARIABLE, transactionCategoryStatus=null, createdAt=2026-04-18T10:33:45.653203900)
2026-04-18 10:33:45 INFO  c.a.b.w.c.TransactionCategoryToEntityConverter - Converting transaction category model to entity: TransactionCategory(id=null, transactionId=null, csvTransactionId=396, subBudgetId=10, category=Gas, categorizedBy=USER, categorizedDate=2026-04-18, isCategorized=false, isUpdated=false, categoryPriorityLevel=LEVEL_2, categoryExpenseType=VARIABLE, transactionCategoryStatus=null, createdAt=2026-04-18T10:33:45.658707100)
2026-04-18 10:33:45 INFO  c.a.b.w.c.TransactionCategoryToEntityConverter - Converting transaction category model to entity: TransactionCategory(id=null, transactionId=null, csvTransactionId=397, subBudgetId=10, category=Groceries, categorizedBy=USER, categorizedDate=2026-04-18, isCategorized=false, isUpdated=false, categoryPriorityLevel=LEVEL_2, categoryExpenseType=VARIABLE, transactionCategoryStatus=null, createdAt=2026-04-18T10:33:45.663207900)
2026-04-18 10:33:45 INFO  c.a.b.w.c.TransactionCategoryToEntityConverter - Converting transaction category model to entity: TransactionCategory(id=null, transactionId=null, csvTransactionId=398, subBudgetId=10, category=Groceries, categorizedBy=USER, categorizedDate=2026-04-18, isCategorized=false, isUpdated=false, categoryPriorityLevel=LEVEL_2, categoryExpenseType=VARIABLE, transactionCategoryStatus=null, createdAt=2026-04-18T10:33:45.667215200)
2026-04-18 10:33:45 INFO  c.a.b.w.c.TransactionCategoryToEntityConverter - Converting transaction category model to entity: TransactionCategory(id=null, transactionId=null, csvTransactionId=399, subBudgetId=10, category=Uncategorized, categorizedBy=SYSTEM, categorizedDate=2026-04-18, isCategorized=false, isUpdated=false, categoryPriorityLevel=LEVEL_0, categoryExpenseType=VARIABLE, transactionCategoryStatus=null, createdAt=2026-04-18T10:33:45.669725100)
2026-04-18 10:33:45 INFO  c.a.b.w.c.TransactionCategoryToEntityConverter - Converting transaction category model to entity: TransactionCategory(id=null, transactionId=null, csvTransactionId=400, subBudgetId=10, category=Groceries, categorizedBy=USER, categorizedDate=2026-04-18, isCategorized=false, isUpdated=false, categoryPriorityLevel=LEVEL_2, categoryExpenseType=VARIABLE, transactionCategoryStatus=null, createdAt=2026-04-18T10:33:45.679737500)
2026-04-18 10:33:45 INFO  c.a.b.w.c.TransactionCategoryToEntityConverter - Converting transaction category model to entity: TransactionCategory(id=null, transactionId=null, csvTransactionId=401, subBudgetId=10, category=Order Out, categorizedBy=USER, categorizedDate=2026-04-18, isCategorized=false, isUpdated=false, categoryPriorityLevel=LEVEL_4, categoryExpenseType=VARIABLE, transactionCategoryStatus=null, createdAt=2026-04-18T10:33:45.686237200)
2026-04-18 10:33:45 INFO  c.a.b.w.c.TransactionCategoryToEntityConverter - Converting transaction category model to entity: TransactionCategory(id=null, transactionId=null, csvTransactionId=402, subBudgetId=10, category=Uncategorized, categorizedBy=SYSTEM, categorizedDate=2026-04-18, isCategorized=false, isUpdated=false, categoryPriorityLevel=LEVEL_0, categoryExpenseType=VARIABLE, transactionCategoryStatus=null, createdAt=2026-04-18T10:33:45.689745100)
2026-04-18 10:33:45 INFO  c.a.b.w.c.TransactionCategoryToEntityConverter - Converting transaction category model to entity: TransactionCategory(id=null, transactionId=null, csvTransactionId=403, subBudgetId=10, category=Groceries, categorizedBy=USER, categorizedDate=2026-04-18, isCategorized=false, isUpdated=false, categoryPriorityLevel=LEVEL_2, categoryExpenseType=VARIABLE, transactionCategoryStatus=null, createdAt=2026-04-18T10:33:45.695244800)
2026-04-18 10:33:45 INFO  c.a.b.w.c.TransactionCategoryToEntityConverter - Converting transaction category model to entity: TransactionCategory(id=null, transactionId=null, csvTransactionId=404, subBudgetId=10, category=Groceries, categorizedBy=USER, categorizedDate=2026-04-18, isCategorized=false, isUpdated=false, categoryPriorityLevel=LEVEL_2, categoryExpenseType=VARIABLE, transactionCategoryStatus=null, createdAt=2026-04-18T10:33:45.700271800)
2026-04-18 10:33:45 INFO  c.a.b.w.c.TransactionCategoryToEntityConverter - Converting transaction category model to entity: TransactionCategory(id=null, transactionId=null, csvTransactionId=405, subBudgetId=10, category=Order Out, categorizedBy=USER, categorizedDate=2026-04-18, isCategorized=false, isUpdated=false, categoryPriorityLevel=LEVEL_4, categoryExpenseType=VARIABLE, transactionCategoryStatus=null, createdAt=2026-04-18T10:33:45.706272500)
2026-04-18 10:33:45 INFO  c.a.b.w.c.TransactionCategoryToEntityConverter - Converting transaction category model to entity: TransactionCategory(id=null, transactionId=null, csvTransactionId=406, subBudgetId=10, category=Order Out, categorizedBy=USER, categorizedDate=2026-04-18, isCategorized=false, isUpdated=false, categoryPriorityLevel=LEVEL_4, categoryExpenseType=VARIABLE, transactionCategoryStatus=null, createdAt=2026-04-18T10:33:45.711782700)
2026-04-18 10:33:45 INFO  c.a.b.w.c.TransactionCategoryToEntityConverter - Converting transaction category model to entity: TransactionCategory(id=null, transactionId=null, csvTransactionId=407, subBudgetId=10, category=Gas, categorizedBy=USER, categorizedDate=2026-04-18, isCategorized=false, isUpdated=false, categoryPriorityLevel=LEVEL_2, categoryExpenseType=VARIABLE, transactionCategoryStatus=null, createdAt=2026-04-18T10:33:45.717280700)
2026-04-18 10:33:45 INFO  c.a.b.w.c.TransactionCategoryToEntityConverter - Converting transaction category model to entity: TransactionCategory(id=null, transactionId=null, csvTransactionId=408, subBudgetId=10, category=Gas Bill, categorizedBy=USER, categorizedDate=2026-04-18, isCategorized=false, isUpdated=false, categoryPriorityLevel=LEVEL_1, categoryExpenseType=FIXED, transactionCategoryStatus=null, createdAt=2026-04-18T10:33:45.722291100)
2026-04-18 10:33:45 INFO  c.a.b.w.c.TransactionCategoryToEntityConverter - Converting transaction category model to entity: TransactionCategory(id=null, transactionId=null, csvTransactionId=409, subBudgetId=10, category=Subscription, categorizedBy=USER, categorizedDate=2026-04-18, isCategorized=false, isUpdated=false, categoryPriorityLevel=LEVEL_4, categoryExpenseType=VARIABLE, transactionCategoryStatus=null, createdAt=2026-04-18T10:33:45.727291500)
2026-04-18 10:33:45 INFO  c.a.b.w.c.TransactionCategoryToEntityConverter - Converting transaction category model to entity: TransactionCategory(id=null, transactionId=null, csvTransactionId=410, subBudgetId=10, category=Payment, categorizedBy=USER, categorizedDate=2026-04-18, isCategorized=false, isUpdated=false, categoryPriorityLevel=LEVEL_5, categoryExpenseType=VARIABLE, transactionCategoryStatus=null, createdAt=2026-04-18T10:33:45.732301200)
2026-04-18 10:33:45 INFO  c.a.b.w.c.TransactionCategoryToEntityConverter - Converting transaction category model to entity: TransactionCategory(id=null, transactionId=null, csvTransactionId=411, subBudgetId=10, category=Uncategorized, categorizedBy=SYSTEM, categorizedDate=2026-04-18, isCategorized=false, isUpdated=false, categoryPriorityLevel=LEVEL_0, categoryExpenseType=VARIABLE, transactionCategoryStatus=null, createdAt=2026-04-18T10:33:45.734800900)
2026-04-18 10:33:45 INFO  c.a.b.w.c.TransactionCategoryToEntityConverter - Converting transaction category model to entity: TransactionCategory(id=null, transactionId=null, csvTransactionId=412, subBudgetId=10, category=Subscription, categorizedBy=USER, categorizedDate=2026-04-18, isCategorized=false, isUpdated=false, categoryPriorityLevel=LEVEL_4, categoryExpenseType=VARIABLE, transactionCategoryStatus=null, createdAt=2026-04-18T10:33:45.739300600)
2026-04-18 10:33:45 INFO  c.a.b.w.c.TransactionCategoryToEntityConverter - Converting transaction category model to entity: TransactionCategory(id=null, transactionId=null, csvTransactionId=413, subBudgetId=10, category=Groceries, categorizedBy=USER, categorizedDate=2026-04-18, isCategorized=false, isUpdated=false, categoryPriorityLevel=LEVEL_2, categoryExpenseType=VARIABLE, transactionCategoryStatus=null, createdAt=2026-04-18T10:33:45.743807200)
2026-04-18 10:33:45 INFO  c.a.b.w.c.TransactionCategoryToEntityConverter - Converting transaction category model to entity: TransactionCategory(id=null, transactionId=null, csvTransactionId=414, subBudgetId=10, category=Groceries, categorizedBy=USER, categorizedDate=2026-04-18, isCategorized=false, isUpdated=false, categoryPriorityLevel=LEVEL_2, categoryExpenseType=VARIABLE, transactionCategoryStatus=null, createdAt=2026-04-18T10:33:45.749307900)
2026-04-18 10:33:45 INFO  c.a.b.w.c.TransactionCategoryToEntityConverter - Converting transaction category model to entity: TransactionCategory(id=null, transactionId=null, csvTransactionId=415, subBudgetId=10, category=Payment, categorizedBy=USER, categorizedDate=2026-04-18, isCategorized=false, isUpdated=false, categoryPriorityLevel=LEVEL_5, categoryExpenseType=VARIABLE, transactionCategoryStatus=null, createdAt=2026-04-18T10:33:45.753818500)
2026-04-18 10:33:45 INFO  c.a.b.w.c.TransactionCategoryToEntityConverter - Converting transaction category model to entity: TransactionCategory(id=null, transactionId=null, csvTransactionId=416, subBudgetId=10, category=Groceries, categorizedBy=USER, categorizedDate=2026-04-18, isCategorized=false, isUpdated=false, categoryPriorityLevel=LEVEL_2, categoryExpenseType=VARIABLE, transactionCategoryStatus=null, createdAt=2026-04-18T10:33:45.758818500)
2026-04-18 10:33:45 INFO  c.a.b.w.c.TransactionCategoryToEntityConverter - Converting transaction category model to entity: TransactionCategory(id=null, transactionId=null, csvTransactionId=417, subBudgetId=10, category=Uncategorized, categorizedBy=SYSTEM, categorizedDate=2026-04-18, isCategorized=false, isUpdated=false, categoryPriorityLevel=LEVEL_0, categoryExpenseType=VARIABLE, transactionCategoryStatus=null, createdAt=2026-04-18T10:33:45.761825400)
2026-04-18 10:33:45 INFO  c.a.b.w.c.TransactionCategoryToEntityConverter - Converting transaction category model to entity: TransactionCategory(id=null, transactionId=null, csvTransactionId=418, subBudgetId=10, category=Other, categorizedBy=USER, categorizedDate=2026-04-18, isCategorized=false, isUpdated=false, categoryPriorityLevel=LEVEL_4, categoryExpenseType=VARIABLE, transactionCategoryStatus=null, createdAt=2026-04-18T10:33:45.767826300)
2026-04-18 10:33:45 INFO  c.a.b.w.c.TransactionCategoryToEntityConverter - Converting transaction category model to entity: TransactionCategory(id=null, transactionId=null, csvTransactionId=419, subBudgetId=10, category=Groceries, categorizedBy=USER, categorizedDate=2026-04-18, isCategorized=false, isUpdated=false, categoryPriorityLevel=LEVEL_2, categoryExpenseType=VARIABLE, transactionCategoryStatus=null, createdAt=2026-04-18T10:33:45.772834100)
2026-04-18 10:33:45 INFO  c.a.b.w.c.TransactionCategoryToEntityConverter - Converting transaction category model to entity: TransactionCategory(id=null, transactionId=null, csvTransactionId=420, subBudgetId=10, category=Groceries, categorizedBy=USER, categorizedDate=2026-04-18, isCategorized=false, isUpdated=false, categoryPriorityLevel=LEVEL_2, categoryExpenseType=VARIABLE, transactionCategoryStatus=null, createdAt=2026-04-18T10:33:45.778333500)
2026-04-18 10:33:45 INFO  c.a.b.w.c.TransactionCategoryToEntityConverter - Converting transaction category model to entity: TransactionCategory(id=null, transactionId=null, csvTransactionId=421, subBudgetId=10, category=Groceries, categorizedBy=USER, categorizedDate=2026-04-18, isCategorized=false, isUpdated=false, categoryPriorityLevel=LEVEL_2, categoryExpenseType=VARIABLE, transactionCategoryStatus=null, createdAt=2026-04-18T10:33:45.783340)
2026-04-18 10:33:45 INFO  c.a.b.w.c.TransactionCategoryToEntityConverter - Converting transaction category model to entity: TransactionCategory(id=null, transactionId=null, csvTransactionId=422, subBudgetId=10, category=Order Out, categorizedBy=USER, categorizedDate=2026-04-18, isCategorized=false, isUpdated=false, categoryPriorityLevel=LEVEL_4, categoryExpenseType=VARIABLE, transactionCategoryStatus=null, createdAt=2026-04-18T10:33:45.787839900)
2026-04-18 10:33:45 INFO  c.a.b.w.c.TransactionCategoryToEntityConverter - Converting transaction category model to entity: TransactionCategory(id=null, transactionId=null, csvTransactionId=423, subBudgetId=10, category=Gas, categorizedBy=USER, categorizedDate=2026-04-18, isCategorized=false, isUpdated=false, categoryPriorityLevel=LEVEL_2, categoryExpenseType=VARIABLE, transactionCategoryStatus=null, createdAt=2026-04-18T10:33:45.792342800)
2026-04-18 10:33:45 INFO  c.a.b.w.c.TransactionCategoryToEntityConverter - Converting transaction category model to entity: TransactionCategory(id=null, transactionId=null, csvTransactionId=424, subBudgetId=10, category=Subscription, categorizedBy=USER, categorizedDate=2026-04-18, isCategorized=false, isUpdated=false, categoryPriorityLevel=LEVEL_4, categoryExpenseType=VARIABLE, transactionCategoryStatus=null, createdAt=2026-04-18T10:33:45.796846700)
2026-04-18 10:33:45 INFO  c.a.b.w.c.TransactionCategoryToEntityConverter - Converting transaction category model to entity: TransactionCategory(id=null, transactionId=null, csvTransactionId=425, subBudgetId=10, category=Insurance, categorizedBy=USER, categorizedDate=2026-04-18, isCategorized=false, isUpdated=false, categoryPriorityLevel=LEVEL_1, categoryExpenseType=FIXED, transactionCategoryStatus=null, createdAt=2026-04-18T10:33:45.801847300)
2026-04-18 10:33:45 INFO  c.a.b.w.c.TransactionCategoryToEntityConverter - Converting transaction category model to entity: TransactionCategory(id=null, transactionId=null, csvTransactionId=426, subBudgetId=10, category=Order Out, categorizedBy=USER, categorizedDate=2026-04-18, isCategorized=false, isUpdated=false, categoryPriorityLevel=LEVEL_4, categoryExpenseType=VARIABLE, transactionCategoryStatus=null, createdAt=2026-04-18T10:33:45.806356800)
2026-04-18 10:33:45 INFO  c.a.b.w.c.TransactionCategoryToEntityConverter - Converting transaction category model to entity: TransactionCategory(id=null, transactionId=null, csvTransactionId=427, subBudgetId=10, category=Order Out, categorizedBy=USER, categorizedDate=2026-04-18, isCategorized=false, isUpdated=false, categoryPriorityLevel=LEVEL_4, categoryExpenseType=VARIABLE, transactionCategoryStatus=null, createdAt=2026-04-18T10:33:45.811356800)
2026-04-18 10:33:45 INFO  c.a.b.w.c.TransactionCategoryToEntityConverter - Converting transaction category model to entity: TransactionCategory(id=null, transactionId=null, csvTransactionId=428, subBudgetId=10, category=Haircut, categorizedBy=USER, categorizedDate=2026-04-18, isCategorized=false, isUpdated=false, categoryPriorityLevel=LEVEL_4, categoryExpenseType=FIXED, transactionCategoryStatus=null, createdAt=2026-04-18T10:33:45.815862100)
2026-04-18 10:33:45 INFO  c.a.b.w.c.TransactionCategoryToEntityConverter - Converting transaction category model to entity: TransactionCategory(id=null, transactionId=null, csvTransactionId=429, subBudgetId=10, category=Uncategorized, categorizedBy=SYSTEM, categorizedDate=2026-04-18, isCategorized=false, isUpdated=false, categoryPriorityLevel=LEVEL_0, categoryExpenseType=VARIABLE, transactionCategoryStatus=null, createdAt=2026-04-18T10:33:45.818361900)
2026-04-18 10:33:45 INFO  c.a.b.w.c.TransactionCategoryToEntityConverter - Converting transaction category model to entity: TransactionCategory(id=null, transactionId=null, csvTransactionId=430, subBudgetId=10, category=Order Out, categorizedBy=USER, categorizedDate=2026-04-18, isCategorized=false, isUpdated=false, categoryPriorityLevel=LEVEL_4, categoryExpenseType=VARIABLE, transactionCategoryStatus=null, createdAt=2026-04-18T10:33:45.822862100)
2026-04-18 10:33:45 INFO  c.a.b.w.c.TransactionCategoryToEntityConverter - Converting transaction category model to entity: TransactionCategory(id=null, transactionId=null, csvTransactionId=431, subBudgetId=10, category=Income, categorizedBy=USER, categorizedDate=2026-04-18, isCategorized=false, isUpdated=false, categoryPriorityLevel=LEVEL_0, categoryExpenseType=FIXED, transactionCategoryStatus=null, createdAt=2026-04-18T10:33:45.826868200)
2026-04-18 10:33:45 INFO  c.a.b.w.c.TransactionCategoryToEntityConverter - Converting transaction category model to entity: TransactionCategory(id=null, transactionId=null, csvTransactionId=432, subBudgetId=10, category=Groceries, categorizedBy=USER, categorizedDate=2026-04-18, isCategorized=false, isUpdated=false, categoryPriorityLevel=LEVEL_2, categoryExpenseType=VARIABLE, transactionCategoryStatus=null, createdAt=2026-04-18T10:33:45.831367500)
2026-04-18 10:33:45 INFO  c.a.b.w.c.TransactionCategoryToEntityConverter - Converting transaction category model to entity: TransactionCategory(id=null, transactionId=null, csvTransactionId=433, subBudgetId=10, category=Uncategorized, categorizedBy=SYSTEM, categorizedDate=2026-04-18, isCategorized=false, isUpdated=false, categoryPriorityLevel=LEVEL_0, categoryExpenseType=VARIABLE, transactionCategoryStatus=null, createdAt=2026-04-18T10:33:45.833368300)
2026-04-18 10:33:45 INFO  c.a.b.w.c.TransactionCategoryToEntityConverter - Converting transaction category model to entity: TransactionCategory(id=null, transactionId=null, csvTransactionId=434, subBudgetId=10, category=Groceries, categorizedBy=USER, categorizedDate=2026-04-18, isCategorized=false, isUpdated=false, categoryPriorityLevel=LEVEL_2, categoryExpenseType=VARIABLE, transactionCategoryStatus=null, createdAt=2026-04-18T10:33:45.838375600)
2026-04-18 10:33:45 INFO  c.a.b.w.c.TransactionCategoryToEntityConverter - Converting transaction category model to entity: TransactionCategory(id=null, transactionId=null, csvTransactionId=435, subBudgetId=10, category=Groceries, categorizedBy=USER, categorizedDate=2026-04-18, isCategorized=false, isUpdated=false, categoryPriorityLevel=LEVEL_2, categoryExpenseType=VARIABLE, transactionCategoryStatus=null, createdAt=2026-04-18T10:33:45.842375200)
2026-04-18 10:33:45 INFO  c.a.b.w.c.TransactionCategoryToEntityConverter - Converting transaction category model to entity: TransactionCategory(id=null, transactionId=null, csvTransactionId=436, subBudgetId=10, category=Groceries, categorizedBy=USER, categorizedDate=2026-04-18, isCategorized=false, isUpdated=false, categoryPriorityLevel=LEVEL_2, categoryExpenseType=VARIABLE, transactionCategoryStatus=null, createdAt=2026-04-18T10:33:45.846886700)
2026-04-18 10:33:45 INFO  c.a.b.w.c.TransactionCategoryToEntityConverter - Converting transaction category model to entity: TransactionCategory(id=null, transactionId=null, csvTransactionId=437, subBudgetId=10, category=Subscription, categorizedBy=USER, categorizedDate=2026-04-18, isCategorized=false, isUpdated=false, categoryPriorityLevel=LEVEL_4, categoryExpenseType=VARIABLE, transactionCategoryStatus=null, createdAt=2026-04-18T10:33:45.850884400)
2026-04-18 10:33:45 INFO  c.a.b.w.c.TransactionCategoryToEntityConverter - Converting transaction category model to entity: TransactionCategory(id=null, transactionId=null, csvTransactionId=438, subBudgetId=10, category=Gas, categorizedBy=USER, categorizedDate=2026-04-18, isCategorized=false, isUpdated=false, categoryPriorityLevel=LEVEL_2, categoryExpenseType=VARIABLE, transactionCategoryStatus=null, createdAt=2026-04-18T10:33:45.854386900)
2026-04-18 10:33:45 INFO  c.a.b.w.c.TransactionCategoryToEntityConverter - Converting transaction category model to entity: TransactionCategory(id=null, transactionId=null, csvTransactionId=439, subBudgetId=10, category=Order Out, categorizedBy=USER, categorizedDate=2026-04-18, isCategorized=false, isUpdated=false, categoryPriorityLevel=LEVEL_4, categoryExpenseType=VARIABLE, transactionCategoryStatus=null, createdAt=2026-04-18T10:33:45.859398100)
2026-04-18 10:33:45 INFO  c.a.b.w.c.TransactionCategoryToEntityConverter - Converting transaction category model to entity: TransactionCategory(id=null, transactionId=null, csvTransactionId=440, subBudgetId=10, category=Uncategorized, categorizedBy=SYSTEM, categorizedDate=2026-04-18, isCategorized=false, isUpdated=false, categoryPriorityLevel=LEVEL_0, categoryExpenseType=VARIABLE, transactionCategoryStatus=null, createdAt=2026-04-18T10:33:45.861897600)
2026-04-18 10:33:45 INFO  c.a.b.w.c.TransactionCategoryToEntityConverter - Converting transaction category model to entity: TransactionCategory(id=null, transactionId=null, csvTransactionId=441, subBudgetId=10, category=Subscription, categorizedBy=USER, categorizedDate=2026-04-18, isCategorized=false, isUpdated=false, categoryPriorityLevel=LEVEL_4, categoryExpenseType=VARIABLE, transactionCategoryStatus=null, createdAt=2026-04-18T10:33:45.868404)
2026-04-18 10:33:45 INFO  c.a.b.w.c.TransactionCategoryToEntityConverter - Converting transaction category model to entity: TransactionCategory(id=null, transactionId=null, csvTransactionId=442, subBudgetId=10, category=Subscription, categorizedBy=USER, categorizedDate=2026-04-18, isCategorized=false, isUpdated=false, categoryPriorityLevel=LEVEL_4, categoryExpenseType=VARIABLE, transactionCategoryStatus=null, createdAt=2026-04-18T10:33:45.872403800)
2026-04-18 10:33:45 INFO  c.a.b.w.c.TransactionCategoryToEntityConverter - Converting transaction category model to entity: TransactionCategory(id=null, transactionId=null, csvTransactionId=443, subBudgetId=10, category=Electric, categorizedBy=USER, categorizedDate=2026-04-18, isCategorized=false, isUpdated=false, categoryPriorityLevel=LEVEL_1, categoryExpenseType=FIXED, transactionCategoryStatus=null, createdAt=2026-04-18T10:33:45.876917100)
2026-04-18 10:33:45 INFO  c.a.b.w.c.TransactionCategoryToEntityConverter - Converting transaction category model to entity: TransactionCategory(id=null, transactionId=null, csvTransactionId=444, subBudgetId=10, category=Payment, categorizedBy=USER, categorizedDate=2026-04-18, isCategorized=false, isUpdated=false, categoryPriorityLevel=LEVEL_5, categoryExpenseType=VARIABLE, transactionCategoryStatus=null, createdAt=2026-04-18T10:33:45.880913400)
2026-04-18 10:33:45 INFO  c.a.b.w.c.TransactionCategoryToEntityConverter - Converting transaction category model to entity: TransactionCategory(id=null, transactionId=null, csvTransactionId=445, subBudgetId=10, category=Payment, categorizedBy=USER, categorizedDate=2026-04-18, isCategorized=false, isUpdated=false, categoryPriorityLevel=LEVEL_5, categoryExpenseType=VARIABLE, transactionCategoryStatus=null, createdAt=2026-04-18T10:33:45.885422800)
2026-04-18 10:33:45 INFO  c.a.b.w.c.TransactionCategoryToEntityConverter - Converting transaction category model to entity: TransactionCategory(id=null, transactionId=null, csvTransactionId=446, subBudgetId=10, category=Subscription, categorizedBy=USER, categorizedDate=2026-04-18, isCategorized=false, isUpdated=false, categoryPriorityLevel=LEVEL_4, categoryExpenseType=VARIABLE, transactionCategoryStatus=null, createdAt=2026-04-18T10:33:45.889429100)
2026-04-18 10:33:45 INFO  c.a.b.w.c.TransactionCategoryToEntityConverter - Converting transaction category model to entity: TransactionCategory(id=null, transactionId=null, csvTransactionId=447, subBudgetId=10, category=Groceries, categorizedBy=USER, categorizedDate=2026-04-18, isCategorized=false, isUpdated=false, categoryPriorityLevel=LEVEL_2, categoryExpenseType=VARIABLE, transactionCategoryStatus=null, createdAt=2026-04-18T10:33:45.893428900)
2026-04-18 10:33:48 WARN  o.s.w.s.m.s.DefaultHandlerExceptionResolver - Ignoring exception, response committed already: org.springframework.http.converter.HttpMessageNotWritableException: Could not write JSON: Document nesting depth (1001) exceeds the maximum allowed (1000, from `StreamWriteConstraints.getMaxNestingDepth()`)
2026-04-18 10:33:48 WARN  o.s.w.s.m.s.DefaultHandlerExceptionResolver - Resolved [org.springframework.http.converter.HttpMessageNotWritableException: Could not write JSON: Document nesting depth (1001) exceeds the maximum allowed (1000, from `StreamWriteConstraints.getMaxNestingDepth()`)]
2026-04-18 10:33:48 WARN  o.s.w.s.m.s.DefaultHandlerExceptionResolver - Ignoring exception, response committed already: org.springframework.http.converter.HttpMessageNotWritableException: Could not write JSON: Document nesting depth (1001) exceeds the maximum allowed (1000, from `StreamWriteConstraints.getMaxNestingDepth()`)
2026-04-18 10:33:48 WARN  o.s.w.s.m.s.DefaultHandlerExceptionResolver - Resolved [org.springframework.http.converter.HttpMessageNotWritableException: Could not write JSON: Document nesting depth (1001) exceeds the maximum allowed (1000, from `StreamWriteConstraints.getMaxNestingDepth()`)]
2026-04-18 10:34:05 INFO  c.a.b.c.TransactionCategoryController - Updating TransactionCategory with csv Id 429 with updated category Subscription
2026-04-18 10:34:05 INFO  c.a.b.c.TransactionCategoryController - Updated TransactionCategory with csv Id 429
2026-04-18 10:34:16 INFO  c.a.b.c.TransactionCategoryController - Updating TransactionCategory with csv Id 417 with updated category Groceries
2026-04-18 10:34:16 INFO  c.a.b.c.TransactionCategoryController - Updated TransactionCategory with csv Id 417
2026-04-18 10:34:23 INFO  c.a.b.c.TransactionCategoryController - Updating TransactionCategory with csv Id 411 with updated category Subscription
2026-04-18 10:34:23 INFO  c.a.b.c.TransactionCategoryController - Updated TransactionCategory with csv Id 411
2026-04-18 10:34:33 INFO  c.a.b.c.TransactionCategoryController - Updating TransactionCategory with csv Id 402 with updated category Payment
2026-04-18 10:34:33 INFO  c.a.b.c.TransactionCategoryController - Updated TransactionCategory with csv Id 402
2026-04-18 10:34:40 INFO  c.a.b.c.TransactionCategoryController - Updating TransactionCategory with csv Id 399 with updated category Income
2026-04-18 10:34:40 INFO  c.a.b.c.TransactionCategoryController - Updated TransactionCategory with csv Id 399
2026-04-18 10:34:51 INFO  c.a.b.c.TransactionCategoryController - Updating TransactionCategory with csv Id 384 with updated category Order Out
2026-04-18 10:34:51 INFO  c.a.b.c.TransactionCategoryController - Updated TransactionCategory with csv Id 384
2026-04-18 10:34:58 INFO  c.a.b.c.TransactionCategoryController - Updating TransactionCategory with csv Id 380 with updated category Rent
2026-04-18 10:34:58 INFO  c.a.b.c.TransactionCategoryController - Updated TransactionCategory with csv Id 380
2026-04-18 10:35:04 INFO  c.a.b.c.TransactionCategoryController - Updating TransactionCategory with csv Id 375 with updated category Income
2026-04-18 10:35:04 INFO  c.a.b.c.TransactionCategoryController - Updated TransactionCategory with csv Id 375
2026-04-18 10:35:24 INFO  c.a.b.c.TransactionCategoryController - Updating TransactionCategory with csv Id 433 with updated category Subscription
2026-04-18 10:35:24 INFO  c.a.b.c.TransactionCategoryController - Updated TransactionCategory with csv Id 433
2026-04-18 10:35:31 INFO  c.a.b.c.TransactionCategoryController - Updating TransactionCategory with csv Id 440 with updated category Rent
2026-04-18 10:35:31 INFO  c.a.b.c.TransactionCategoryController - Updated TransactionCategory with csv Id 440
2026-04-18 10:35:36 WARN  o.s.w.s.m.s.DefaultHandlerExceptionResolver - Ignoring exception, response committed already: org.springframework.http.converter.HttpMessageNotWritableException: Could not write JSON: Document nesting depth (1001) exceeds the maximum allowed (1000, from `StreamWriteConstraints.getMaxNestingDepth()`)
2026-04-18 10:35:36 WARN  o.s.w.s.m.s.DefaultHandlerExceptionResolver - Resolved [org.springframework.http.converter.HttpMessageNotWritableException: Could not write JSON: Document nesting depth (1001) exceeds the maximum allowed (1000, from `StreamWriteConstraints.getMaxNestingDepth()`)]
2026-04-18 10:35:36 INFO  c.a.b.services.BudgetServiceImpl - UserID: 1
2026-04-18 10:35:36 INFO  c.a.b.services.BudgetServiceImpl - Year: 2026
2026-04-18 10:35:36 INFO  c.a.b.services.BudgetServiceImpl - Budget exists for year 2026: true
2026-04-18 10:35:36 INFO  c.a.b.controllers.BudgetController - Budget exists: true
2026-04-18 10:35:36 INFO  c.a.b.c.TransactionCategoryController - Found 0 new transaction categories
2026-04-18 10:35:36 WARN  o.s.w.s.m.s.DefaultHandlerExceptionResolver - Ignoring exception, response committed already: org.springframework.http.converter.HttpMessageNotWritableException: Could not write JSON: Document nesting depth (1001) exceeds the maximum allowed (1000, from `StreamWriteConstraints.getMaxNestingDepth()`)
2026-04-18 10:35:36 WARN  o.s.w.s.m.s.DefaultHandlerExceptionResolver - Resolved [org.springframework.http.converter.HttpMessageNotWritableException: Could not write JSON: Document nesting depth (1001) exceeds the maximum allowed (1000, from `StreamWriteConstraints.getMaxNestingDepth()`)]
2026-04-18 10:35:36 INFO  c.a.b.services.BudgetServiceImpl - UserID: 1
2026-04-18 10:35:36 INFO  c.a.b.services.BudgetServiceImpl - Year: 2026
2026-04-18 10:35:36 INFO  c.a.b.services.BudgetServiceImpl - Budget exists for year 2026: true
2026-04-18 10:35:36 INFO  c.a.b.controllers.BudgetController - Budget exists: true
2026-04-18 10:35:36 INFO  c.a.b.c.TransactionCategoryController - Found 0 new transaction categories
2026-04-18 10:35:36 INFO  c.a.b.c.TransactionCategoryController - Found 0 new transaction categories
2026-04-18 10:35:36 INFO  c.a.b.s.TransactionCategoryServiceImpl - Checking if there are any updated transaction categories between 2026-04-01 and 2026-04-30
2026-04-18 10:35:36 INFO  c.a.b.s.TransactionCategoryServiceImpl - Found 0 updated transaction categories between 2026-04-01 and 2026-04-30
2026-04-18 10:35:36 INFO  c.a.b.workbench.runner.BudgetRunner - Starting monthly budget process for user 1 between 2026-04-01 and 2026-04-30
2026-04-18 10:35:37 INFO  c.a.b.c.TransactionCategoryController - Found 0 new transaction categories
2026-04-18 10:35:37 INFO  c.a.b.workbench.runner.BudgetRunner - Found Budget: com.app.budgetbuddy.domain.Budget@62825aa7
2026-04-18 10:35:37 INFO  c.a.b.w.budget.BudgetScheduleUtil - Retrieving Budget Schedule Ranges: [com.app.budgetbuddy.entities.BudgetScheduleRangeEntity@33717fc7, com.app.budgetbuddy.entities.BudgetScheduleRangeEntity@3081ea76, com.app.budgetbuddy.entities.BudgetScheduleRangeEntity@39a718bd, com.app.budgetbuddy.entities.BudgetScheduleRangeEntity@1696e4fc, com.app.budgetbuddy.entities.BudgetScheduleRangeEntity@2ea12eae], size: 5
2026-04-18 10:35:37 INFO  c.a.b.workbench.runner.BudgetRunner - Processing SubBudget ID: 16 with Budget Schedule ID: 16
2026-04-18 10:35:37 INFO  c.a.b.w.b.SubBudgetStatisticsServiceImpl - SubBudget Savings Target: 875.00
2026-04-18 10:35:37 INFO  c.a.b.w.b.SubBudgetStatisticsServiceImpl - Budget Amount: 3095.08
2026-04-18 10:35:37 INFO  c.a.b.w.b.SubBudgetStatisticsServiceImpl - Total Spent: 2545.65
2026-04-18 10:35:37 INFO  c.a.b.w.b.SubBudgetStatisticsServiceImpl - Remaining: 549.43
2026-04-18 10:35:37 INFO  c.a.b.w.b.SubBudgetStatisticsServiceImpl - Savings: 549.43
2026-04-18 10:35:37 INFO  c.a.b.w.b.SubBudgetHealthScoreImpl - Allocated amount for sub-budget 16 is 3095.08
2026-04-18 10:35:37 INFO  c.a.b.w.b.SubBudgetHealthScoreImpl - Spent on sub-budget 16 is 18.26
2026-04-18 10:35:37 INFO  c.a.b.w.b.SubBudgetHealthScoreImpl - Spending ratio for sub-budget 16 is 0.01
2026-04-18 10:35:37 INFO  c.a.b.w.b.SubBudgetHealthScoreImpl - Spending ratio for sub-budget 16 is 0.01
2026-04-18 10:35:37 INFO  c.a.b.w.b.SubBudgetHealthScoreImpl - Variance for sub-budget 16 is 3076.82
2026-04-18 10:35:37 INFO  c.a.b.w.b.SubBudgetHealthScoreImpl - Savings ratio for sub-budget 16 is 0.03
2026-04-18 10:35:37 INFO  c.a.b.w.b.SubBudgetHealthScoreImpl - Final Score: 102.50
2026-04-18 10:35:37 INFO  c.a.b.w.b.SubBudgetHealthScoreImpl - Health score for sub-budget 16 is 100
2026-04-18 10:35:37 INFO  c.a.b.w.b.SubBudgetStatisticsServiceImpl - SubBudget Stats: BudgetStats(budgetId=16, totalBudget=3095.08, totalSpent=2545.65, remaining=549.43, totalSaved=549.43, averageSpendingPerDay=87.78, dateRange=DateRange(startDate=2026-04-01, endDate=2026-04-30), healthScore=100, monthlyProjection=null)
2026-04-18 10:35:37 INFO  c.a.b.workbench.runner.BudgetRunner - Budget Stats for SubBudget 16: [BudgetStats(budgetId=16, totalBudget=3095.08, totalSpent=2545.65, remaining=549.43, totalSaved=549.43, averageSpendingPerDay=87.78, dateRange=DateRange(startDate=2026-04-01, endDate=2026-04-30), healthScore=100, monthlyProjection=null)]
2026-04-18 10:35:37 INFO  c.a.b.w.b.BudgetPeriodCategoryHandlerFactory - Getting budget period handler for period: MONTHLY
2026-04-18 10:35:37 INFO  c.a.b.workbench.runner.BudgetRunner - Retrieved 10 budget period categories for SubBudget ID: 16
2026-04-18 10:35:37 INFO  c.a.b.workbench.runner.BudgetRunner - BudgetPeriodCategory: BudgetPeriodCategory(category=Electric, budgeted=44.61, actual=74.87, remaining=0, dateRange=DateRange(startDate=2026-04-01, endDate=2026-04-30), biWeekRanges=null, isOverBudget=true, spendingPercentage=1.6783232459089892, budgetStatus=OVER_BUDGET)
2026-04-18 10:35:37 INFO  c.a.b.workbench.runner.BudgetRunner - BudgetPeriodCategory: BudgetPeriodCategory(category=Gas, budgeted=56.43, actual=62.66, remaining=0, dateRange=DateRange(startDate=2026-04-01, endDate=2026-04-30), biWeekRanges=null, isOverBudget=true, spendingPercentage=1.1104022682970052, budgetStatus=OVER_BUDGET)
2026-04-18 10:35:37 INFO  c.a.b.workbench.runner.BudgetRunner - BudgetPeriodCategory: BudgetPeriodCategory(category=Gas Bill, budgeted=31.28, actual=25.19, remaining=6.09, dateRange=DateRange(startDate=2026-04-01, endDate=2026-04-30), biWeekRanges=null, isOverBudget=false, spendingPercentage=0.805306905370844, budgetStatus=GOOD)
2026-04-18 10:35:37 INFO  c.a.b.workbench.runner.BudgetRunner - BudgetPeriodCategory: BudgetPeriodCategory(category=Groceries, budgeted=512.9, actual=316.01, remaining=196.89, dateRange=DateRange(startDate=2026-04-01, endDate=2026-04-30), biWeekRanges=null, isOverBudget=false, spendingPercentage=0.6161240007798792, budgetStatus=UNDER_UTILIZED)
2026-04-18 10:35:37 INFO  c.a.b.workbench.runner.BudgetRunner - BudgetPeriodCategory: BudgetPeriodCategory(category=Insurance, budgeted=74.76, actual=70.1, remaining=4.66, dateRange=DateRange(startDate=2026-04-01, endDate=2026-04-30), biWeekRanges=null, isOverBudget=false, spendingPercentage=0.9376672017121453, budgetStatus=GOOD)
2026-04-18 10:35:37 INFO  c.a.b.workbench.runner.BudgetRunner - BudgetPeriodCategory: BudgetPeriodCategory(category=Order Out, budgeted=118.99, actual=84.83, remaining=34.16, dateRange=DateRange(startDate=2026-04-01, endDate=2026-04-30), biWeekRanges=null, isOverBudget=false, spendingPercentage=0.712917051853097, budgetStatus=UNDER_UTILIZED)
2026-04-18 10:35:37 INFO  c.a.b.workbench.runner.BudgetRunner - BudgetPeriodCategory: BudgetPeriodCategory(category=Other, budgeted=185.24, actual=109.76, remaining=75.48, dateRange=DateRange(startDate=2026-04-01, endDate=2026-04-30), biWeekRanges=null, isOverBudget=false, spendingPercentage=0.5925286115309868, budgetStatus=UNDER_UTILIZED)
2026-04-18 10:35:37 INFO  c.a.b.workbench.runner.BudgetRunner - BudgetPeriodCategory: BudgetPeriodCategory(category=Payment, budgeted=427.71, actual=328.83, remaining=98.88, dateRange=DateRange(startDate=2026-04-01, endDate=2026-04-30), biWeekRanges=null, isOverBudget=false, spendingPercentage=0.7688153187907695, budgetStatus=UNDER_UTILIZED)
2026-04-18 10:35:37 INFO  c.a.b.workbench.runner.BudgetRunner - BudgetPeriodCategory: BudgetPeriodCategory(category=Rent, budgeted=798.19, actual=1220.03, remaining=0, dateRange=DateRange(startDate=2026-04-01, endDate=2026-04-30), biWeekRanges=null, isOverBudget=true, spendingPercentage=1.528495721570052, budgetStatus=OVER_BUDGET)
2026-04-18 10:35:37 INFO  c.a.b.workbench.runner.BudgetRunner - BudgetPeriodCategory: BudgetPeriodCategory(category=Subscription, budgeted=73.07, actual=142.55, remaining=0, dateRange=DateRange(startDate=2026-04-01, endDate=2026-04-30), biWeekRanges=null, isOverBudget=true, spendingPercentage=1.9508690296975506, budgetStatus=OVER_BUDGET)
2026-04-18 10:35:37 INFO  c.a.b.workbench.runner.BudgetRunner - Retrieved 5 top five expenses for SubBudget ID: 16
2026-04-18 10:35:37 INFO  c.a.b.workbench.runner.BudgetRunner - Retrieved Optional[ExpenseCategory(category=Expense, budgetedExpenses=3095.0800000000000000, actualExpenses=2434.83, remainingExpenses=660.2500000000000000, isActive=true, startDate=2026-04-01, endDate=2026-04-30, isVariable=false)] expense categories for SubBudget ID: 16
2026-04-18 10:35:37 INFO  c.a.b.w.b.SubBudgetMonthOverviewServiceImpl - Adjusted start date from 2026-04-01 to 2026-03-29 to include end of previous year
2026-04-18 10:35:37 INFO  c.a.b.w.b.SubBudgetMonthOverviewServiceImpl - SubBudgetIds: [16, 15]
2026-04-18 10:35:37 INFO  c.a.b.w.b.SubBudgetMonthOverviewServiceImpl - Previous sub budget id is 15
2026-04-18 10:35:37 INFO  c.a.b.workbench.runner.BudgetRunner - Retrieved Optional[IncomeCategory(category=Income, budgetedIncome=3971.0000000000000000, actualBudgetedIncome=2012.97, remainingIncome=1958.03, startMonth=null, endMonth=null, isActive=false)] income category for SubBudget ID: 16
2026-04-18 10:35:37 INFO  c.a.b.workbench.runner.BudgetRunner - Retrieved Optional[com.app.budgetbuddy.domain.SavingsCategory@53fc285f] savings category for SubBudget ID: 16
2026-04-18 10:35:37 INFO  c.a.b.workbench.runner.BudgetRunner - Budget Runner Result: {subBudget=SubBudget(id=16, subBudgetName=April 2026 - Budget, allocatedAmount=3095.08, subSavingsTarget=875.00, subSavingsAmount=99.22, spentOnBudget=18.26, budget=com.app.budgetbuddy.domain.Budget@dc7b5a7, startDate=2026-04-01, endDate=2026-04-30, year=0, subBudgetGoals=null, budgetSchedule=[BudgetSchedule{budgetScheduleId=16, subBudgetId=16, startDate=2026-04-01, endDate=2026-04-30, scheduleRange=DateRange(startDate=2026-04-01, endDate=2026-04-30), budgetScheduleRanges=[BudgetScheduleRange(id=null, budgetScheduleId=77, spentOnRange=0.000, budgetedAmount=619.020, budgetDateRange=DateRange(startDate=2026-04-22, endDate=2026-04-28), rangeType=Week, isActive=false, startRange=2026-04-22, endRange=2026-04-28, isSingleDate=false), BudgetScheduleRange(id=null, budgetScheduleId=75, spentOnRange=0.000, budgetedAmount=619.020, budgetDateRange=DateRange(startDate=2026-04-08, endDate=2026-04-14), rangeType=Week, isActive=false, startRange=2026-04-08, endRange=2026-04-14, isSingleDate=false), BudgetScheduleRange(id=null, budgetScheduleId=76, spentOnRange=0.000, budgetedAmount=619.020, budgetDateRange=DateRange(startDate=2026-04-15, endDate=2026-04-21), rangeType=Week, isActive=false, startRange=2026-04-15, endRange=2026-04-21, isSingleDate=false), BudgetScheduleRange(id=null, budgetScheduleId=78, spentOnRange=0.000, budgetedAmount=619.020, budgetDateRange=DateRange(startDate=2026-04-29, endDate=2026-04-30), rangeType=Week, isActive=false, startRange=2026-04-29, endRange=2026-04-30, isSingleDate=false), BudgetScheduleRange(id=null, budgetScheduleId=74, spentOnRange=0.000, budgetedAmount=619.020, budgetDateRange=DateRange(startDate=2026-04-01, endDate=2026-04-07), rangeType=Week, isActive=false, startRange=2026-04-01, endRange=2026-04-07, isSingleDate=false)], periodType='MONTHLY', totalPeriods=5, status='ACTIVE', createdDate=null}], controlledBudgetCategory=null, isActive=true), budget=com.app.budgetbuddy.domain.Budget@62825aa7, isOverBudget=false, budgetScheduleRanges=[BudgetScheduleRange(id=null, budgetScheduleId=77, spentOnRange=0.000, budgetedAmount=619.020, budgetDateRange=DateRange(startDate=2026-04-22, endDate=2026-04-28), rangeType=Week, isActive=false, startRange=2026-04-22, endRange=2026-04-28, isSingleDate=false), BudgetScheduleRange(id=null, budgetScheduleId=75, spentOnRange=0.000, budgetedAmount=619.020, budgetDateRange=DateRange(startDate=2026-04-08, endDate=2026-04-14), rangeType=Week, isActive=false, startRange=2026-04-08, endRange=2026-04-14, isSingleDate=false), BudgetScheduleRange(id=null, budgetScheduleId=76, spentOnRange=0.000, budgetedAmount=619.020, budgetDateRange=DateRange(startDate=2026-04-15, endDate=2026-04-21), rangeType=Week, isActive=false, startRange=2026-04-15, endRange=2026-04-21, isSingleDate=false), BudgetScheduleRange(id=null, budgetScheduleId=78, spentOnRange=0.000, budgetedAmount=619.020, budgetDateRange=DateRange(startDate=2026-04-29, endDate=2026-04-30), rangeType=Week, isActive=false, startRange=2026-04-29, endRange=2026-04-30, isSingleDate=false), BudgetScheduleRange(id=null, budgetScheduleId=74, spentOnRange=0.000, budgetedAmount=619.020, budgetDateRange=DateRange(startDate=2026-04-01, endDate=2026-04-07), rangeType=Week, isActive=false, startRange=2026-04-01, endRange=2026-04-07, isSingleDate=false)], spendingPercentage=0.0000, remainingAmount=37140.96, processDate=2026-04-18T10:35:37.032362100, budgetSchedule=BudgetSchedule{budgetScheduleId=16, subBudgetId=16, startDate=2026-04-01, endDate=2026-04-30, scheduleRange=DateRange(startDate=2026-04-01, endDate=2026-04-30), budgetScheduleRanges=[BudgetScheduleRange(id=null, budgetScheduleId=77, spentOnRange=0.000, budgetedAmount=619.020, budgetDateRange=DateRange(startDate=2026-04-22, endDate=2026-04-28), rangeType=Week, isActive=false, startRange=2026-04-22, endRange=2026-04-28, isSingleDate=false), BudgetScheduleRange(id=null, budgetScheduleId=75, spentOnRange=0.000, budgetedAmount=619.020, budgetDateRange=DateRange(startDate=2026-04-08, endDate=2026-04-14), rangeType=Week, isActive=false, startRange=2026-04-08, endRange=2026-04-14, isSingleDate=false), BudgetScheduleRange(id=null, budgetScheduleId=76, spentOnRange=0.000, budgetedAmount=619.020, budgetDateRange=DateRange(startDate=2026-04-15, endDate=2026-04-21), rangeType=Week, isActive=false, startRange=2026-04-15, endRange=2026-04-21, isSingleDate=false), BudgetScheduleRange(id=null, budgetScheduleId=78, spentOnRange=0.000, budgetedAmount=619.020, budgetDateRange=DateRange(startDate=2026-04-29, endDate=2026-04-30), rangeType=Week, isActive=false, startRange=2026-04-29, endRange=2026-04-30, isSingleDate=false), BudgetScheduleRange(id=null, budgetScheduleId=74, spentOnRange=0.000, budgetedAmount=619.020, budgetDateRange=DateRange(startDate=2026-04-01, endDate=2026-04-07), rangeType=Week, isActive=false, startRange=2026-04-01, endRange=2026-04-07, isSingleDate=false)], periodType='MONTHLY', totalPeriods=5, status='ACTIVE', createdDate=null}}
2026-04-18 10:35:37 INFO  c.a.b.s.TransactionCategoryServiceImpl - Checking if there are any updated transaction categories between 2026-04-01 and 2026-04-30
2026-04-18 10:35:37 INFO  c.a.b.s.TransactionCategoryServiceImpl - Found 0 updated transaction categories between 2026-04-01 and 2026-04-30
2026-04-18 10:35:37 INFO  c.a.b.workbench.runner.BudgetRunner - Starting monthly budget process for user 1 between 2026-04-01 and 2026-04-30
2026-04-18 10:35:37 INFO  c.a.b.w.budget.BudgetScheduleUtil - Retrieving Budget Schedule Ranges: [com.app.budgetbuddy.entities.BudgetScheduleRangeEntity@5bdf4daa, com.app.budgetbuddy.entities.BudgetScheduleRangeEntity@273baafe, com.app.budgetbuddy.entities.BudgetScheduleRangeEntity@2c54beb3, com.app.budgetbuddy.entities.BudgetScheduleRangeEntity@dc710bc, com.app.budgetbuddy.entities.BudgetScheduleRangeEntity@6bfa1044], size: 5
2026-04-18 10:35:37 INFO  c.a.b.w.budget.BudgetPeriodQueries - Getting budget period query data for userId: 1
2026-04-18 10:35:37 INFO  c.a.b.w.b.BudgetPeriodCategoryHandlerFactory - Getting budget period handler for period: MONTHLY
2026-04-18 10:35:37 INFO  c.a.b.workbench.runner.BudgetRunner - Found Budget: com.app.budgetbuddy.domain.Budget@57207d74
2026-04-18 10:35:37 INFO  c.a.b.w.budget.BudgetScheduleUtil - Retrieving Budget Schedule Ranges: [com.app.budgetbuddy.entities.BudgetScheduleRangeEntity@3a89a2c9, com.app.budgetbuddy.entities.BudgetScheduleRangeEntity@67b2e6e0, com.app.budgetbuddy.entities.BudgetScheduleRangeEntity@63859db0, com.app.budgetbuddy.entities.BudgetScheduleRangeEntity@2207627f, com.app.budgetbuddy.entities.BudgetScheduleRangeEntity@2384285c], size: 5
2026-04-18 10:35:37 INFO  c.a.b.workbench.runner.BudgetRunner - Processing SubBudget ID: 16 with Budget Schedule ID: 16
2026-04-18 10:35:37 INFO  c.a.b.w.b.SubBudgetStatisticsServiceImpl - SubBudget Savings Target: 875.00
2026-04-18 10:35:37 INFO  c.a.b.w.b.SubBudgetStatisticsServiceImpl - Budget Amount: 3095.08
2026-04-18 10:35:37 INFO  c.a.b.w.b.SubBudgetStatisticsServiceImpl - Total Spent: 2545.65
2026-04-18 10:35:37 INFO  c.a.b.w.b.SubBudgetStatisticsServiceImpl - Remaining: 549.43
2026-04-18 10:35:37 INFO  c.a.b.w.b.SubBudgetStatisticsServiceImpl - Savings: 549.43
2026-04-18 10:35:37 INFO  c.a.b.w.b.SubBudgetHealthScoreImpl - Allocated amount for sub-budget 16 is 3095.08
2026-04-18 10:35:37 INFO  c.a.b.w.b.SubBudgetHealthScoreImpl - Spent on sub-budget 16 is 18.26
2026-04-18 10:35:37 INFO  c.a.b.w.b.SubBudgetHealthScoreImpl - Spending ratio for sub-budget 16 is 0.01
2026-04-18 10:35:37 INFO  c.a.b.w.b.SubBudgetHealthScoreImpl - Spending ratio for sub-budget 16 is 0.01
2026-04-18 10:35:37 INFO  c.a.b.w.b.SubBudgetHealthScoreImpl - Variance for sub-budget 16 is 3076.82
2026-04-18 10:35:37 INFO  c.a.b.w.b.SubBudgetHealthScoreImpl - Savings ratio for sub-budget 16 is 0.03
2026-04-18 10:35:37 INFO  c.a.b.w.b.SubBudgetHealthScoreImpl - Final Score: 102.50
2026-04-18 10:35:37 INFO  c.a.b.w.b.SubBudgetHealthScoreImpl - Health score for sub-budget 16 is 100
2026-04-18 10:35:37 INFO  c.a.b.w.b.SubBudgetStatisticsServiceImpl - SubBudget Stats: BudgetStats(budgetId=16, totalBudget=3095.08, totalSpent=2545.65, remaining=549.43, totalSaved=549.43, averageSpendingPerDay=87.78, dateRange=DateRange(startDate=2026-04-01, endDate=2026-04-30), healthScore=100, monthlyProjection=null)
2026-04-18 10:35:37 INFO  c.a.b.workbench.runner.BudgetRunner - Budget Stats for SubBudget 16: [BudgetStats(budgetId=16, totalBudget=3095.08, totalSpent=2545.65, remaining=549.43, totalSaved=549.43, averageSpendingPerDay=87.78, dateRange=DateRange(startDate=2026-04-01, endDate=2026-04-30), healthScore=100, monthlyProjection=null)]
2026-04-18 10:35:37 INFO  c.a.b.w.b.BudgetPeriodCategoryHandlerFactory - Getting budget period handler for period: MONTHLY
2026-04-18 10:35:37 INFO  c.a.b.workbench.runner.BudgetRunner - Retrieved 10 budget period categories for SubBudget ID: 16
2026-04-18 10:35:37 INFO  c.a.b.workbench.runner.BudgetRunner - BudgetPeriodCategory: BudgetPeriodCategory(category=Electric, budgeted=44.61, actual=74.87, remaining=0, dateRange=DateRange(startDate=2026-04-01, endDate=2026-04-30), biWeekRanges=null, isOverBudget=true, spendingPercentage=1.6783232459089892, budgetStatus=OVER_BUDGET)
2026-04-18 10:35:37 INFO  c.a.b.workbench.runner.BudgetRunner - BudgetPeriodCategory: BudgetPeriodCategory(category=Gas, budgeted=56.43, actual=62.66, remaining=0, dateRange=DateRange(startDate=2026-04-01, endDate=2026-04-30), biWeekRanges=null, isOverBudget=true, spendingPercentage=1.1104022682970052, budgetStatus=OVER_BUDGET)
2026-04-18 10:35:37 INFO  c.a.b.workbench.runner.BudgetRunner - BudgetPeriodCategory: BudgetPeriodCategory(category=Gas Bill, budgeted=31.28, actual=25.19, remaining=6.09, dateRange=DateRange(startDate=2026-04-01, endDate=2026-04-30), biWeekRanges=null, isOverBudget=false, spendingPercentage=0.805306905370844, budgetStatus=GOOD)
2026-04-18 10:35:37 INFO  c.a.b.workbench.runner.BudgetRunner - BudgetPeriodCategory: BudgetPeriodCategory(category=Groceries, budgeted=512.9, actual=316.01, remaining=196.89, dateRange=DateRange(startDate=2026-04-01, endDate=2026-04-30), biWeekRanges=null, isOverBudget=false, spendingPercentage=0.6161240007798792, budgetStatus=UNDER_UTILIZED)
2026-04-18 10:35:37 INFO  c.a.b.workbench.runner.BudgetRunner - BudgetPeriodCategory: BudgetPeriodCategory(category=Insurance, budgeted=74.76, actual=70.1, remaining=4.66, dateRange=DateRange(startDate=2026-04-01, endDate=2026-04-30), biWeekRanges=null, isOverBudget=false, spendingPercentage=0.9376672017121453, budgetStatus=GOOD)
2026-04-18 10:35:37 INFO  c.a.b.workbench.runner.BudgetRunner - BudgetPeriodCategory: BudgetPeriodCategory(category=Order Out, budgeted=118.99, actual=84.83, remaining=34.16, dateRange=DateRange(startDate=2026-04-01, endDate=2026-04-30), biWeekRanges=null, isOverBudget=false, spendingPercentage=0.712917051853097, budgetStatus=UNDER_UTILIZED)
2026-04-18 10:35:37 INFO  c.a.b.workbench.runner.BudgetRunner - BudgetPeriodCategory: BudgetPeriodCategory(category=Other, budgeted=185.24, actual=109.76, remaining=75.48, dateRange=DateRange(startDate=2026-04-01, endDate=2026-04-30), biWeekRanges=null, isOverBudget=false, spendingPercentage=0.5925286115309868, budgetStatus=UNDER_UTILIZED)
2026-04-18 10:35:37 INFO  c.a.b.workbench.runner.BudgetRunner - BudgetPeriodCategory: BudgetPeriodCategory(category=Payment, budgeted=427.71, actual=328.83, remaining=98.88, dateRange=DateRange(startDate=2026-04-01, endDate=2026-04-30), biWeekRanges=null, isOverBudget=false, spendingPercentage=0.7688153187907695, budgetStatus=UNDER_UTILIZED)
2026-04-18 10:35:37 INFO  c.a.b.workbench.runner.BudgetRunner - BudgetPeriodCategory: BudgetPeriodCategory(category=Rent, budgeted=798.19, actual=1220.03, remaining=0, dateRange=DateRange(startDate=2026-04-01, endDate=2026-04-30), biWeekRanges=null, isOverBudget=true, spendingPercentage=1.528495721570052, budgetStatus=OVER_BUDGET)
2026-04-18 10:35:37 INFO  c.a.b.workbench.runner.BudgetRunner - BudgetPeriodCategory: BudgetPeriodCategory(category=Subscription, budgeted=73.07, actual=142.55, remaining=0, dateRange=DateRange(startDate=2026-04-01, endDate=2026-04-30), biWeekRanges=null, isOverBudget=true, spendingPercentage=1.9508690296975506, budgetStatus=OVER_BUDGET)
2026-04-18 10:35:37 INFO  c.a.b.workbench.runner.BudgetRunner - Retrieved 5 top five expenses for SubBudget ID: 16
2026-04-18 10:35:37 INFO  c.a.b.workbench.runner.BudgetRunner - Retrieved Optional[ExpenseCategory(category=Expense, budgetedExpenses=3095.0800000000000000, actualExpenses=2434.83, remainingExpenses=660.2500000000000000, isActive=true, startDate=2026-04-01, endDate=2026-04-30, isVariable=false)] expense categories for SubBudget ID: 16
2026-04-18 10:35:37 INFO  c.a.b.w.b.SubBudgetMonthOverviewServiceImpl - Adjusted start date from 2026-04-01 to 2026-03-29 to include end of previous year
2026-04-18 10:35:37 INFO  c.a.b.w.b.SubBudgetMonthOverviewServiceImpl - SubBudgetIds: [16, 15]
2026-04-18 10:35:37 INFO  c.a.b.w.b.SubBudgetMonthOverviewServiceImpl - Previous sub budget id is 15
2026-04-18 10:35:37 INFO  c.a.b.workbench.runner.BudgetRunner - Retrieved Optional[IncomeCategory(category=Income, budgetedIncome=3971.0000000000000000, actualBudgetedIncome=2012.97, remainingIncome=1958.03, startMonth=null, endMonth=null, isActive=false)] income category for SubBudget ID: 16
2026-04-18 10:35:37 INFO  c.a.b.workbench.runner.BudgetRunner - Retrieved Optional[com.app.budgetbuddy.domain.SavingsCategory@45bf98fd] savings category for SubBudget ID: 16
2026-04-18 10:35:37 INFO  c.a.b.workbench.runner.BudgetRunner - Budget Runner Result: {subBudget=SubBudget(id=16, subBudgetName=April 2026 - Budget, allocatedAmount=3095.08, subSavingsTarget=875.00, subSavingsAmount=99.22, spentOnBudget=18.26, budget=com.app.budgetbuddy.domain.Budget@1d6f38cf, startDate=2026-04-01, endDate=2026-04-30, year=0, subBudgetGoals=null, budgetSchedule=[BudgetSchedule{budgetScheduleId=16, subBudgetId=16, startDate=2026-04-01, endDate=2026-04-30, scheduleRange=DateRange(startDate=2026-04-01, endDate=2026-04-30), budgetScheduleRanges=[BudgetScheduleRange(id=null, budgetScheduleId=77, spentOnRange=0.000, budgetedAmount=619.020, budgetDateRange=DateRange(startDate=2026-04-22, endDate=2026-04-28), rangeType=Week, isActive=false, startRange=2026-04-22, endRange=2026-04-28, isSingleDate=false), BudgetScheduleRange(id=null, budgetScheduleId=75, spentOnRange=0.000, budgetedAmount=619.020, budgetDateRange=DateRange(startDate=2026-04-08, endDate=2026-04-14), rangeType=Week, isActive=false, startRange=2026-04-08, endRange=2026-04-14, isSingleDate=false), BudgetScheduleRange(id=null, budgetScheduleId=76, spentOnRange=0.000, budgetedAmount=619.020, budgetDateRange=DateRange(startDate=2026-04-15, endDate=2026-04-21), rangeType=Week, isActive=false, startRange=2026-04-15, endRange=2026-04-21, isSingleDate=false), BudgetScheduleRange(id=null, budgetScheduleId=78, spentOnRange=0.000, budgetedAmount=619.020, budgetDateRange=DateRange(startDate=2026-04-29, endDate=2026-04-30), rangeType=Week, isActive=false, startRange=2026-04-29, endRange=2026-04-30, isSingleDate=false), BudgetScheduleRange(id=null, budgetScheduleId=74, spentOnRange=0.000, budgetedAmount=619.020, budgetDateRange=DateRange(startDate=2026-04-01, endDate=2026-04-07), rangeType=Week, isActive=false, startRange=2026-04-01, endRange=2026-04-07, isSingleDate=false)], periodType='MONTHLY', totalPeriods=5, status='ACTIVE', createdDate=null}], controlledBudgetCategory=null, isActive=true), budget=com.app.budgetbuddy.domain.Budget@57207d74, isOverBudget=false, budgetScheduleRanges=[BudgetScheduleRange(id=null, budgetScheduleId=77, spentOnRange=0.000, budgetedAmount=619.020, budgetDateRange=DateRange(startDate=2026-04-22, endDate=2026-04-28), rangeType=Week, isActive=false, startRange=2026-04-22, endRange=2026-04-28, isSingleDate=false), BudgetScheduleRange(id=null, budgetScheduleId=75, spentOnRange=0.000, budgetedAmount=619.020, budgetDateRange=DateRange(startDate=2026-04-08, endDate=2026-04-14), rangeType=Week, isActive=false, startRange=2026-04-08, endRange=2026-04-14, isSingleDate=false), BudgetScheduleRange(id=null, budgetScheduleId=76, spentOnRange=0.000, budgetedAmount=619.020, budgetDateRange=DateRange(startDate=2026-04-15, endDate=2026-04-21), rangeType=Week, isActive=false, startRange=2026-04-15, endRange=2026-04-21, isSingleDate=false), BudgetScheduleRange(id=null, budgetScheduleId=78, spentOnRange=0.000, budgetedAmount=619.020, budgetDateRange=DateRange(startDate=2026-04-29, endDate=2026-04-30), rangeType=Week, isActive=false, startRange=2026-04-29, endRange=2026-04-30, isSingleDate=false), BudgetScheduleRange(id=null, budgetScheduleId=74, spentOnRange=0.000, budgetedAmount=619.020, budgetDateRange=DateRange(startDate=2026-04-01, endDate=2026-04-07), rangeType=Week, isActive=false, startRange=2026-04-01, endRange=2026-04-07, isSingleDate=false)], spendingPercentage=0.0000, remainingAmount=37140.96, processDate=2026-04-18T10:35:37.161493100, budgetSchedule=BudgetSchedule{budgetScheduleId=16, subBudgetId=16, startDate=2026-04-01, endDate=2026-04-30, scheduleRange=DateRange(startDate=2026-04-01, endDate=2026-04-30), budgetScheduleRanges=[BudgetScheduleRange(id=null, budgetScheduleId=77, spentOnRange=0.000, budgetedAmount=619.020, budgetDateRange=DateRange(startDate=2026-04-22, endDate=2026-04-28), rangeType=Week, isActive=false, startRange=2026-04-22, endRange=2026-04-28, isSingleDate=false), BudgetScheduleRange(id=null, budgetScheduleId=75, spentOnRange=0.000, budgetedAmount=619.020, budgetDateRange=DateRange(startDate=2026-04-08, endDate=2026-04-14), rangeType=Week, isActive=false, startRange=2026-04-08, endRange=2026-04-14, isSingleDate=false), BudgetScheduleRange(id=null, budgetScheduleId=76, spentOnRange=0.000, budgetedAmount=619.020, budgetDateRange=DateRange(startDate=2026-04-15, endDate=2026-04-21), rangeType=Week, isActive=false, startRange=2026-04-15, endRange=2026-04-21, isSingleDate=false), BudgetScheduleRange(id=null, budgetScheduleId=78, spentOnRange=0.000, budgetedAmount=619.020, budgetDateRange=DateRange(startDate=2026-04-29, endDate=2026-04-30), rangeType=Week, isActive=false, startRange=2026-04-29, endRange=2026-04-30, isSingleDate=false), BudgetScheduleRange(id=null, budgetScheduleId=74, spentOnRange=0.000, budgetedAmount=619.020, budgetDateRange=DateRange(startDate=2026-04-01, endDate=2026-04-07), rangeType=Week, isActive=false, startRange=2026-04-01, endRange=2026-04-07, isSingleDate=false)], periodType='MONTHLY', totalPeriods=5, status='ACTIVE', createdDate=null}}
2026-04-18 10:35:37 INFO  c.a.b.w.budget.BudgetScheduleUtil - Retrieving Budget Schedule Ranges: [com.app.budgetbuddy.entities.BudgetScheduleRangeEntity@a71ec86, com.app.budgetbuddy.entities.BudgetScheduleRangeEntity@5c43e03, com.app.budgetbuddy.entities.BudgetScheduleRangeEntity@4517f31d, com.app.budgetbuddy.entities.BudgetScheduleRangeEntity@44a6cf1b, com.app.budgetbuddy.entities.BudgetScheduleRangeEntity@77e8f7b7], size: 5
2026-04-18 10:35:37 INFO  c.a.b.w.budget.BudgetPeriodQueries - Getting budget period query data for userId: 1
2026-04-18 10:35:37 INFO  c.a.b.w.b.BudgetPeriodCategoryHandlerFactory - Getting budget period handler for period: MONTHLY
2026-04-18 10:35:38 INFO  c.a.b.c.TransactionCategoryController - Found 0 new transaction categories
2026-04-18 10:35:39 INFO  c.a.b.c.TransactionCategoryController - Found 0 new transaction categories
2026-04-18 10:35:39 INFO  c.a.b.s.TransactionCategoryServiceImpl - Checking if there are any updated transaction categories between 2026-03-01 and 2026-03-31
2026-04-18 10:35:39 INFO  c.a.b.s.TransactionCategoryServiceImpl - Found 0 updated transaction categories between 2026-03-01 and 2026-03-31
2026-04-18 10:35:39 INFO  c.a.b.workbench.runner.BudgetRunner - Starting monthly budget process for user 1 between 2026-03-01 and 2026-03-31
2026-04-18 10:35:39 INFO  c.a.b.workbench.runner.BudgetRunner - Found Budget: com.app.budgetbuddy.domain.Budget@75f06c00
2026-04-18 10:35:39 INFO  c.a.b.w.budget.BudgetScheduleUtil - Retrieving Budget Schedule Ranges: [com.app.budgetbuddy.entities.BudgetScheduleRangeEntity@2e3dc50d, com.app.budgetbuddy.entities.BudgetScheduleRangeEntity@6b6ec89f, com.app.budgetbuddy.entities.BudgetScheduleRangeEntity@1cf8248, com.app.budgetbuddy.entities.BudgetScheduleRangeEntity@411a2ad1, com.app.budgetbuddy.entities.BudgetScheduleRangeEntity@1c5208bd], size: 5
2026-04-18 10:35:39 INFO  c.a.b.workbench.runner.BudgetRunner - Processing SubBudget ID: 15 with Budget Schedule ID: 15
2026-04-18 10:35:39 INFO  c.a.b.w.b.SubBudgetStatisticsServiceImpl - SubBudget Savings Target: 875.00
2026-04-18 10:35:39 INFO  c.a.b.w.b.SubBudgetStatisticsServiceImpl - Budget Amount: 3095.08
2026-04-18 10:35:39 INFO  c.a.b.w.b.SubBudgetStatisticsServiceImpl - Total Spent: 4673.53
2026-04-18 10:35:39 INFO  c.a.b.w.b.SubBudgetStatisticsServiceImpl - Remaining: -1578.45
2026-04-18 10:35:39 INFO  c.a.b.w.b.SubBudgetStatisticsServiceImpl - Savings: 0
2026-04-18 10:35:39 INFO  c.a.b.w.b.SubBudgetHealthScoreImpl - Allocated amount for sub-budget 15 is 3095.08
2026-04-18 10:35:39 INFO  c.a.b.w.b.SubBudgetHealthScoreImpl - Spent on sub-budget 15 is 483.85
2026-04-18 10:35:39 INFO  c.a.b.w.b.SubBudgetHealthScoreImpl - Spending ratio for sub-budget 15 is 0.16
2026-04-18 10:35:39 INFO  c.a.b.w.b.SubBudgetHealthScoreImpl - Spending ratio for sub-budget 15 is 0.16
2026-04-18 10:35:39 INFO  c.a.b.w.b.SubBudgetHealthScoreImpl - Variance for sub-budget 15 is 2611.23
2026-04-18 10:35:39 INFO  c.a.b.w.b.SubBudgetHealthScoreImpl - Savings ratio for sub-budget 15 is -0.02
2026-04-18 10:35:39 INFO  c.a.b.w.b.SubBudgetHealthScoreImpl - Final Score: 90.00
2026-04-18 10:35:39 INFO  c.a.b.w.b.SubBudgetHealthScoreImpl - Health score for sub-budget 15 is 90.00
2026-04-18 10:35:39 INFO  c.a.b.w.b.SubBudgetStatisticsServiceImpl - SubBudget Stats: BudgetStats(budgetId=15, totalBudget=3095.08, totalSpent=4673.53, remaining=-1578.45, totalSaved=0, averageSpendingPerDay=155.78, dateRange=DateRange(startDate=2026-03-01, endDate=2026-03-31), healthScore=90.00, monthlyProjection=null)
2026-04-18 10:35:39 INFO  c.a.b.workbench.runner.BudgetRunner - Budget Stats for SubBudget 15: [BudgetStats(budgetId=15, totalBudget=3095.08, totalSpent=4673.53, remaining=-1578.45, totalSaved=0, averageSpendingPerDay=155.78, dateRange=DateRange(startDate=2026-03-01, endDate=2026-03-31), healthScore=90.00, monthlyProjection=null)]
2026-04-18 10:35:39 INFO  c.a.b.w.b.BudgetPeriodCategoryHandlerFactory - Getting budget period handler for period: MONTHLY
2026-04-18 10:35:39 INFO  c.a.b.workbench.runner.BudgetRunner - Retrieved 11 budget period categories for SubBudget ID: 15
2026-04-18 10:35:39 INFO  c.a.b.workbench.runner.BudgetRunner - BudgetPeriodCategory: BudgetPeriodCategory(category=Utilities, budgeted=161.58, actual=131.26, remaining=30.32, dateRange=DateRange(startDate=2026-03-01, endDate=2026-03-31), biWeekRanges=null, isOverBudget=false, spendingPercentage=0.8123530139868794, budgetStatus=GOOD)
2026-04-18 10:35:39 INFO  c.a.b.workbench.runner.BudgetRunner - BudgetPeriodCategory: BudgetPeriodCategory(category=Haircut, budgeted=39.5, actual=83.0, remaining=0, dateRange=DateRange(startDate=2026-03-01, endDate=2026-03-31), biWeekRanges=null, isOverBudget=true, spendingPercentage=2.1012658227848102, budgetStatus=OVER_BUDGET)
2026-04-18 10:35:39 INFO  c.a.b.workbench.runner.BudgetRunner - BudgetPeriodCategory: BudgetPeriodCategory(category=Order Out, budgeted=118.99, actual=181.64, remaining=0, dateRange=DateRange(startDate=2026-03-01, endDate=2026-03-31), biWeekRanges=null, isOverBudget=true, spendingPercentage=1.5265148331792586, budgetStatus=OVER_BUDGET)
2026-04-18 10:35:39 INFO  c.a.b.workbench.runner.BudgetRunner - BudgetPeriodCategory: BudgetPeriodCategory(category=Other, budgeted=185.24, actual=52.68, remaining=132.56, dateRange=DateRange(startDate=2026-03-01, endDate=2026-03-31), biWeekRanges=null, isOverBudget=false, spendingPercentage=0.28438782120492334, budgetStatus=UNDER_UTILIZED)
2026-04-18 10:35:39 INFO  c.a.b.workbench.runner.BudgetRunner - BudgetPeriodCategory: BudgetPeriodCategory(category=Groceries, budgeted=512.9, actual=411.08, remaining=101.82, dateRange=DateRange(startDate=2026-03-01, endDate=2026-03-31), biWeekRanges=null, isOverBudget=false, spendingPercentage=0.8014817703255995, budgetStatus=GOOD)
2026-04-18 10:35:39 INFO  c.a.b.workbench.runner.BudgetRunner - BudgetPeriodCategory: BudgetPeriodCategory(category=Gas, budgeted=56.43, actual=97.85, remaining=0, dateRange=DateRange(startDate=2026-03-01, endDate=2026-03-31), biWeekRanges=null, isOverBudget=true, spendingPercentage=1.734006734006734, budgetStatus=OVER_BUDGET)
2026-04-18 10:35:39 INFO  c.a.b.workbench.runner.BudgetRunner - BudgetPeriodCategory: BudgetPeriodCategory(category=Subscription, budgeted=73.07, actual=170.32, remaining=0, dateRange=DateRange(startDate=2026-03-01, endDate=2026-03-31), biWeekRanges=null, isOverBudget=true, spendingPercentage=2.3309155604215137, budgetStatus=OVER_BUDGET)
2026-04-18 10:35:39 INFO  c.a.b.workbench.runner.BudgetRunner - BudgetPeriodCategory: BudgetPeriodCategory(category=Insurance, budgeted=74.76, actual=140.2, remaining=0, dateRange=DateRange(startDate=2026-03-01, endDate=2026-03-31), biWeekRanges=null, isOverBudget=true, spendingPercentage=1.8753344034242907, budgetStatus=OVER_BUDGET)
2026-04-18 10:35:39 INFO  c.a.b.workbench.runner.BudgetRunner - BudgetPeriodCategory: BudgetPeriodCategory(category=Gas Bill, budgeted=31.28, actual=35.41, remaining=0, dateRange=DateRange(startDate=2026-03-01, endDate=2026-03-31), biWeekRanges=null, isOverBudget=true, spendingPercentage=1.1320332480818414, budgetStatus=OVER_BUDGET)
2026-04-18 10:35:39 INFO  c.a.b.workbench.runner.BudgetRunner - BudgetPeriodCategory: BudgetPeriodCategory(category=Rent, budgeted=1135.41, actual=1927.03, remaining=0, dateRange=DateRange(startDate=2026-03-01, endDate=2026-03-31), biWeekRanges=null, isOverBudget=true, spendingPercentage=1.6972106992187843, budgetStatus=OVER_BUDGET)
2026-04-18 10:35:39 INFO  c.a.b.workbench.runner.BudgetRunner - BudgetPeriodCategory: BudgetPeriodCategory(category=Payment, budgeted=427.71, actual=374.49, remaining=53.22, dateRange=DateRange(startDate=2026-03-01, endDate=2026-03-31), biWeekRanges=null, isOverBudget=false, spendingPercentage=0.8755698954899348, budgetStatus=GOOD)
2026-04-18 10:35:39 INFO  c.a.b.workbench.runner.BudgetRunner - Retrieved 5 top five expenses for SubBudget ID: 15
2026-04-18 10:35:39 INFO  c.a.b.workbench.runner.BudgetRunner - Retrieved Optional[ExpenseCategory(category=Expense, budgetedExpenses=3095.0800000000000000, actualExpenses=3604.96, remainingExpenses=-509.8800000000000000, isActive=true, startDate=2026-03-01, endDate=2026-03-31, isVariable=false)] expense categories for SubBudget ID: 15
2026-04-18 10:35:39 INFO  c.a.b.w.b.SubBudgetMonthOverviewServiceImpl - Adjusted start date from 2026-03-01 to 2026-02-26 to include end of previous year
2026-04-18 10:35:39 INFO  c.a.b.w.b.SubBudgetMonthOverviewServiceImpl - SubBudgetIds: [15, 14]
2026-04-18 10:35:39 INFO  c.a.b.w.b.SubBudgetMonthOverviewServiceImpl - Previous sub budget id is 14
2026-04-18 10:35:39 INFO  c.a.b.workbench.runner.BudgetRunner - Retrieved Optional[IncomeCategory(category=Income, budgetedIncome=3971.0000000000000000, actualBudgetedIncome=1988.27, remainingIncome=1982.73, startMonth=null, endMonth=null, isActive=false)] income category for SubBudget ID: 15
2026-04-18 10:35:39 INFO  c.a.b.workbench.runner.BudgetRunner - Retrieved Optional[com.app.budgetbuddy.domain.SavingsCategory@2cfd3882] savings category for SubBudget ID: 15
2026-04-18 10:35:39 INFO  c.a.b.workbench.runner.BudgetRunner - Budget Runner Result: {subBudget=SubBudget(id=15, subBudgetName=March 2026 - Budget, allocatedAmount=3095.08, subSavingsTarget=875.00, subSavingsAmount=-64.86, spentOnBudget=483.85, budget=com.app.budgetbuddy.domain.Budget@1e86fe41, startDate=2026-03-01, endDate=2026-03-31, year=0, subBudgetGoals=null, budgetSchedule=[BudgetSchedule{budgetScheduleId=15, subBudgetId=15, startDate=2026-03-01, endDate=2026-03-31, scheduleRange=DateRange(startDate=2026-03-01, endDate=2026-03-31), budgetScheduleRanges=[BudgetScheduleRange(id=null, budgetScheduleId=69, spentOnRange=0.000, budgetedAmount=238.090, budgetDateRange=DateRange(startDate=2026-03-01, endDate=2026-03-07), rangeType=Week, isActive=false, startRange=2026-03-01, endRange=2026-03-07, isSingleDate=false), BudgetScheduleRange(id=null, budgetScheduleId=73, spentOnRange=0.000, budgetedAmount=619.020, budgetDateRange=DateRange(startDate=2026-03-29, endDate=2026-03-31), rangeType=Week, isActive=false, startRange=2026-03-29, endRange=2026-03-31, isSingleDate=false), BudgetScheduleRange(id=null, budgetScheduleId=70, spentOnRange=0.000, budgetedAmount=238.090, budgetDateRange=DateRange(startDate=2026-03-08, endDate=2026-03-14), rangeType=Week, isActive=false, startRange=2026-03-08, endRange=2026-03-14, isSingleDate=false), BudgetScheduleRange(id=null, budgetScheduleId=71, spentOnRange=0.000, budgetedAmount=238.090, budgetDateRange=DateRange(startDate=2026-03-15, endDate=2026-03-21), rangeType=Week, isActive=false, startRange=2026-03-15, endRange=2026-03-21, isSingleDate=false), BudgetScheduleRange(id=null, budgetScheduleId=72, spentOnRange=0.000, budgetedAmount=238.090, budgetDateRange=DateRange(startDate=2026-03-22, endDate=2026-03-28), rangeType=Week, isActive=false, startRange=2026-03-22, endRange=2026-03-28, isSingleDate=false)], periodType='MONTHLY', totalPeriods=5, status='ACTIVE', createdDate=null}], controlledBudgetCategory=null, isActive=true), budget=com.app.budgetbuddy.domain.Budget@75f06c00, isOverBudget=false, budgetScheduleRanges=[BudgetScheduleRange(id=null, budgetScheduleId=69, spentOnRange=0.000, budgetedAmount=238.090, budgetDateRange=DateRange(startDate=2026-03-01, endDate=2026-03-07), rangeType=Week, isActive=false, startRange=2026-03-01, endRange=2026-03-07, isSingleDate=false), BudgetScheduleRange(id=null, budgetScheduleId=73, spentOnRange=0.000, budgetedAmount=619.020, budgetDateRange=DateRange(startDate=2026-03-29, endDate=2026-03-31), rangeType=Week, isActive=false, startRange=2026-03-29, endRange=2026-03-31, isSingleDate=false), BudgetScheduleRange(id=null, budgetScheduleId=70, spentOnRange=0.000, budgetedAmount=238.090, budgetDateRange=DateRange(startDate=2026-03-08, endDate=2026-03-14), rangeType=Week, isActive=false, startRange=2026-03-08, endRange=2026-03-14, isSingleDate=false), BudgetScheduleRange(id=null, budgetScheduleId=71, spentOnRange=0.000, budgetedAmount=238.090, budgetDateRange=DateRange(startDate=2026-03-15, endDate=2026-03-21), rangeType=Week, isActive=false, startRange=2026-03-15, endRange=2026-03-21, isSingleDate=false), BudgetScheduleRange(id=null, budgetScheduleId=72, spentOnRange=0.000, budgetedAmount=238.090, budgetDateRange=DateRange(startDate=2026-03-22, endDate=2026-03-28), rangeType=Week, isActive=false, startRange=2026-03-22, endRange=2026-03-28, isSingleDate=false)], spendingPercentage=0.0000, remainingAmount=37140.96, processDate=2026-04-18T10:35:39.133879500, budgetSchedule=BudgetSchedule{budgetScheduleId=15, subBudgetId=15, startDate=2026-03-01, endDate=2026-03-31, scheduleRange=DateRange(startDate=2026-03-01, endDate=2026-03-31), budgetScheduleRanges=[BudgetScheduleRange(id=null, budgetScheduleId=69, spentOnRange=0.000, budgetedAmount=238.090, budgetDateRange=DateRange(startDate=2026-03-01, endDate=2026-03-07), rangeType=Week, isActive=false, startRange=2026-03-01, endRange=2026-03-07, isSingleDate=false), BudgetScheduleRange(id=null, budgetScheduleId=73, spentOnRange=0.000, budgetedAmount=619.020, budgetDateRange=DateRange(startDate=2026-03-29, endDate=2026-03-31), rangeType=Week, isActive=false, startRange=2026-03-29, endRange=2026-03-31, isSingleDate=false), BudgetScheduleRange(id=null, budgetScheduleId=70, spentOnRange=0.000, budgetedAmount=238.090, budgetDateRange=DateRange(startDate=2026-03-08, endDate=2026-03-14), rangeType=Week, isActive=false, startRange=2026-03-08, endRange=2026-03-14, isSingleDate=false), BudgetScheduleRange(id=null, budgetScheduleId=71, spentOnRange=0.000, budgetedAmount=238.090, budgetDateRange=DateRange(startDate=2026-03-15, endDate=2026-03-21), rangeType=Week, isActive=false, startRange=2026-03-15, endRange=2026-03-21, isSingleDate=false), BudgetScheduleRange(id=null, budgetScheduleId=72, spentOnRange=0.000, budgetedAmount=238.090, budgetDateRange=DateRange(startDate=2026-03-22, endDate=2026-03-28), rangeType=Week, isActive=false, startRange=2026-03-22, endRange=2026-03-28, isSingleDate=false)], periodType='MONTHLY', totalPeriods=5, status='ACTIVE', createdDate=null}}
2026-04-18 10:35:39 INFO  c.a.b.w.budget.BudgetScheduleUtil - Retrieving Budget Schedule Ranges: [com.app.budgetbuddy.entities.BudgetScheduleRangeEntity@527b4eba, com.app.budgetbuddy.entities.BudgetScheduleRangeEntity@29e41627, com.app.budgetbuddy.entities.BudgetScheduleRangeEntity@4e5e26a7, com.app.budgetbuddy.entities.BudgetScheduleRangeEntity@12d10d28, com.app.budgetbuddy.entities.BudgetScheduleRangeEntity@6daf36b6], size: 5
2026-04-18 10:35:39 INFO  c.a.b.w.budget.BudgetPeriodQueries - Getting budget period query data for userId: 1
2026-04-18 10:35:39 INFO  c.a.b.w.b.BudgetPeriodCategoryHandlerFactory - Getting budget period handler for period: MONTHLY
2026-04-18 10:35:39 INFO  c.a.b.c.TransactionCategoryController - Found 0 new transaction categories
2026-04-18 10:35:39 INFO  c.a.b.c.TransactionCategoryController - Found 0 new transaction categories
2026-04-18 10:35:39 INFO  c.a.b.s.TransactionCategoryServiceImpl - Checking if there are any updated transaction categories between 2026-02-01 and 2026-02-28
2026-04-18 10:35:39 INFO  c.a.b.s.TransactionCategoryServiceImpl - Found 0 updated transaction categories between 2026-02-01 and 2026-02-28
2026-04-18 10:35:39 INFO  c.a.b.workbench.runner.BudgetRunner - Starting monthly budget process for user 1 between 2026-02-01 and 2026-02-28
2026-04-18 10:35:39 INFO  c.a.b.workbench.runner.BudgetRunner - Found Budget: com.app.budgetbuddy.domain.Budget@bd4308b
2026-04-18 10:35:39 INFO  c.a.b.w.budget.BudgetScheduleUtil - Retrieving Budget Schedule Ranges: [com.app.budgetbuddy.entities.BudgetScheduleRangeEntity@6863d193, com.app.budgetbuddy.entities.BudgetScheduleRangeEntity@2e5864ca, com.app.budgetbuddy.entities.BudgetScheduleRangeEntity@21938b61, com.app.budgetbuddy.entities.BudgetScheduleRangeEntity@1acac220], size: 4
2026-04-18 10:35:39 INFO  c.a.b.workbench.runner.BudgetRunner - Processing SubBudget ID: 14 with Budget Schedule ID: 14
2026-04-18 10:35:39 INFO  c.a.b.w.b.SubBudgetStatisticsServiceImpl - SubBudget Savings Target: 875.00
2026-04-18 10:35:39 INFO  c.a.b.w.b.SubBudgetStatisticsServiceImpl - Budget Amount: 3095.08
2026-04-18 10:35:39 INFO  c.a.b.w.b.SubBudgetStatisticsServiceImpl - Total Spent: 6710.59
2026-04-18 10:35:39 INFO  c.a.b.w.b.SubBudgetStatisticsServiceImpl - Remaining: -3615.51
2026-04-18 10:35:39 INFO  c.a.b.w.b.SubBudgetStatisticsServiceImpl - Savings: 0
2026-04-18 10:35:39 INFO  c.a.b.w.b.SubBudgetHealthScoreImpl - Allocated amount for sub-budget 14 is 3095.08
2026-04-18 10:35:39 INFO  c.a.b.w.b.SubBudgetHealthScoreImpl - Spent on sub-budget 14 is 259.35
2026-04-18 10:35:39 INFO  c.a.b.w.b.SubBudgetHealthScoreImpl - Spending ratio for sub-budget 14 is 0.08
2026-04-18 10:35:39 INFO  c.a.b.w.b.SubBudgetHealthScoreImpl - Spending ratio for sub-budget 14 is 0.08
2026-04-18 10:35:39 INFO  c.a.b.w.b.SubBudgetHealthScoreImpl - Variance for sub-budget 14 is 2835.73
2026-04-18 10:35:39 INFO  c.a.b.w.b.SubBudgetHealthScoreImpl - Savings ratio for sub-budget 14 is 0.01
2026-04-18 10:35:39 INFO  c.a.b.w.b.SubBudgetHealthScoreImpl - Final Score: 97.00
2026-04-18 10:35:39 INFO  c.a.b.w.b.SubBudgetHealthScoreImpl - Health score for sub-budget 14 is 97.00
2026-04-18 10:35:39 INFO  c.a.b.w.b.SubBudgetStatisticsServiceImpl - SubBudget Stats: BudgetStats(budgetId=14, totalBudget=3095.08, totalSpent=6710.59, remaining=-3615.51, totalSaved=0, averageSpendingPerDay=248.54, dateRange=DateRange(startDate=2026-02-01, endDate=2026-02-28), healthScore=97.00, monthlyProjection=null)
2026-04-18 10:35:39 INFO  c.a.b.workbench.runner.BudgetRunner - Budget Stats for SubBudget 14: [BudgetStats(budgetId=14, totalBudget=3095.08, totalSpent=6710.59, remaining=-3615.51, totalSaved=0, averageSpendingPerDay=248.54, dateRange=DateRange(startDate=2026-02-01, endDate=2026-02-28), healthScore=97.00, monthlyProjection=null)]
2026-04-18 10:35:39 INFO  c.a.b.w.b.BudgetPeriodCategoryHandlerFactory - Getting budget period handler for period: MONTHLY
2026-04-18 10:35:39 INFO  c.a.b.workbench.runner.BudgetRunner - Retrieved 12 budget period categories for SubBudget ID: 14
2026-04-18 10:35:39 INFO  c.a.b.workbench.runner.BudgetRunner - BudgetPeriodCategory: BudgetPeriodCategory(category=Utilities, budgeted=127.08, actual=265.08, remaining=0, dateRange=DateRange(startDate=2026-02-01, endDate=2026-02-28), biWeekRanges=null, isOverBudget=true, spendingPercentage=2.085930122757318, budgetStatus=OVER_BUDGET)
2026-04-18 10:35:39 INFO  c.a.b.workbench.runner.BudgetRunner - BudgetPeriodCategory: BudgetPeriodCategory(category=Order Out, budgeted=117.84, actual=105.79, remaining=12.05, dateRange=DateRange(startDate=2026-02-01, endDate=2026-02-28), biWeekRanges=null, isOverBudget=false, spendingPercentage=0.8977427019687713, budgetStatus=GOOD)
2026-04-18 10:35:39 INFO  c.a.b.workbench.runner.BudgetRunner - BudgetPeriodCategory: BudgetPeriodCategory(category=Groceries, budgeted=513.98, actual=497.44, remaining=16.54, dateRange=DateRange(startDate=2026-02-01, endDate=2026-02-28), biWeekRanges=null, isOverBudget=false, spendingPercentage=0.9678197595237168, budgetStatus=GOOD)
2026-04-18 10:35:39 INFO  c.a.b.workbench.runner.BudgetRunner - BudgetPeriodCategory: BudgetPeriodCategory(category=Other, budgeted=238.83, actual=34.95, remaining=203.88, dateRange=DateRange(startDate=2026-02-01, endDate=2026-02-28), biWeekRanges=null, isOverBudget=false, spendingPercentage=0.14633839969853035, budgetStatus=UNDER_UTILIZED)
2026-04-18 10:35:39 INFO  c.a.b.workbench.runner.BudgetRunner - BudgetPeriodCategory: BudgetPeriodCategory(category=Subscription, budgeted=55.61, actual=105.19, remaining=0, dateRange=DateRange(startDate=2026-02-01, endDate=2026-02-28), biWeekRanges=null, isOverBudget=true, spendingPercentage=1.891566265060241, budgetStatus=OVER_BUDGET)
2026-04-18 10:35:39 INFO  c.a.b.workbench.runner.BudgetRunner - BudgetPeriodCategory: BudgetPeriodCategory(category=Gas, budgeted=57.5, actual=76.05, remaining=0, dateRange=DateRange(startDate=2026-02-01, endDate=2026-02-28), biWeekRanges=null, isOverBudget=true, spendingPercentage=1.3226086956521739, budgetStatus=OVER_BUDGET)
2026-04-18 10:35:39 INFO  c.a.b.workbench.runner.BudgetRunner - BudgetPeriodCategory: BudgetPeriodCategory(category=Gas Bill, budgeted=24.12, actual=52.75, remaining=0, dateRange=DateRange(startDate=2026-02-01, endDate=2026-02-28), biWeekRanges=null, isOverBudget=true, spendingPercentage=2.1869817578772803, budgetStatus=OVER_BUDGET)
2026-04-18 10:35:39 INFO  c.a.b.workbench.runner.BudgetRunner - BudgetPeriodCategory: BudgetPeriodCategory(category=Insurance, budgeted=77.29, actual=67.14, remaining=10.15, dateRange=DateRange(startDate=2026-02-01, endDate=2026-02-28), biWeekRanges=null, isOverBudget=false, spendingPercentage=0.8686764135075689, budgetStatus=GOOD)
2026-04-18 10:35:39 INFO  c.a.b.workbench.runner.BudgetRunner - BudgetPeriodCategory: BudgetPeriodCategory(category=Rent, budgeted=614.61, actual=1927.03, remaining=0, dateRange=DateRange(startDate=2026-02-01, endDate=2026-02-28), biWeekRanges=null, isOverBudget=true, spendingPercentage=3.1353703974878377, budgetStatus=OVER_BUDGET)
2026-04-18 10:35:39 INFO  c.a.b.workbench.runner.BudgetRunner - BudgetPeriodCategory: BudgetPeriodCategory(category=Electric, budgeted=41.89, actual=52.77, remaining=0, dateRange=DateRange(startDate=2026-02-01, endDate=2026-02-28), biWeekRanges=null, isOverBudget=true, spendingPercentage=1.2597278586774887, budgetStatus=OVER_BUDGET)
2026-04-18 10:35:39 INFO  c.a.b.workbench.runner.BudgetRunner - BudgetPeriodCategory: BudgetPeriodCategory(category=Payment, budgeted=450.82, actual=351.97, remaining=98.85, dateRange=DateRange(startDate=2026-02-01, endDate=2026-02-28), biWeekRanges=null, isOverBudget=false, spendingPercentage=0.7807328867397189, budgetStatus=UNDER_UTILIZED)
2026-04-18 10:35:39 INFO  c.a.b.workbench.runner.BudgetRunner - BudgetPeriodCategory: BudgetPeriodCategory(category=To Go, budgeted=1.97, actual=8.43, remaining=0, dateRange=DateRange(startDate=2026-02-01, endDate=2026-02-28), biWeekRanges=null, isOverBudget=true, spendingPercentage=4.279187817258883, budgetStatus=OVER_BUDGET)
2026-04-18 10:35:39 INFO  c.a.b.workbench.runner.BudgetRunner - Retrieved 5 top five expenses for SubBudget ID: 14
2026-04-18 10:35:39 INFO  c.a.b.workbench.runner.BudgetRunner - Retrieved Optional[ExpenseCategory(category=Expense, budgetedExpenses=3095.0800000000000000, actualExpenses=3544.59, remainingExpenses=-449.5100000000000000, isActive=true, startDate=2026-02-01, endDate=2026-02-28, isVariable=false)] expense categories for SubBudget ID: 14
2026-04-18 10:35:39 INFO  c.a.b.w.b.SubBudgetMonthOverviewServiceImpl - Adjusted start date from 2026-02-01 to 2026-01-29 to include end of previous year
2026-04-18 10:35:39 INFO  c.a.b.w.b.SubBudgetMonthOverviewServiceImpl - SubBudgetIds: [14, 13]
2026-04-18 10:35:39 INFO  c.a.b.w.b.SubBudgetMonthOverviewServiceImpl - Previous sub budget id is 13
2026-04-18 10:35:39 INFO  c.a.b.workbench.runner.BudgetRunner - Retrieved Optional[IncomeCategory(category=Income, budgetedIncome=3971.0000000000000000, actualBudgetedIncome=3938.5, remainingIncome=32.5, startMonth=null, endMonth=null, isActive=false)] income category for SubBudget ID: 14
2026-04-18 10:35:39 INFO  c.a.b.workbench.runner.BudgetRunner - Retrieved Optional[com.app.budgetbuddy.domain.SavingsCategory@38c498df] savings category for SubBudget ID: 14
2026-04-18 10:35:39 INFO  c.a.b.workbench.runner.BudgetRunner - Budget Runner Result: {subBudget=SubBudget(id=14, subBudgetName=February 2026 - Budget, allocatedAmount=3095.08, subSavingsTarget=875.00, subSavingsAmount=44.95, spentOnBudget=259.35, budget=com.app.budgetbuddy.domain.Budget@1b3e6fd3, startDate=2026-02-01, endDate=2026-02-28, year=0, subBudgetGoals=null, budgetSchedule=[BudgetSchedule{budgetScheduleId=14, subBudgetId=14, startDate=2026-02-01, endDate=2026-02-28, scheduleRange=DateRange(startDate=2026-02-01, endDate=2026-02-28), budgetScheduleRanges=[BudgetScheduleRange(id=null, budgetScheduleId=68, spentOnRange=0.000, budgetedAmount=773.770, budgetDateRange=DateRange(startDate=2026-02-22, endDate=2026-02-28), rangeType=Week, isActive=false, startRange=2026-02-22, endRange=2026-02-28, isSingleDate=false), BudgetScheduleRange(id=null, budgetScheduleId=67, spentOnRange=0.000, budgetedAmount=773.770, budgetDateRange=DateRange(startDate=2026-02-15, endDate=2026-02-21), rangeType=Week, isActive=false, startRange=2026-02-15, endRange=2026-02-21, isSingleDate=false), BudgetScheduleRange(id=null, budgetScheduleId=66, spentOnRange=0.000, budgetedAmount=773.770, budgetDateRange=DateRange(startDate=2026-02-08, endDate=2026-02-14), rangeType=Week, isActive=false, startRange=2026-02-08, endRange=2026-02-14, isSingleDate=false), BudgetScheduleRange(id=null, budgetScheduleId=65, spentOnRange=0.000, budgetedAmount=773.770, budgetDateRange=DateRange(startDate=2026-02-01, endDate=2026-02-07), rangeType=Week, isActive=false, startRange=2026-02-01, endRange=2026-02-07, isSingleDate=false)], periodType='MONTHLY', totalPeriods=4, status='ACTIVE', createdDate=null}], controlledBudgetCategory=null, isActive=true), budget=com.app.budgetbuddy.domain.Budget@bd4308b, isOverBudget=false, budgetScheduleRanges=[BudgetScheduleRange(id=null, budgetScheduleId=68, spentOnRange=0.000, budgetedAmount=773.770, budgetDateRange=DateRange(startDate=2026-02-22, endDate=2026-02-28), rangeType=Week, isActive=false, startRange=2026-02-22, endRange=2026-02-28, isSingleDate=false), BudgetScheduleRange(id=null, budgetScheduleId=67, spentOnRange=0.000, budgetedAmount=773.770, budgetDateRange=DateRange(startDate=2026-02-15, endDate=2026-02-21), rangeType=Week, isActive=false, startRange=2026-02-15, endRange=2026-02-21, isSingleDate=false), BudgetScheduleRange(id=null, budgetScheduleId=66, spentOnRange=0.000, budgetedAmount=773.770, budgetDateRange=DateRange(startDate=2026-02-08, endDate=2026-02-14), rangeType=Week, isActive=false, startRange=2026-02-08, endRange=2026-02-14, isSingleDate=false), BudgetScheduleRange(id=null, budgetScheduleId=65, spentOnRange=0.000, budgetedAmount=773.770, budgetDateRange=DateRange(startDate=2026-02-01, endDate=2026-02-07), rangeType=Week, isActive=false, startRange=2026-02-01, endRange=2026-02-07, isSingleDate=false)], spendingPercentage=0.0000, remainingAmount=37140.96, processDate=2026-04-18T10:35:39.951155100, budgetSchedule=BudgetSchedule{budgetScheduleId=14, subBudgetId=14, startDate=2026-02-01, endDate=2026-02-28, scheduleRange=DateRange(startDate=2026-02-01, endDate=2026-02-28), budgetScheduleRanges=[BudgetScheduleRange(id=null, budgetScheduleId=68, spentOnRange=0.000, budgetedAmount=773.770, budgetDateRange=DateRange(startDate=2026-02-22, endDate=2026-02-28), rangeType=Week, isActive=false, startRange=2026-02-22, endRange=2026-02-28, isSingleDate=false), BudgetScheduleRange(id=null, budgetScheduleId=67, spentOnRange=0.000, budgetedAmount=773.770, budgetDateRange=DateRange(startDate=2026-02-15, endDate=2026-02-21), rangeType=Week, isActive=false, startRange=2026-02-15, endRange=2026-02-21, isSingleDate=false), BudgetScheduleRange(id=null, budgetScheduleId=66, spentOnRange=0.000, budgetedAmount=773.770, budgetDateRange=DateRange(startDate=2026-02-08, endDate=2026-02-14), rangeType=Week, isActive=false, startRange=2026-02-08, endRange=2026-02-14, isSingleDate=false), BudgetScheduleRange(id=null, budgetScheduleId=65, spentOnRange=0.000, budgetedAmount=773.770, budgetDateRange=DateRange(startDate=2026-02-01, endDate=2026-02-07), rangeType=Week, isActive=false, startRange=2026-02-01, endRange=2026-02-07, isSingleDate=false)], periodType='MONTHLY', totalPeriods=4, status='ACTIVE', createdDate=null}}
2026-04-18 10:35:40 INFO  c.a.b.w.budget.BudgetScheduleUtil - Retrieving Budget Schedule Ranges: [com.app.budgetbuddy.entities.BudgetScheduleRangeEntity@16a794a3, com.app.budgetbuddy.entities.BudgetScheduleRangeEntity@69424b27, com.app.budgetbuddy.entities.BudgetScheduleRangeEntity@3a6b028c, com.app.budgetbuddy.entities.BudgetScheduleRangeEntity@66db7146], size: 4
2026-04-18 10:35:40 INFO  c.a.b.w.budget.BudgetPeriodQueries - Getting budget period query data for userId: 1
2026-04-18 10:35:40 INFO  c.a.b.w.b.BudgetPeriodCategoryHandlerFactory - Getting budget period handler for period: MONTHLY
2026-04-18 10:35:40 INFO  c.a.b.c.TransactionCategoryController - Found 0 new transaction categories
2026-04-18 10:35:40 INFO  c.a.b.c.TransactionCategoryController - Found 0 new transaction categories
2026-04-18 10:35:40 INFO  c.a.b.s.TransactionCategoryServiceImpl - Checking if there are any updated transaction categories between 2026-01-01 and 2026-01-31
2026-04-18 10:35:40 INFO  c.a.b.s.TransactionCategoryServiceImpl - Found 0 updated transaction categories between 2026-01-01 and 2026-01-31
2026-04-18 10:35:40 INFO  c.a.b.workbench.runner.BudgetRunner - Starting monthly budget process for user 1 between 2026-01-01 and 2026-01-31
2026-04-18 10:35:40 INFO  c.a.b.workbench.runner.BudgetRunner - Found Budget: com.app.budgetbuddy.domain.Budget@3d1cc338
2026-04-18 10:35:40 INFO  c.a.b.w.budget.BudgetScheduleUtil - Retrieving Budget Schedule Ranges: [com.app.budgetbuddy.entities.BudgetScheduleRangeEntity@4d09ddd8, com.app.budgetbuddy.entities.BudgetScheduleRangeEntity@e341d30, com.app.budgetbuddy.entities.BudgetScheduleRangeEntity@631eeb4b, com.app.budgetbuddy.entities.BudgetScheduleRangeEntity@72c62701, com.app.budgetbuddy.entities.BudgetScheduleRangeEntity@2d60b088], size: 5
2026-04-18 10:35:40 INFO  c.a.b.workbench.runner.BudgetRunner - Processing SubBudget ID: 13 with Budget Schedule ID: 13
2026-04-18 10:35:40 INFO  c.a.b.w.b.SubBudgetStatisticsServiceImpl - SubBudget Savings Target: 875.00
2026-04-18 10:35:40 INFO  c.a.b.w.b.SubBudgetStatisticsServiceImpl - Budget Amount: 3095.08
2026-04-18 10:35:40 INFO  c.a.b.w.b.SubBudgetStatisticsServiceImpl - Total Spent: 6083.11
2026-04-18 10:35:40 INFO  c.a.b.w.b.SubBudgetStatisticsServiceImpl - Remaining: -2988.03
2026-04-18 10:35:40 INFO  c.a.b.w.b.SubBudgetStatisticsServiceImpl - Savings: 0
2026-04-18 10:35:40 INFO  c.a.b.w.b.SubBudgetHealthScoreImpl - Allocated amount for sub-budget 13 is 3095.08
2026-04-18 10:35:40 INFO  c.a.b.w.b.SubBudgetHealthScoreImpl - Spent on sub-budget 13 is 2133.20
2026-04-18 10:35:40 INFO  c.a.b.w.b.SubBudgetHealthScoreImpl - Spending ratio for sub-budget 13 is 0.69
2026-04-18 10:35:40 INFO  c.a.b.w.b.SubBudgetHealthScoreImpl - Spending ratio for sub-budget 13 is 0.69
2026-04-18 10:35:40 INFO  c.a.b.w.b.SubBudgetHealthScoreImpl - Variance for sub-budget 13 is 961.88
2026-04-18 10:35:40 INFO  c.a.b.w.b.SubBudgetHealthScoreImpl - Savings ratio for sub-budget 13 is -0.44
2026-04-18 10:35:40 INFO  c.a.b.w.b.SubBudgetHealthScoreImpl - Final Score: 21.50
2026-04-18 10:35:40 INFO  c.a.b.w.b.SubBudgetHealthScoreImpl - Health score for sub-budget 13 is 21.50
2026-04-18 10:35:40 INFO  c.a.b.w.b.SubBudgetStatisticsServiceImpl - SubBudget Stats: BudgetStats(budgetId=13, totalBudget=3095.08, totalSpent=6083.11, remaining=-2988.03, totalSaved=0, averageSpendingPerDay=202.77, dateRange=DateRange(startDate=2026-01-01, endDate=2026-01-31), healthScore=21.50, monthlyProjection=null)
2026-04-18 10:35:40 INFO  c.a.b.workbench.runner.BudgetRunner - Budget Stats for SubBudget 13: [BudgetStats(budgetId=13, totalBudget=3095.08, totalSpent=6083.11, remaining=-2988.03, totalSaved=0, averageSpendingPerDay=202.77, dateRange=DateRange(startDate=2026-01-01, endDate=2026-01-31), healthScore=21.50, monthlyProjection=null)]
2026-04-18 10:35:40 INFO  c.a.b.w.b.BudgetPeriodCategoryHandlerFactory - Getting budget period handler for period: MONTHLY
2026-04-18 10:35:40 INFO  c.a.b.workbench.runner.BudgetRunner - Retrieved 13 budget period categories for SubBudget ID: 13
2026-04-18 10:35:40 INFO  c.a.b.workbench.runner.BudgetRunner - BudgetPeriodCategory: BudgetPeriodCategory(category=To Go, budgeted=0.0, actual=8.43, remaining=0, dateRange=DateRange(startDate=2026-01-01, endDate=2026-01-31), biWeekRanges=null, isOverBudget=true, spendingPercentage=Infinity, budgetStatus=OVER_BUDGET)
2026-04-18 10:35:40 INFO  c.a.b.workbench.runner.BudgetRunner - BudgetPeriodCategory: BudgetPeriodCategory(category=Utilities, budgeted=126.77, actual=127.71, remaining=0, dateRange=DateRange(startDate=2026-01-01, endDate=2026-01-31), biWeekRanges=null, isOverBudget=true, spendingPercentage=1.0074150035497358, budgetStatus=OVER_BUDGET)
2026-04-18 10:35:40 INFO  c.a.b.workbench.runner.BudgetRunner - BudgetPeriodCategory: BudgetPeriodCategory(category=Haircut, budgeted=52.0, actual=54.0, remaining=0, dateRange=DateRange(startDate=2026-01-01, endDate=2026-01-31), biWeekRanges=null, isOverBudget=true, spendingPercentage=1.0384615384615385, budgetStatus=OVER_BUDGET)
2026-04-18 10:35:40 INFO  c.a.b.workbench.runner.BudgetRunner - BudgetPeriodCategory: BudgetPeriodCategory(category=Order Out, budgeted=100.82, actual=216.95, remaining=0, dateRange=DateRange(startDate=2026-01-01, endDate=2026-01-31), biWeekRanges=null, isOverBudget=true, spendingPercentage=2.151854790716128, budgetStatus=OVER_BUDGET)
2026-04-18 10:35:40 INFO  c.a.b.workbench.runner.BudgetRunner - BudgetPeriodCategory: BudgetPeriodCategory(category=Groceries, budgeted=454.11, actual=905.34, remaining=0, dateRange=DateRange(startDate=2026-01-01, endDate=2026-01-31), biWeekRanges=null, isOverBudget=true, spendingPercentage=1.9936579242914712, budgetStatus=OVER_BUDGET)
2026-04-18 10:35:40 INFO  c.a.b.workbench.runner.BudgetRunner - BudgetPeriodCategory: BudgetPeriodCategory(category=Other, budgeted=288.88, actual=198.21, remaining=90.67, dateRange=DateRange(startDate=2026-01-01, endDate=2026-01-31), biWeekRanges=null, isOverBudget=false, spendingPercentage=0.6861326502353919, budgetStatus=UNDER_UTILIZED)
2026-04-18 10:35:40 INFO  c.a.b.workbench.runner.BudgetRunner - BudgetPeriodCategory: BudgetPeriodCategory(category=Subscription, budgeted=29.48, actual=143.31, remaining=0, dateRange=DateRange(startDate=2026-01-01, endDate=2026-01-31), biWeekRanges=null, isOverBudget=true, spendingPercentage=4.861261872455902, budgetStatus=OVER_BUDGET)
2026-04-18 10:35:40 INFO  c.a.b.workbench.runner.BudgetRunner - BudgetPeriodCategory: BudgetPeriodCategory(category=Gas, budgeted=59.92, actual=75.21, remaining=0, dateRange=DateRange(startDate=2026-01-01, endDate=2026-01-31), biWeekRanges=null, isOverBudget=true, spendingPercentage=1.2551735647530038, budgetStatus=OVER_BUDGET)
2026-04-18 10:35:40 INFO  c.a.b.workbench.runner.BudgetRunner - BudgetPeriodCategory: BudgetPeriodCategory(category=Gas Bill, budgeted=18.63, actual=35.11, remaining=0, dateRange=DateRange(startDate=2026-01-01, endDate=2026-01-31), biWeekRanges=null, isOverBudget=true, spendingPercentage=1.8845947396672036, budgetStatus=OVER_BUDGET)
2026-04-18 10:35:40 INFO  c.a.b.workbench.runner.BudgetRunner - BudgetPeriodCategory: BudgetPeriodCategory(category=Insurance, budgeted=78.68, actual=74.52, remaining=4.16, dateRange=DateRange(startDate=2026-01-01, endDate=2026-01-31), biWeekRanges=null, isOverBudget=false, spendingPercentage=0.9471276054905947, budgetStatus=GOOD)
2026-04-18 10:35:40 INFO  c.a.b.workbench.runner.BudgetRunner - BudgetPeriodCategory: BudgetPeriodCategory(category=Rent, budgeted=1348.92, actual=1927.03, remaining=0, dateRange=DateRange(startDate=2026-01-01, endDate=2026-01-31), biWeekRanges=null, isOverBudget=true, spendingPercentage=1.4285724876197252, budgetStatus=OVER_BUDGET)
2026-04-18 10:35:40 INFO  c.a.b.workbench.runner.BudgetRunner - BudgetPeriodCategory: BudgetPeriodCategory(category=Electric, budgeted=30.89, actual=63.89, remaining=0, dateRange=DateRange(startDate=2026-01-01, endDate=2026-01-31), biWeekRanges=null, isOverBudget=true, spendingPercentage=2.068306895435416, budgetStatus=OVER_BUDGET)
2026-04-18 10:35:40 INFO  c.a.b.workbench.runner.BudgetRunner - BudgetPeriodCategory: BudgetPeriodCategory(category=Payment, budgeted=501.74, actual=692.13, remaining=0, dateRange=DateRange(startDate=2026-01-01, endDate=2026-01-31), biWeekRanges=null, isOverBudget=true, spendingPercentage=1.3794594810060987, budgetStatus=OVER_BUDGET)
2026-04-18 10:35:40 INFO  c.a.b.workbench.runner.BudgetRunner - Retrieved 5 top five expenses for SubBudget ID: 13
2026-04-18 10:35:40 INFO  c.a.b.workbench.runner.BudgetRunner - Retrieved Optional[ExpenseCategory(category=Expense, budgetedExpenses=3095.0800000000000000, actualExpenses=4521.84, remainingExpenses=-1426.7600000000000000, isActive=true, startDate=2026-01-01, endDate=2026-01-31, isVariable=false)] expense categories for SubBudget ID: 13
2026-04-18 10:35:40 INFO  c.a.b.w.b.SubBudgetMonthOverviewServiceImpl - Adjusted start date from 2026-01-01 to 2025-12-29 to include end of previous year
2026-04-18 10:35:40 INFO  c.a.b.w.b.SubBudgetMonthOverviewServiceImpl - SubBudgetIds: [13, 12]
2026-04-18 10:35:40 INFO  c.a.b.w.b.SubBudgetMonthOverviewServiceImpl - Previous sub budget id is 12
2026-04-18 10:35:40 INFO  c.a.b.workbench.runner.BudgetRunner - Retrieved Optional[IncomeCategory(category=Income, budgetedIncome=3971.0000000000000000, actualBudgetedIncome=3897.58, remainingIncome=73.42, startMonth=null, endMonth=null, isActive=false)] income category for SubBudget ID: 13
2026-04-18 10:35:40 INFO  c.a.b.workbench.runner.BudgetRunner - Retrieved Optional[com.app.budgetbuddy.domain.SavingsCategory@1c71c4a3] savings category for SubBudget ID: 13
2026-04-18 10:35:40 INFO  c.a.b.workbench.runner.BudgetRunner - Budget Runner Result: {subBudget=SubBudget(id=13, subBudgetName=January 2026 - Budget, allocatedAmount=3095.08, subSavingsTarget=875.00, subSavingsAmount=-1375.74, spentOnBudget=2133.20, budget=com.app.budgetbuddy.domain.Budget@33f282cf, startDate=2026-01-01, endDate=2026-01-31, year=0, subBudgetGoals=null, budgetSchedule=[BudgetSchedule{budgetScheduleId=13, subBudgetId=13, startDate=2026-01-01, endDate=2026-01-31, scheduleRange=DateRange(startDate=2026-01-01, endDate=2026-01-31), budgetScheduleRanges=[BudgetScheduleRange(id=null, budgetScheduleId=61, spentOnRange=null, budgetedAmount=619.020, budgetDateRange=DateRange(startDate=2026-01-08, endDate=2026-01-14), rangeType=Week, isActive=false, startRange=2026-01-08, endRange=2026-01-14, isSingleDate=false), BudgetScheduleRange(id=null, budgetScheduleId=62, spentOnRange=null, budgetedAmount=619.020, budgetDateRange=DateRange(startDate=2026-01-15, endDate=2026-01-21), rangeType=Week, isActive=false, startRange=2026-01-15, endRange=2026-01-21, isSingleDate=false), BudgetScheduleRange(id=null, budgetScheduleId=64, spentOnRange=null, budgetedAmount=619.020, budgetDateRange=DateRange(startDate=2026-01-29, endDate=2026-01-31), rangeType=Week, isActive=false, startRange=2026-01-29, endRange=2026-01-31, isSingleDate=false), BudgetScheduleRange(id=null, budgetScheduleId=60, spentOnRange=null, budgetedAmount=619.020, budgetDateRange=DateRange(startDate=2026-01-01, endDate=2026-01-07), rangeType=Week, isActive=false, startRange=2026-01-01, endRange=2026-01-07, isSingleDate=false), BudgetScheduleRange(id=null, budgetScheduleId=63, spentOnRange=null, budgetedAmount=619.020, budgetDateRange=DateRange(startDate=2026-01-22, endDate=2026-01-28), rangeType=Week, isActive=false, startRange=2026-01-22, endRange=2026-01-28, isSingleDate=false)], periodType='MONTHLY', totalPeriods=5, status='ACTIVE', createdDate=null}], controlledBudgetCategory=null, isActive=true), budget=com.app.budgetbuddy.domain.Budget@3d1cc338, isOverBudget=false, budgetScheduleRanges=[BudgetScheduleRange(id=null, budgetScheduleId=61, spentOnRange=null, budgetedAmount=619.020, budgetDateRange=DateRange(startDate=2026-01-08, endDate=2026-01-14), rangeType=Week, isActive=false, startRange=2026-01-08, endRange=2026-01-14, isSingleDate=false), BudgetScheduleRange(id=null, budgetScheduleId=62, spentOnRange=null, budgetedAmount=619.020, budgetDateRange=DateRange(startDate=2026-01-15, endDate=2026-01-21), rangeType=Week, isActive=false, startRange=2026-01-15, endRange=2026-01-21, isSingleDate=false), BudgetScheduleRange(id=null, budgetScheduleId=64, spentOnRange=null, budgetedAmount=619.020, budgetDateRange=DateRange(startDate=2026-01-29, endDate=2026-01-31), rangeType=Week, isActive=false, startRange=2026-01-29, endRange=2026-01-31, isSingleDate=false), BudgetScheduleRange(id=null, budgetScheduleId=60, spentOnRange=null, budgetedAmount=619.020, budgetDateRange=DateRange(startDate=2026-01-01, endDate=2026-01-07), rangeType=Week, isActive=false, startRange=2026-01-01, endRange=2026-01-07, isSingleDate=false), BudgetScheduleRange(id=null, budgetScheduleId=63, spentOnRange=null, budgetedAmount=619.020, budgetDateRange=DateRange(startDate=2026-01-22, endDate=2026-01-28), rangeType=Week, isActive=false, startRange=2026-01-22, endRange=2026-01-28, isSingleDate=false)], spendingPercentage=0.0000, remainingAmount=37140.96, processDate=2026-04-18T10:35:40.993048500, budgetSchedule=BudgetSchedule{budgetScheduleId=13, subBudgetId=13, startDate=2026-01-01, endDate=2026-01-31, scheduleRange=DateRange(startDate=2026-01-01, endDate=2026-01-31), budgetScheduleRanges=[BudgetScheduleRange(id=null, budgetScheduleId=61, spentOnRange=null, budgetedAmount=619.020, budgetDateRange=DateRange(startDate=2026-01-08, endDate=2026-01-14), rangeType=Week, isActive=false, startRange=2026-01-08, endRange=2026-01-14, isSingleDate=false), BudgetScheduleRange(id=null, budgetScheduleId=62, spentOnRange=null, budgetedAmount=619.020, budgetDateRange=DateRange(startDate=2026-01-15, endDate=2026-01-21), rangeType=Week, isActive=false, startRange=2026-01-15, endRange=2026-01-21, isSingleDate=false), BudgetScheduleRange(id=null, budgetScheduleId=64, spentOnRange=null, budgetedAmount=619.020, budgetDateRange=DateRange(startDate=2026-01-29, endDate=2026-01-31), rangeType=Week, isActive=false, startRange=2026-01-29, endRange=2026-01-31, isSingleDate=false), BudgetScheduleRange(id=null, budgetScheduleId=60, spentOnRange=null, budgetedAmount=619.020, budgetDateRange=DateRange(startDate=2026-01-01, endDate=2026-01-07), rangeType=Week, isActive=false, startRange=2026-01-01, endRange=2026-01-07, isSingleDate=false), BudgetScheduleRange(id=null, budgetScheduleId=63, spentOnRange=null, budgetedAmount=619.020, budgetDateRange=DateRange(startDate=2026-01-22, endDate=2026-01-28), rangeType=Week, isActive=false, startRange=2026-01-22, endRange=2026-01-28, isSingleDate=false)], periodType='MONTHLY', totalPeriods=5, status='ACTIVE', createdDate=null}}
2026-04-18 10:35:41 INFO  c.a.b.w.budget.BudgetScheduleUtil - Retrieving Budget Schedule Ranges: [com.app.budgetbuddy.entities.BudgetScheduleRangeEntity@4d089be9, com.app.budgetbuddy.entities.BudgetScheduleRangeEntity@3c15ebf6, com.app.budgetbuddy.entities.BudgetScheduleRangeEntity@5e5183e5, com.app.budgetbuddy.entities.BudgetScheduleRangeEntity@39ba0adf, com.app.budgetbuddy.entities.BudgetScheduleRangeEntity@13a711f2], size: 5
2026-04-18 10:35:41 INFO  c.a.b.w.budget.BudgetPeriodQueries - Getting budget period query data for userId: 1
2026-04-18 10:35:41 INFO  c.a.b.w.b.BudgetPeriodCategoryHandlerFactory - Getting budget period handler for period: MONTHLY
2026-04-18 10:35:41 INFO  c.a.b.c.TransactionCategoryController - Found 0 new transaction categories
2026-04-18 10:35:41 INFO  c.a.b.c.TransactionCategoryController - Found 0 new transaction categories
2026-04-18 10:35:41 INFO  c.a.b.s.TransactionCategoryServiceImpl - Checking if there are any updated transaction categories between 2025-12-01 and 2025-12-31
2026-04-18 10:35:41 INFO  c.a.b.s.TransactionCategoryServiceImpl - Found 0 updated transaction categories between 2025-12-01 and 2025-12-31
2026-04-18 10:35:41 INFO  c.a.b.workbench.runner.BudgetRunner - Starting monthly budget process for user 1 between 2025-12-01 and 2025-12-31
2026-04-18 10:35:41 INFO  c.a.b.workbench.runner.BudgetRunner - Found Budget: com.app.budgetbuddy.domain.Budget@70971d08
2026-04-18 10:35:41 INFO  c.a.b.w.budget.BudgetScheduleUtil - Retrieving Budget Schedule Ranges: [com.app.budgetbuddy.entities.BudgetScheduleRangeEntity@46ef206b, com.app.budgetbuddy.entities.BudgetScheduleRangeEntity@4b706c1, com.app.budgetbuddy.entities.BudgetScheduleRangeEntity@12610239, com.app.budgetbuddy.entities.BudgetScheduleRangeEntity@5c059118, com.app.budgetbuddy.entities.BudgetScheduleRangeEntity@4450c84e], size: 5
2026-04-18 10:35:41 INFO  c.a.b.workbench.runner.BudgetRunner - Processing SubBudget ID: 12 with Budget Schedule ID: 12
2026-04-18 10:35:41 INFO  c.a.b.w.b.SubBudgetStatisticsServiceImpl - SubBudget Savings Target: 874.92
2026-04-18 10:35:41 INFO  c.a.b.w.b.SubBudgetStatisticsServiceImpl - Budget Amount: 3096.08
2026-04-18 10:35:41 INFO  c.a.b.w.b.SubBudgetStatisticsServiceImpl - Total Spent: 4691.77
2026-04-18 10:35:41 INFO  c.a.b.w.b.SubBudgetStatisticsServiceImpl - Remaining: -1595.69
2026-04-18 10:35:41 INFO  c.a.b.w.b.SubBudgetStatisticsServiceImpl - Savings: 0
2026-04-18 10:35:41 INFO  c.a.b.w.b.SubBudgetHealthScoreImpl - Allocated amount for sub-budget 12 is 3096.08
2026-04-18 10:35:41 INFO  c.a.b.w.b.SubBudgetHealthScoreImpl - Spent on sub-budget 12 is 3853.80
2026-04-18 10:35:41 INFO  c.a.b.w.b.SubBudgetHealthScoreImpl - Spending ratio for sub-budget 12 is 1.24
2026-04-18 10:35:41 INFO  c.a.b.w.b.SubBudgetHealthScoreImpl - Spending ratio for sub-budget 12 is 1.24
2026-04-18 10:35:41 INFO  c.a.b.w.b.SubBudgetHealthScoreImpl - Variance for sub-budget 12 is 757.72
2026-04-18 10:35:41 INFO  c.a.b.w.b.SubBudgetHealthScoreImpl - Savings ratio for sub-budget 12 is -2.84
2026-04-18 10:35:41 INFO  c.a.b.w.b.SubBudgetHealthScoreImpl - Final Score: -246.00
2026-04-18 10:35:41 INFO  c.a.b.w.b.SubBudgetHealthScoreImpl - Health score for sub-budget 12 is 0
2026-04-18 10:35:41 INFO  c.a.b.w.b.SubBudgetStatisticsServiceImpl - SubBudget Stats: BudgetStats(budgetId=12, totalBudget=3096.08, totalSpent=4691.77, remaining=-1595.69, totalSaved=0, averageSpendingPerDay=156.39, dateRange=DateRange(startDate=2025-12-01, endDate=2025-12-31), healthScore=0, monthlyProjection=null)
2026-04-18 10:35:41 INFO  c.a.b.workbench.runner.BudgetRunner - Budget Stats for SubBudget 12: [BudgetStats(budgetId=12, totalBudget=3096.08, totalSpent=4691.77, remaining=-1595.69, totalSaved=0, averageSpendingPerDay=156.39, dateRange=DateRange(startDate=2025-12-01, endDate=2025-12-31), healthScore=0, monthlyProjection=null)]
2026-04-18 10:35:41 INFO  c.a.b.w.b.BudgetPeriodCategoryHandlerFactory - Getting budget period handler for period: MONTHLY
2026-04-18 10:35:41 INFO  c.a.b.workbench.runner.BudgetRunner - Retrieved 13 budget period categories for SubBudget ID: 12
2026-04-18 10:35:41 INFO  c.a.b.workbench.runner.BudgetRunner - BudgetPeriodCategory: BudgetPeriodCategory(category=Trip, budgeted=0.0, actual=30.9, remaining=0, dateRange=DateRange(startDate=2025-12-01, endDate=2025-12-31), biWeekRanges=null, isOverBudget=true, spendingPercentage=Infinity, budgetStatus=OVER_BUDGET)
2026-04-18 10:35:41 INFO  c.a.b.workbench.runner.BudgetRunner - BudgetPeriodCategory: BudgetPeriodCategory(category=Utilities, budgeted=129.93, actual=123.6, remaining=6.33, dateRange=DateRange(startDate=2025-12-01, endDate=2025-12-31), biWeekRanges=null, isOverBudget=false, spendingPercentage=0.9512814592472869, budgetStatus=GOOD)
2026-04-18 10:35:41 INFO  c.a.b.workbench.runner.BudgetRunner - BudgetPeriodCategory: BudgetPeriodCategory(category=Haircut, budgeted=52.0, actual=52.0, remaining=0, dateRange=DateRange(startDate=2025-12-01, endDate=2025-12-31), biWeekRanges=null, isOverBudget=false, spendingPercentage=1.0, budgetStatus=GOOD)
2026-04-18 10:35:41 INFO  c.a.b.workbench.runner.BudgetRunner - BudgetPeriodCategory: BudgetPeriodCategory(category=Order Out, budgeted=195.57, actual=177.05, remaining=18.52, dateRange=DateRange(startDate=2025-12-01, endDate=2025-12-31), biWeekRanges=null, isOverBudget=false, spendingPercentage=0.9053024492509077, budgetStatus=GOOD)
2026-04-18 10:35:41 INFO  c.a.b.workbench.runner.BudgetRunner - BudgetPeriodCategory: BudgetPeriodCategory(category=Groceries, budgeted=506.81, actual=573.44, remaining=0, dateRange=DateRange(startDate=2025-12-01, endDate=2025-12-31), biWeekRanges=null, isOverBudget=true, spendingPercentage=1.1314693869497445, budgetStatus=OVER_BUDGET)
2026-04-18 10:35:41 INFO  c.a.b.workbench.runner.BudgetRunner - BudgetPeriodCategory: BudgetPeriodCategory(category=Other, budgeted=149.72, actual=344.1, remaining=0, dateRange=DateRange(startDate=2025-12-01, endDate=2025-12-31), biWeekRanges=null, isOverBudget=true, spendingPercentage=2.2982901415976493, budgetStatus=OVER_BUDGET)
2026-04-18 10:35:41 INFO  c.a.b.workbench.runner.BudgetRunner - BudgetPeriodCategory: BudgetPeriodCategory(category=Subscription, budgeted=40.21, actual=95.35, remaining=0, dateRange=DateRange(startDate=2025-12-01, endDate=2025-12-31), biWeekRanges=null, isOverBudget=true, spendingPercentage=2.3713006714747573, budgetStatus=OVER_BUDGET)
2026-04-18 10:35:41 INFO  c.a.b.workbench.runner.BudgetRunner - BudgetPeriodCategory: BudgetPeriodCategory(category=Gas, budgeted=73.12, actual=66.75, remaining=6.37, dateRange=DateRange(startDate=2025-12-01, endDate=2025-12-31), biWeekRanges=null, isOverBudget=false, spendingPercentage=0.9128829321663019, budgetStatus=GOOD)
2026-04-18 10:35:41 INFO  c.a.b.workbench.runner.BudgetRunner - BudgetPeriodCategory: BudgetPeriodCategory(category=Insurance, budgeted=80.07, actual=77.29, remaining=2.78, dateRange=DateRange(startDate=2025-12-01, endDate=2025-12-31), biWeekRanges=null, isOverBudget=false, spendingPercentage=0.9652803796677908, budgetStatus=GOOD)
2026-04-18 10:35:41 INFO  c.a.b.workbench.runner.BudgetRunner - BudgetPeriodCategory: BudgetPeriodCategory(category=Gas Bill, budgeted=16.5, actual=20.75, remaining=0, dateRange=DateRange(startDate=2025-12-01, endDate=2025-12-31), biWeekRanges=null, isOverBudget=true, spendingPercentage=1.2575757575757576, budgetStatus=OVER_BUDGET)
2026-04-18 10:35:41 INFO  c.a.b.workbench.runner.BudgetRunner - BudgetPeriodCategory: BudgetPeriodCategory(category=Rent, budgeted=1348.92, actual=1927.03, remaining=0, dateRange=DateRange(startDate=2025-12-01, endDate=2025-12-31), biWeekRanges=null, isOverBudget=true, spendingPercentage=1.4285724876197252, budgetStatus=OVER_BUDGET)
2026-04-18 10:35:41 INFO  c.a.b.workbench.runner.BudgetRunner - BudgetPeriodCategory: BudgetPeriodCategory(category=Electric, budgeted=0.0, actual=61.77, remaining=0, dateRange=DateRange(startDate=2025-12-01, endDate=2025-12-31), biWeekRanges=null, isOverBudget=true, spendingPercentage=Infinity, budgetStatus=OVER_BUDGET)
2026-04-18 10:35:41 INFO  c.a.b.workbench.runner.BudgetRunner - BudgetPeriodCategory: BudgetPeriodCategory(category=Payment, budgeted=271.96, actual=1045.03, remaining=0, dateRange=DateRange(startDate=2025-12-01, endDate=2025-12-31), biWeekRanges=null, isOverBudget=true, spendingPercentage=3.8425871451684075, budgetStatus=OVER_BUDGET)
2026-04-18 10:35:41 INFO  c.a.b.workbench.runner.BudgetRunner - Retrieved 5 top five expenses for SubBudget ID: 12
2026-04-18 10:35:41 INFO  c.a.b.workbench.runner.BudgetRunner - Retrieved Optional[ExpenseCategory(category=Expense, budgetedExpenses=3971.0000000000000000, actualExpenses=4595.06, remainingExpenses=-624.0600000000000000, isActive=true, startDate=2025-12-01, endDate=2025-12-31, isVariable=false)] expense categories for SubBudget ID: 12
2026-04-18 10:35:41 INFO  c.a.b.w.b.SubBudgetMonthOverviewServiceImpl - Adjusted start date from 2025-12-01 to 2025-11-28 to include end of previous year
2026-04-18 10:35:41 INFO  c.a.b.w.b.SubBudgetMonthOverviewServiceImpl - SubBudgetIds: [12, 11]
2026-04-18 10:35:41 INFO  c.a.b.w.b.SubBudgetMonthOverviewServiceImpl - Previous sub budget id is 11
2026-04-18 10:35:41 INFO  c.a.b.workbench.runner.BudgetRunner - Retrieved Optional[IncomeCategory(category=Income, budgetedIncome=3971.0000000000000000, actualBudgetedIncome=3940.02, remainingIncome=30.98, startMonth=null, endMonth=null, isActive=false)] income category for SubBudget ID: 12
2026-04-18 10:35:41 INFO  c.a.b.workbench.runner.BudgetRunner - Retrieved Optional[com.app.budgetbuddy.domain.SavingsCategory@36870d0e] savings category for SubBudget ID: 12
2026-04-18 10:35:41 INFO  c.a.b.workbench.runner.BudgetRunner - Budget Runner Result: {subBudget=SubBudget(id=12, subBudgetName=December 2025 - Budget, allocatedAmount=3096.08, subSavingsTarget=874.92, subSavingsAmount=-8792.23, spentOnBudget=3853.80, budget=com.app.budgetbuddy.domain.Budget@6ea6b92b, startDate=2025-12-01, endDate=2025-12-31, year=0, subBudgetGoals=null, budgetSchedule=[BudgetSchedule{budgetScheduleId=12, subBudgetId=12, startDate=2025-12-01, endDate=2025-12-31, scheduleRange=DateRange(startDate=2025-12-01, endDate=2025-12-31), budgetScheduleRanges=[BudgetScheduleRange(id=null, budgetScheduleId=59, spentOnRange=0.000, budgetedAmount=619.220, budgetDateRange=DateRange(startDate=2025-12-29, endDate=2025-12-31), rangeType=Week, isActive=false, startRange=2025-12-29, endRange=2025-12-31, isSingleDate=false), BudgetScheduleRange(id=null, budgetScheduleId=55, spentOnRange=0.000, budgetedAmount=99.880, budgetDateRange=DateRange(startDate=2025-12-01, endDate=2025-12-07), rangeType=Week, isActive=false, startRange=2025-12-01, endRange=2025-12-07, isSingleDate=false), BudgetScheduleRange(id=null, budgetScheduleId=56, spentOnRange=0.000, budgetedAmount=99.880, budgetDateRange=DateRange(startDate=2025-12-08, endDate=2025-12-14), rangeType=Week, isActive=false, startRange=2025-12-08, endRange=2025-12-14, isSingleDate=false), BudgetScheduleRange(id=null, budgetScheduleId=57, spentOnRange=0.000, budgetedAmount=99.880, budgetDateRange=DateRange(startDate=2025-12-15, endDate=2025-12-21), rangeType=Week, isActive=false, startRange=2025-12-15, endRange=2025-12-21, isSingleDate=false), BudgetScheduleRange(id=null, budgetScheduleId=58, spentOnRange=0.000, budgetedAmount=99.880, budgetDateRange=DateRange(startDate=2025-12-22, endDate=2025-12-28), rangeType=Week, isActive=false, startRange=2025-12-22, endRange=2025-12-28, isSingleDate=false)], periodType='MONTHLY', totalPeriods=5, status='ACTIVE', createdDate=null}], controlledBudgetCategory=null, isActive=true), budget=com.app.budgetbuddy.domain.Budget@70971d08, isOverBudget=false, budgetScheduleRanges=[BudgetScheduleRange(id=null, budgetScheduleId=59, spentOnRange=0.000, budgetedAmount=619.220, budgetDateRange=DateRange(startDate=2025-12-29, endDate=2025-12-31), rangeType=Week, isActive=false, startRange=2025-12-29, endRange=2025-12-31, isSingleDate=false), BudgetScheduleRange(id=null, budgetScheduleId=55, spentOnRange=0.000, budgetedAmount=99.880, budgetDateRange=DateRange(startDate=2025-12-01, endDate=2025-12-07), rangeType=Week, isActive=false, startRange=2025-12-01, endRange=2025-12-07, isSingleDate=false), BudgetScheduleRange(id=null, budgetScheduleId=56, spentOnRange=0.000, budgetedAmount=99.880, budgetDateRange=DateRange(startDate=2025-12-08, endDate=2025-12-14), rangeType=Week, isActive=false, startRange=2025-12-08, endRange=2025-12-14, isSingleDate=false), BudgetScheduleRange(id=null, budgetScheduleId=57, spentOnRange=0.000, budgetedAmount=99.880, budgetDateRange=DateRange(startDate=2025-12-15, endDate=2025-12-21), rangeType=Week, isActive=false, startRange=2025-12-15, endRange=2025-12-21, isSingleDate=false), BudgetScheduleRange(id=null, budgetScheduleId=58, spentOnRange=0.000, budgetedAmount=99.880, budgetDateRange=DateRange(startDate=2025-12-22, endDate=2025-12-28), rangeType=Week, isActive=false, startRange=2025-12-22, endRange=2025-12-28, isSingleDate=false)], spendingPercentage=0.0000, remainingAmount=37140.96, processDate=2026-04-18T10:35:41.836046200, budgetSchedule=BudgetSchedule{budgetScheduleId=12, subBudgetId=12, startDate=2025-12-01, endDate=2025-12-31, scheduleRange=DateRange(startDate=2025-12-01, endDate=2025-12-31), budgetScheduleRanges=[BudgetScheduleRange(id=null, budgetScheduleId=59, spentOnRange=0.000, budgetedAmount=619.220, budgetDateRange=DateRange(startDate=2025-12-29, endDate=2025-12-31), rangeType=Week, isActive=false, startRange=2025-12-29, endRange=2025-12-31, isSingleDate=false), BudgetScheduleRange(id=null, budgetScheduleId=55, spentOnRange=0.000, budgetedAmount=99.880, budgetDateRange=DateRange(startDate=2025-12-01, endDate=2025-12-07), rangeType=Week, isActive=false, startRange=2025-12-01, endRange=2025-12-07, isSingleDate=false), BudgetScheduleRange(id=null, budgetScheduleId=56, spentOnRange=0.000, budgetedAmount=99.880, budgetDateRange=DateRange(startDate=2025-12-08, endDate=2025-12-14), rangeType=Week, isActive=false, startRange=2025-12-08, endRange=2025-12-14, isSingleDate=false), BudgetScheduleRange(id=null, budgetScheduleId=57, spentOnRange=0.000, budgetedAmount=99.880, budgetDateRange=DateRange(startDate=2025-12-15, endDate=2025-12-21), rangeType=Week, isActive=false, startRange=2025-12-15, endRange=2025-12-21, isSingleDate=false), BudgetScheduleRange(id=null, budgetScheduleId=58, spentOnRange=0.000, budgetedAmount=99.880, budgetDateRange=DateRange(startDate=2025-12-22, endDate=2025-12-28), rangeType=Week, isActive=false, startRange=2025-12-22, endRange=2025-12-28, isSingleDate=false)], periodType='MONTHLY', totalPeriods=5, status='ACTIVE', createdDate=null}}
2026-04-18 10:35:41 INFO  c.a.b.w.budget.BudgetScheduleUtil - Retrieving Budget Schedule Ranges: [com.app.budgetbuddy.entities.BudgetScheduleRangeEntity@16e00530, com.app.budgetbuddy.entities.BudgetScheduleRangeEntity@79f03300, com.app.budgetbuddy.entities.BudgetScheduleRangeEntity@4d2d0d1c, com.app.budgetbuddy.entities.BudgetScheduleRangeEntity@19200a3a, com.app.budgetbuddy.entities.BudgetScheduleRangeEntity@675a7677], size: 5
2026-04-18 10:35:41 INFO  c.a.b.w.budget.BudgetPeriodQueries - Getting budget period query data for userId: 1
2026-04-18 10:35:41 INFO  c.a.b.w.b.BudgetPeriodCategoryHandlerFactory - Getting budget period handler for period: MONTHLY
2026-04-18 10:35:42 INFO  c.a.b.c.TransactionCategoryController - Found 0 new transaction categories
2026-04-18 10:35:42 INFO  c.a.b.c.TransactionCategoryController - Found 0 new transaction categories
2026-04-18 10:35:42 INFO  c.a.b.s.TransactionCategoryServiceImpl - Checking if there are any updated transaction categories between 2025-11-01 and 2025-11-30
2026-04-18 10:35:42 INFO  c.a.b.s.TransactionCategoryServiceImpl - Found 0 updated transaction categories between 2025-11-01 and 2025-11-30
2026-04-18 10:35:42 INFO  c.a.b.workbench.runner.BudgetRunner - Starting monthly budget process for user 1 between 2025-11-01 and 2025-11-30
2026-04-18 10:35:42 INFO  c.a.b.workbench.runner.BudgetRunner - Found Budget: com.app.budgetbuddy.domain.Budget@212302b7
2026-04-18 10:35:42 INFO  c.a.b.w.budget.BudgetScheduleUtil - Retrieving Budget Schedule Ranges: [com.app.budgetbuddy.entities.BudgetScheduleRangeEntity@7ea6d4c2, com.app.budgetbuddy.entities.BudgetScheduleRangeEntity@7b5bd5ae, com.app.budgetbuddy.entities.BudgetScheduleRangeEntity@317f60d9, com.app.budgetbuddy.entities.BudgetScheduleRangeEntity@59bcb73, com.app.budgetbuddy.entities.BudgetScheduleRangeEntity@339317da], size: 5
2026-04-18 10:35:42 INFO  c.a.b.workbench.runner.BudgetRunner - Processing SubBudget ID: 11 with Budget Schedule ID: 11
2026-04-18 10:35:42 INFO  c.a.b.w.b.SubBudgetStatisticsServiceImpl - SubBudget Savings Target: 874.92
2026-04-18 10:35:42 INFO  c.a.b.w.b.SubBudgetStatisticsServiceImpl - Budget Amount: 3096.08
2026-04-18 10:35:42 INFO  c.a.b.w.b.SubBudgetStatisticsServiceImpl - Total Spent: 10274.33
2026-04-18 10:35:42 INFO  c.a.b.w.b.SubBudgetStatisticsServiceImpl - Remaining: -7178.25
2026-04-18 10:35:42 INFO  c.a.b.w.b.SubBudgetStatisticsServiceImpl - Savings: 0
2026-04-18 10:35:42 INFO  c.a.b.w.b.SubBudgetHealthScoreImpl - Allocated amount for sub-budget 11 is 3096.08
2026-04-18 10:35:42 INFO  c.a.b.w.b.SubBudgetHealthScoreImpl - Spent on sub-budget 11 is 3596.19
2026-04-18 10:35:42 INFO  c.a.b.w.b.SubBudgetHealthScoreImpl - Spending ratio for sub-budget 11 is 1.16
2026-04-18 10:35:42 INFO  c.a.b.w.b.SubBudgetHealthScoreImpl - Spending ratio for sub-budget 11 is 1.16
2026-04-18 10:35:42 INFO  c.a.b.w.b.SubBudgetHealthScoreImpl - Variance for sub-budget 11 is 500.11
2026-04-18 10:35:42 INFO  c.a.b.w.b.SubBudgetHealthScoreImpl - Savings ratio for sub-budget 11 is -3.08
2026-04-18 10:35:42 INFO  c.a.b.w.b.SubBudgetHealthScoreImpl - Final Score: -266.00
2026-04-18 10:35:42 INFO  c.a.b.w.b.SubBudgetHealthScoreImpl - Health score for sub-budget 11 is 0
2026-04-18 10:35:42 INFO  c.a.b.w.b.SubBudgetStatisticsServiceImpl - SubBudget Stats: BudgetStats(budgetId=11, totalBudget=3096.08, totalSpent=10274.33, remaining=-7178.25, totalSaved=0, averageSpendingPerDay=354.29, dateRange=DateRange(startDate=2025-11-01, endDate=2025-11-30), healthScore=0, monthlyProjection=null)
2026-04-18 10:35:42 INFO  c.a.b.workbench.runner.BudgetRunner - Budget Stats for SubBudget 11: [BudgetStats(budgetId=11, totalBudget=3096.08, totalSpent=10274.33, remaining=-7178.25, totalSaved=0, averageSpendingPerDay=354.29, dateRange=DateRange(startDate=2025-11-01, endDate=2025-11-30), healthScore=0, monthlyProjection=null)]
2026-04-18 10:35:42 INFO  c.a.b.w.b.BudgetPeriodCategoryHandlerFactory - Getting budget period handler for period: MONTHLY
2026-04-18 10:35:42 INFO  c.a.b.workbench.runner.BudgetRunner - Retrieved 11 budget period categories for SubBudget ID: 11
2026-04-18 10:35:42 INFO  c.a.b.workbench.runner.BudgetRunner - BudgetPeriodCategory: BudgetPeriodCategory(category=Utilities, budgeted=0.0, actual=129.93, remaining=0, dateRange=DateRange(startDate=2025-11-01, endDate=2025-11-30), biWeekRanges=null, isOverBudget=true, spendingPercentage=Infinity, budgetStatus=OVER_BUDGET)
2026-04-18 10:35:42 INFO  c.a.b.workbench.runner.BudgetRunner - BudgetPeriodCategory: BudgetPeriodCategory(category=Haircut, budgeted=0.0, actual=52.0, remaining=0, dateRange=DateRange(startDate=2025-11-01, endDate=2025-11-30), biWeekRanges=null, isOverBudget=true, spendingPercentage=Infinity, budgetStatus=OVER_BUDGET)
2026-04-18 10:35:42 INFO  c.a.b.workbench.runner.BudgetRunner - BudgetPeriodCategory: BudgetPeriodCategory(category=Order Out, budgeted=0.0, actual=220.43, remaining=0, dateRange=DateRange(startDate=2025-11-01, endDate=2025-11-30), biWeekRanges=null, isOverBudget=true, spendingPercentage=Infinity, budgetStatus=OVER_BUDGET)
2026-04-18 10:35:42 INFO  c.a.b.workbench.runner.BudgetRunner - BudgetPeriodCategory: BudgetPeriodCategory(category=Other, budgeted=0.0, actual=829.84, remaining=0, dateRange=DateRange(startDate=2025-11-01, endDate=2025-11-30), biWeekRanges=null, isOverBudget=true, spendingPercentage=Infinity, budgetStatus=OVER_BUDGET)
2026-04-18 10:35:42 INFO  c.a.b.workbench.runner.BudgetRunner - BudgetPeriodCategory: BudgetPeriodCategory(category=Groceries, budgeted=0.0, actual=724.01, remaining=0, dateRange=DateRange(startDate=2025-11-01, endDate=2025-11-30), biWeekRanges=null, isOverBudget=true, spendingPercentage=Infinity, budgetStatus=OVER_BUDGET)
2026-04-18 10:35:42 INFO  c.a.b.workbench.runner.BudgetRunner - BudgetPeriodCategory: BudgetPeriodCategory(category=Gas, budgeted=0.0, actual=104.45, remaining=0, dateRange=DateRange(startDate=2025-11-01, endDate=2025-11-30), biWeekRanges=null, isOverBudget=true, spendingPercentage=Infinity, budgetStatus=OVER_BUDGET)
2026-04-18 10:35:42 INFO  c.a.b.workbench.runner.BudgetRunner - BudgetPeriodCategory: BudgetPeriodCategory(category=Subscription, budgeted=0.0, actual=59.55, remaining=0, dateRange=DateRange(startDate=2025-11-01, endDate=2025-11-30), biWeekRanges=null, isOverBudget=true, spendingPercentage=Infinity, budgetStatus=OVER_BUDGET)
2026-04-18 10:35:42 INFO  c.a.b.workbench.runner.BudgetRunner - BudgetPeriodCategory: BudgetPeriodCategory(category=Gas Bill, budgeted=0.0, actual=16.5, remaining=0, dateRange=DateRange(startDate=2025-11-01, endDate=2025-11-30), biWeekRanges=null, isOverBudget=true, spendingPercentage=Infinity, budgetStatus=OVER_BUDGET)
2026-04-18 10:35:42 INFO  c.a.b.workbench.runner.BudgetRunner - BudgetPeriodCategory: BudgetPeriodCategory(category=Insurance, budgeted=0.0, actual=80.07, remaining=0, dateRange=DateRange(startDate=2025-11-01, endDate=2025-11-30), biWeekRanges=null, isOverBudget=true, spendingPercentage=Infinity, budgetStatus=OVER_BUDGET)
2026-04-18 10:35:42 INFO  c.a.b.workbench.runner.BudgetRunner - BudgetPeriodCategory: BudgetPeriodCategory(category=Rent, budgeted=0.0, actual=1927.03, remaining=0, dateRange=DateRange(startDate=2025-11-01, endDate=2025-11-30), biWeekRanges=null, isOverBudget=true, spendingPercentage=Infinity, budgetStatus=OVER_BUDGET)
2026-04-18 10:35:42 INFO  c.a.b.workbench.runner.BudgetRunner - BudgetPeriodCategory: BudgetPeriodCategory(category=Payment, budgeted=0.0, actual=567.18, remaining=0, dateRange=DateRange(startDate=2025-11-01, endDate=2025-11-30), biWeekRanges=null, isOverBudget=true, spendingPercentage=Infinity, budgetStatus=OVER_BUDGET)
2026-04-18 10:35:42 INFO  c.a.b.workbench.runner.BudgetRunner - Retrieved 5 top five expenses for SubBudget ID: 11
2026-04-18 10:35:42 INFO  c.a.b.workbench.runner.BudgetRunner - Retrieved Optional[ExpenseCategory(category=Expense, budgetedExpenses=3971.0000000000000000, actualExpenses=4710.99, remainingExpenses=-739.9900000000000000, isActive=true, startDate=2025-11-01, endDate=2025-11-30, isVariable=false)] expense categories for SubBudget ID: 11
2026-04-18 10:35:42 INFO  c.a.b.w.b.SubBudgetMonthOverviewServiceImpl - Adjusted start date from 2025-11-01 to 2025-10-29 to include end of previous year
2026-04-18 10:35:42 INFO  c.a.b.w.b.SubBudgetMonthOverviewServiceImpl - SubBudgetIds: [11, 10]
2026-04-18 10:35:42 INFO  c.a.b.w.b.SubBudgetMonthOverviewServiceImpl - Previous sub budget id is 10
2026-04-18 10:35:42 INFO  c.a.b.workbench.runner.BudgetRunner - Retrieved Optional[IncomeCategory(category=Income, budgetedIncome=3971.0000000000000000, actualBudgetedIncome=2551.46, remainingIncome=1419.54, startMonth=null, endMonth=null, isActive=false)] income category for SubBudget ID: 11
2026-04-18 10:35:42 INFO  c.a.b.workbench.runner.BudgetRunner - Retrieved Optional[com.app.budgetbuddy.domain.SavingsCategory@5ce2e7bf] savings category for SubBudget ID: 11
2026-04-18 10:35:42 INFO  c.a.b.workbench.runner.BudgetRunner - Budget Runner Result: {subBudget=SubBudget(id=11, subBudgetName=November 2025 - Budget, allocatedAmount=3096.08, subSavingsTarget=874.92, subSavingsAmount=-9531.63, spentOnBudget=3596.19, budget=com.app.budgetbuddy.domain.Budget@3ad62c26, startDate=2025-11-01, endDate=2025-11-30, year=0, subBudgetGoals=null, budgetSchedule=[BudgetSchedule{budgetScheduleId=11, subBudgetId=11, startDate=2025-11-01, endDate=2025-11-30, scheduleRange=DateRange(startDate=2025-11-01, endDate=2025-11-30), budgetScheduleRanges=[BudgetScheduleRange(id=null, budgetScheduleId=53, spentOnRange=0.000, budgetedAmount=37.310, budgetDateRange=DateRange(startDate=2025-11-22, endDate=2025-11-28), rangeType=Week, isActive=false, startRange=2025-11-22, endRange=2025-11-28, isSingleDate=false), BudgetScheduleRange(id=null, budgetScheduleId=54, spentOnRange=0.000, budgetedAmount=619.220, budgetDateRange=DateRange(startDate=2025-11-29, endDate=2025-11-30), rangeType=Week, isActive=false, startRange=2025-11-29, endRange=2025-11-30, isSingleDate=false), BudgetScheduleRange(id=null, budgetScheduleId=52, spentOnRange=0.000, budgetedAmount=37.310, budgetDateRange=DateRange(startDate=2025-11-15, endDate=2025-11-21), rangeType=Week, isActive=false, startRange=2025-11-15, endRange=2025-11-21, isSingleDate=false), BudgetScheduleRange(id=null, budgetScheduleId=51, spentOnRange=0.000, budgetedAmount=37.310, budgetDateRange=DateRange(startDate=2025-11-08, endDate=2025-11-14), rangeType=Week, isActive=false, startRange=2025-11-08, endRange=2025-11-14, isSingleDate=false), BudgetScheduleRange(id=null, budgetScheduleId=50, spentOnRange=0.000, budgetedAmount=37.310, budgetDateRange=DateRange(startDate=2025-11-01, endDate=2025-11-07), rangeType=Week, isActive=false, startRange=2025-11-01, endRange=2025-11-07, isSingleDate=false)], periodType='MONTHLY', totalPeriods=5, status='ACTIVE', createdDate=null}], controlledBudgetCategory=null, isActive=true), budget=com.app.budgetbuddy.domain.Budget@212302b7, isOverBudget=false, budgetScheduleRanges=[BudgetScheduleRange(id=null, budgetScheduleId=53, spentOnRange=0.000, budgetedAmount=37.310, budgetDateRange=DateRange(startDate=2025-11-22, endDate=2025-11-28), rangeType=Week, isActive=false, startRange=2025-11-22, endRange=2025-11-28, isSingleDate=false), BudgetScheduleRange(id=null, budgetScheduleId=54, spentOnRange=0.000, budgetedAmount=619.220, budgetDateRange=DateRange(startDate=2025-11-29, endDate=2025-11-30), rangeType=Week, isActive=false, startRange=2025-11-29, endRange=2025-11-30, isSingleDate=false), BudgetScheduleRange(id=null, budgetScheduleId=52, spentOnRange=0.000, budgetedAmount=37.310, budgetDateRange=DateRange(startDate=2025-11-15, endDate=2025-11-21), rangeType=Week, isActive=false, startRange=2025-11-15, endRange=2025-11-21, isSingleDate=false), BudgetScheduleRange(id=null, budgetScheduleId=51, spentOnRange=0.000, budgetedAmount=37.310, budgetDateRange=DateRange(startDate=2025-11-08, endDate=2025-11-14), rangeType=Week, isActive=false, startRange=2025-11-08, endRange=2025-11-14, isSingleDate=false), BudgetScheduleRange(id=null, budgetScheduleId=50, spentOnRange=0.000, budgetedAmount=37.310, budgetDateRange=DateRange(startDate=2025-11-01, endDate=2025-11-07), rangeType=Week, isActive=false, startRange=2025-11-01, endRange=2025-11-07, isSingleDate=false)], spendingPercentage=0.0000, remainingAmount=37140.96, processDate=2026-04-18T10:35:42.932224600, budgetSchedule=BudgetSchedule{budgetScheduleId=11, subBudgetId=11, startDate=2025-11-01, endDate=2025-11-30, scheduleRange=DateRange(startDate=2025-11-01, endDate=2025-11-30), budgetScheduleRanges=[BudgetScheduleRange(id=null, budgetScheduleId=53, spentOnRange=0.000, budgetedAmount=37.310, budgetDateRange=DateRange(startDate=2025-11-22, endDate=2025-11-28), rangeType=Week, isActive=false, startRange=2025-11-22, endRange=2025-11-28, isSingleDate=false), BudgetScheduleRange(id=null, budgetScheduleId=54, spentOnRange=0.000, budgetedAmount=619.220, budgetDateRange=DateRange(startDate=2025-11-29, endDate=2025-11-30), rangeType=Week, isActive=false, startRange=2025-11-29, endRange=2025-11-30, isSingleDate=false), BudgetScheduleRange(id=null, budgetScheduleId=52, spentOnRange=0.000, budgetedAmount=37.310, budgetDateRange=DateRange(startDate=2025-11-15, endDate=2025-11-21), rangeType=Week, isActive=false, startRange=2025-11-15, endRange=2025-11-21, isSingleDate=false), BudgetScheduleRange(id=null, budgetScheduleId=51, spentOnRange=0.000, budgetedAmount=37.310, budgetDateRange=DateRange(startDate=2025-11-08, endDate=2025-11-14), rangeType=Week, isActive=false, startRange=2025-11-08, endRange=2025-11-14, isSingleDate=false), BudgetScheduleRange(id=null, budgetScheduleId=50, spentOnRange=0.000, budgetedAmount=37.310, budgetDateRange=DateRange(startDate=2025-11-01, endDate=2025-11-07), rangeType=Week, isActive=false, startRange=2025-11-01, endRange=2025-11-07, isSingleDate=false)], periodType='MONTHLY', totalPeriods=5, status='ACTIVE', createdDate=null}}
2026-04-18 10:35:43 INFO  c.a.b.w.budget.BudgetScheduleUtil - Retrieving Budget Schedule Ranges: [com.app.budgetbuddy.entities.BudgetScheduleRangeEntity@17dbe13b, com.app.budgetbuddy.entities.BudgetScheduleRangeEntity@3262ec13, com.app.budgetbuddy.entities.BudgetScheduleRangeEntity@45f9ce5c, com.app.budgetbuddy.entities.BudgetScheduleRangeEntity@5ce94fbf, com.app.budgetbuddy.entities.BudgetScheduleRangeEntity@32fc9103], size: 5
2026-04-18 10:35:43 INFO  c.a.b.w.budget.BudgetPeriodQueries - Getting budget period query data for userId: 1
2026-04-18 10:35:43 INFO  c.a.b.w.b.BudgetPeriodCategoryHandlerFactory - Getting budget period handler for period: MONTHLY
2026-04-18 10:35:43 INFO  c.a.b.c.TransactionCategoryController - Found 0 new transaction categories
2026-04-18 10:35:43 INFO  c.a.b.c.TransactionCategoryController - Found 1 new transaction categories
2026-04-18 10:35:43 INFO  c.a.b.s.TransactionCategoryServiceImpl - Checking if there are any updated transaction categories between 2025-10-01 and 2025-10-31
2026-04-18 10:35:43 INFO  c.a.b.s.TransactionCategoryServiceImpl - Found 10 updated transaction categories between 2025-10-01 and 2025-10-31
2026-04-18 10:35:43 INFO  c.a.b.w.budget.BudgetScheduleUtil - Retrieving Budget Schedule Ranges: [com.app.budgetbuddy.entities.BudgetScheduleRangeEntity@ce53ed1, com.app.budgetbuddy.entities.BudgetScheduleRangeEntity@6114527, com.app.budgetbuddy.entities.BudgetScheduleRangeEntity@517a17, com.app.budgetbuddy.entities.BudgetScheduleRangeEntity@128cc594, com.app.budgetbuddy.entities.BudgetScheduleRangeEntity@9bc94a7], size: 5
2026-04-18 10:35:43 INFO  c.a.b.s.TransactionsByCategoryQueries - Fetching Plaid Transactions By Category query for start date: 2025-10-01 and end date: 2025-10-31
2026-04-18 10:35:43 INFO  c.a.b.w.budget.BudgetScheduleUtil - Retrieving Budget Schedule Ranges: [com.app.budgetbuddy.entities.BudgetScheduleRangeEntity@18fb20f, com.app.budgetbuddy.entities.BudgetScheduleRangeEntity@3cde566b, com.app.budgetbuddy.entities.BudgetScheduleRangeEntity@6e042841, com.app.budgetbuddy.entities.BudgetScheduleRangeEntity@37bb0bed, com.app.budgetbuddy.entities.BudgetScheduleRangeEntity@37a51f93], size: 5
2026-04-18 10:35:43 INFO  c.a.b.w.BudgetCategoryAsyncService - SubBudgetId: 10
2026-04-18 10:35:43 INFO  c.a.b.w.BudgetCategoryAsyncService - Existing budget categories: []
2026-04-18 10:35:43 INFO  c.a.b.w.runner.BudgetCategoryRunner - No existing budget categories for subBudget 10, creating
2026-04-18 10:35:43 INFO  c.a.b.s.TransactionsByCategoryLoaderService - Transactions Size: 0
2026-04-18 10:35:43 INFO  c.a.b.s.TransactionsByCategoryLoaderService - Fetching CSV Transactions by category for user: 1
2026-04-18 10:35:43 INFO  c.a.b.s.TransactionsByCategoryLoaderService - Fetching CSV Transactions by category for start date: 2025-10-01, end date: 2025-10-31
2026-04-18 10:35:43 DEBUG c.a.b.s.CSVTransactionsThreadService - Fetching CSV transactions by category for userId=1
2026-04-18 10:35:43 INFO  c.a.b.s.CSVTransactionsByCategoryQueries - Fetching new CSV Transactions by Category Query for start date: 2025-10-01 and end date: 2025-10-31
2026-04-18 10:35:43 INFO  c.a.b.s.CSVTransactionsByCategoryQueries - Results size: 63
2026-04-18 10:35:43 INFO  c.a.b.s.CSVTransactionsByCategoryQueries - Updated Results size: 10
2026-04-18 10:35:44 INFO  c.a.b.s.TransactionCategoryServiceImpl - Successfully updated transaction category isUpdated field to false for the csv Id: 375 
2026-04-18 10:35:44 INFO  c.a.b.s.TransactionCategoryServiceImpl - Successfully updated transaction category isUpdated field to false for the csv Id: 380 
2026-04-18 10:35:44 INFO  c.a.b.s.TransactionCategoryServiceImpl - Successfully updated transaction category isUpdated field to false for the csv Id: 384 
2026-04-18 10:35:44 INFO  c.a.b.s.TransactionCategoryServiceImpl - Successfully updated transaction category isUpdated field to false for the csv Id: 399 
2026-04-18 10:35:44 INFO  c.a.b.s.TransactionCategoryServiceImpl - Successfully updated transaction category isUpdated field to false for the csv Id: 402 
2026-04-18 10:35:44 INFO  c.a.b.s.TransactionCategoryServiceImpl - Successfully updated transaction category isUpdated field to false for the csv Id: 411 
2026-04-18 10:35:44 INFO  c.a.b.s.TransactionCategoryServiceImpl - Successfully updated transaction category isUpdated field to false for the csv Id: 417 
2026-04-18 10:35:44 INFO  c.a.b.s.TransactionCategoryServiceImpl - Successfully updated transaction category isUpdated field to false for the csv Id: 429 
2026-04-18 10:35:44 INFO  c.a.b.s.TransactionCategoryServiceImpl - Successfully updated transaction category isUpdated field to false for the csv Id: 433 
2026-04-18 10:35:45 INFO  c.a.b.s.TransactionCategoryServiceImpl - Successfully updated transaction category isUpdated field to false for the csv Id: 440 
2026-04-18 10:35:45 DEBUG c.a.b.s.CSVTransactionsThreadService - Successfully fetched 6 updated categories for userId=1
2026-04-18 10:35:45 INFO  c.a.b.s.TransactionsByCategoryLoaderService - CSV Transactions: [CSVTransactionsByCategory(category=Order Out, totalCategorySpending=4.580, csvTransactions=[TransactionCSV(id=384, userId=1, transactionId=null, account=null, suffix=0, sequenceNo=0, transactionDate=2025-10-03, transactionAmount=-4.580, description=Purchase, merchantName=DUTCH BROS, extendedDescription=DUTCH BROS UT0403 RIVERRIVERTON     UTUS, electronicTransactionDate=2025-10-02, effectiveDate=null, balance=418.750, institution_id=Granite Credit Union, category=null, type=null)], transactionDate=null), CSVTransactionsByCategory(category=Groceries, totalCategorySpending=15.000, csvTransactions=[TransactionCSV(id=417, userId=1, transactionId=null, account=null, suffix=0, sequenceNo=0, transactionDate=2025-10-18, transactionAmount=-15.000, description=PIN Purchase, merchantName=STATE LIQU 5278 ANTHEM PEAK L     HERRIMAN, extendedDescription=STATE LIQU 5278 ANTHEM PEAK L     HERRIMAN, electronicTransactionDate=2025-10-18, effectiveDate=null, balance=494.800, institution_id=Granite Credit Union, category=null, type=null)], transactionDate=null), CSVTransactionsByCategory(category=Subscription, totalCategorySpending=36.990, csvTransactions=[TransactionCSV(id=411, userId=1, transactionId=null, account=null, suffix=0, sequenceNo=0, transactionDate=2025-10-15, transactionAmount=-14.990, description=Purchase, merchantName=FLEX FINANCE, extendedDescription=FLEX FINANCE           GETFLEX.COM  NYUS, electronicTransactionDate=2025-10-15, effectiveDate=null, balance=570.720, institution_id=Granite Credit Union, category=null, type=null), TransactionCSV(id=429, userId=1, transactionId=null, account=null, suffix=0, sequenceNo=0, transactionDate=2025-10-22, transactionAmount=-12.880, description=PIN Purchase, merchantName=Hulu 2500 Broadway Stre     Hulu.com     CA, extendedDescription=Hulu 2500 Broadway Stre     Hulu.com     CA, electronicTransactionDate=2025-10-22, effectiveDate=null, balance=192.160, institution_id=Granite Credit Union, category=null, type=null), TransactionCSV(id=433, userId=1, transactionId=null, account=null, suffix=0, sequenceNo=0, transactionDate=2025-10-25, transactionAmount=-9.120, description=Purchase, merchantName=Pearsonplus.com, extendedDescription=Pearsonplus.com        833-680-1584 NJUS, electronicTransactionDate=2025-10-25, effectiveDate=null, balance=2239.650, institution_id=Granite Credit Union, category=null, type=null)], transactionDate=null), CSVTransactionsByCategory(category=Payment, totalCategorySpending=79.000, csvTransactions=[TransactionCSV(id=402, userId=1, transactionId=null, account=null, suffix=0, sequenceNo=0, transactionDate=2025-10-11, transactionAmount=-79.000, description=Purchase, merchantName=INTERMOUNTAIN MYCHART, extendedDescription=INTERMOUNTAIN MYCHART  866-6652636  COUS, electronicTransactionDate=2025-10-10, effectiveDate=null, balance=884.470, institution_id=Granite Credit Union, category=null, type=null)], transactionDate=null), CSVTransactionsByCategory(category=Rent, totalCategorySpending=1919.340, csvTransactions=[TransactionCSV(id=380, userId=1, transactionId=null, account=null, suffix=0, sequenceNo=0, transactionDate=2025-10-02, transactionAmount=-1212.340, description=Purchase, merchantName=FLEX FINANCE, extendedDescription=FLEX FINANCE           GETFLEX.COM  NYUS, electronicTransactionDate=2025-10-02, effectiveDate=null, balance=435.370, institution_id=Granite Credit Union, category=null, type=null), TransactionCSV(id=440, userId=1, transactionId=null, account=null, suffix=0, sequenceNo=0, transactionDate=2025-10-28, transactionAmount=-707.000, description=Purchase, merchantName=FLEX FINANCE, extendedDescription=FLEX FINANCE           GETFLEX.COM  NYUS, electronicTransactionDate=2025-10-28, effectiveDate=null, balance=1451.430, institution_id=Granite Credit Union, category=null, type=null)], transactionDate=null), CSVTransactionsByCategory(category=Income, totalCategorySpending=2200.000, csvTransactions=[TransactionCSV(id=375, userId=1, transactionId=null, account=null, suffix=0, sequenceNo=0, transactionDate=2025-10-01, transactionAmount=1200.000, description=Deposit Transfer From Patricia King Share XXXX93-06, Internet Branch, merchantName=FT Transfer Dep, extendedDescription=FT Transfer Dep, electronicTransactionDate=2025-10-01, effectiveDate=null, balance=1647.710, institution_id=Granite Credit Union, category=null, type=null), TransactionCSV(id=399, userId=1, transactionId=null, account=null, suffix=0, sequenceNo=0, transactionDate=2025-10-10, transactionAmount=1000.000, description=Deposit Transfer From Patricia King Share XXXX93-01, Internet Branch, merchantName=FT Transfer Dep, extendedDescription=FT Transfer Dep, electronicTransactionDate=2025-10-10, effectiveDate=null, balance=1054.510, institution_id=Granite Credit Union, category=null, type=null)], transactionDate=null)]
2026-04-18 10:35:45 INFO  c.a.b.w.BudgetCategoryAsyncService - Creating budget categories for period MONTHLY subBudget 10
2026-04-18 10:35:45 INFO  c.a.b.w.BudgetCategoryAsyncService - Strategy: com.app.budgetbuddy.workbench.MonthlyBudgetCategoryStrategy@6c66a9c4
2026-04-18 10:35:45 INFO  c.a.b.w.MonthlyBudgetCategoryStrategy - Building budget categories for monthly budget
2026-04-18 10:35:45 INFO  c.a.b.w.MonthlyBudgetCategoryStrategy - Transaction Categories: [TransactionsByCategory(categoryName=Order Out, categoryExpenseType=null, isSystemCategory=false, priority=null, totalCategorySpending=4.580, transactions=[com.app.budgetbuddy.domain.Transaction@e85d60c]), TransactionsByCategory(categoryName=Groceries, categoryExpenseType=null, isSystemCategory=false, priority=null, totalCategorySpending=15.000, transactions=[com.app.budgetbuddy.domain.Transaction@56610ac0]), TransactionsByCategory(categoryName=Subscription, categoryExpenseType=null, isSystemCategory=false, priority=null, totalCategorySpending=36.990, transactions=[com.app.budgetbuddy.domain.Transaction@4420d18d, com.app.budgetbuddy.domain.Transaction@c38f529, com.app.budgetbuddy.domain.Transaction@6fb6eaf3]), TransactionsByCategory(categoryName=Payment, categoryExpenseType=null, isSystemCategory=false, priority=null, totalCategorySpending=79.000, transactions=[com.app.budgetbuddy.domain.Transaction@31dfdacf]), TransactionsByCategory(categoryName=Rent, categoryExpenseType=null, isSystemCategory=false, priority=null, totalCategorySpending=1919.340, transactions=[com.app.budgetbuddy.domain.Transaction@7331c9c0, com.app.budgetbuddy.domain.Transaction@38ebeb32]), TransactionsByCategory(categoryName=Income, categoryExpenseType=null, isSystemCategory=false, priority=null, totalCategorySpending=2200.000, transactions=[com.app.budgetbuddy.domain.Transaction@60d27fae, com.app.budgetbuddy.domain.Transaction@2f14c8d9])]
2026-04-18 10:35:45 INFO  c.a.b.w.MonthlyBudgetCategoryStrategy - Spending: [MonthlyCategorySpending(weeklySpending=[DateRangeSpending(dateRange=DateRange(startDate=2025-10-15, endDate=2025-10-21), spentOnRange=15.0)]), MonthlyCategorySpending(weeklySpending=[DateRangeSpending(dateRange=DateRange(startDate=2025-10-01, endDate=2025-10-07), spentOnRange=1200.0), DateRangeSpending(dateRange=DateRange(startDate=2025-10-08, endDate=2025-10-14), spentOnRange=1000.0)]), MonthlyCategorySpending(weeklySpending=[DateRangeSpending(dateRange=DateRange(startDate=2025-10-01, endDate=2025-10-07), spentOnRange=4.58)]), MonthlyCategorySpending(weeklySpending=[DateRangeSpending(dateRange=DateRange(startDate=2025-10-08, endDate=2025-10-14), spentOnRange=79.0)]), MonthlyCategorySpending(weeklySpending=[DateRangeSpending(dateRange=DateRange(startDate=2025-10-01, endDate=2025-10-07), spentOnRange=1212.34), DateRangeSpending(dateRange=DateRange(startDate=2025-10-22, endDate=2025-10-28), spentOnRange=707.0)]), MonthlyCategorySpending(weeklySpending=[DateRangeSpending(dateRange=DateRange(startDate=2025-10-15, endDate=2025-10-21), spentOnRange=14.99), DateRangeSpending(dateRange=DateRange(startDate=2025-10-22, endDate=2025-10-28), spentOnRange=22.0)])]
2026-04-18 10:35:45 INFO  c.a.b.w.b.MonthlyBudgetCategoryBuilderService - Monthly Budget Category Criteria List: [MonthlyBudgetCategoryCriteria(monthlyCategorySpending=MonthlyCategorySpending(weeklySpending=[DateRangeSpending(dateRange=DateRange(startDate=2025-10-15, endDate=2025-10-21), spentOnRange=15.0)])), MonthlyBudgetCategoryCriteria(monthlyCategorySpending=MonthlyCategorySpending(weeklySpending=[DateRangeSpending(dateRange=DateRange(startDate=2025-10-01, endDate=2025-10-07), spentOnRange=1200.0), DateRangeSpending(dateRange=DateRange(startDate=2025-10-08, endDate=2025-10-14), spentOnRange=1000.0)])), MonthlyBudgetCategoryCriteria(monthlyCategorySpending=MonthlyCategorySpending(weeklySpending=[DateRangeSpending(dateRange=DateRange(startDate=2025-10-01, endDate=2025-10-07), spentOnRange=4.58)])), MonthlyBudgetCategoryCriteria(monthlyCategorySpending=MonthlyCategorySpending(weeklySpending=[DateRangeSpending(dateRange=DateRange(startDate=2025-10-08, endDate=2025-10-14), spentOnRange=79.0)])), MonthlyBudgetCategoryCriteria(monthlyCategorySpending=MonthlyCategorySpending(weeklySpending=[DateRangeSpending(dateRange=DateRange(startDate=2025-10-01, endDate=2025-10-07), spentOnRange=1212.34), DateRangeSpending(dateRange=DateRange(startDate=2025-10-22, endDate=2025-10-28), spentOnRange=707.0)])), MonthlyBudgetCategoryCriteria(monthlyCategorySpending=MonthlyCategorySpending(weeklySpending=[DateRangeSpending(dateRange=DateRange(startDate=2025-10-15, endDate=2025-10-21), spentOnRange=14.99), DateRangeSpending(dateRange=DateRange(startDate=2025-10-22, endDate=2025-10-28), spentOnRange=22.0)]))]
2026-04-18 10:35:45 INFO  c.a.b.w.MonthlyBudgetCategoryStrategy - Criteria: [MonthlyBudgetCategoryCriteria(monthlyCategorySpending=MonthlyCategorySpending(weeklySpending=[DateRangeSpending(dateRange=DateRange(startDate=2025-10-15, endDate=2025-10-21), spentOnRange=15.0)])), MonthlyBudgetCategoryCriteria(monthlyCategorySpending=MonthlyCategorySpending(weeklySpending=[DateRangeSpending(dateRange=DateRange(startDate=2025-10-01, endDate=2025-10-07), spentOnRange=1200.0), DateRangeSpending(dateRange=DateRange(startDate=2025-10-08, endDate=2025-10-14), spentOnRange=1000.0)])), MonthlyBudgetCategoryCriteria(monthlyCategorySpending=MonthlyCategorySpending(weeklySpending=[DateRangeSpending(dateRange=DateRange(startDate=2025-10-01, endDate=2025-10-07), spentOnRange=4.58)])), MonthlyBudgetCategoryCriteria(monthlyCategorySpending=MonthlyCategorySpending(weeklySpending=[DateRangeSpending(dateRange=DateRange(startDate=2025-10-08, endDate=2025-10-14), spentOnRange=79.0)])), MonthlyBudgetCategoryCriteria(monthlyCategorySpending=MonthlyCategorySpending(weeklySpending=[DateRangeSpending(dateRange=DateRange(startDate=2025-10-01, endDate=2025-10-07), spentOnRange=1212.34), DateRangeSpending(dateRange=DateRange(startDate=2025-10-22, endDate=2025-10-28), spentOnRange=707.0)])), MonthlyBudgetCategoryCriteria(monthlyCategorySpending=MonthlyCategorySpending(weeklySpending=[DateRangeSpending(dateRange=DateRange(startDate=2025-10-15, endDate=2025-10-21), spentOnRange=14.99), DateRangeSpending(dateRange=DateRange(startDate=2025-10-22, endDate=2025-10-28), spentOnRange=22.0)]))]
2026-04-18 10:35:45 INFO  c.a.b.w.b.MonthlyBudgetCategoryBuilderService - Monthly Budget Category Criteria: [MonthlyBudgetCategoryCriteria(monthlyCategorySpending=MonthlyCategorySpending(weeklySpending=[DateRangeSpending(dateRange=DateRange(startDate=2025-10-15, endDate=2025-10-21), spentOnRange=15.0)])), MonthlyBudgetCategoryCriteria(monthlyCategorySpending=MonthlyCategorySpending(weeklySpending=[DateRangeSpending(dateRange=DateRange(startDate=2025-10-01, endDate=2025-10-07), spentOnRange=1200.0), DateRangeSpending(dateRange=DateRange(startDate=2025-10-08, endDate=2025-10-14), spentOnRange=1000.0)])), MonthlyBudgetCategoryCriteria(monthlyCategorySpending=MonthlyCategorySpending(weeklySpending=[DateRangeSpending(dateRange=DateRange(startDate=2025-10-01, endDate=2025-10-07), spentOnRange=4.58)])), MonthlyBudgetCategoryCriteria(monthlyCategorySpending=MonthlyCategorySpending(weeklySpending=[DateRangeSpending(dateRange=DateRange(startDate=2025-10-08, endDate=2025-10-14), spentOnRange=79.0)])), MonthlyBudgetCategoryCriteria(monthlyCategorySpending=MonthlyCategorySpending(weeklySpending=[DateRangeSpending(dateRange=DateRange(startDate=2025-10-01, endDate=2025-10-07), spentOnRange=1212.34), DateRangeSpending(dateRange=DateRange(startDate=2025-10-22, endDate=2025-10-28), spentOnRange=707.0)])), MonthlyBudgetCategoryCriteria(monthlyCategorySpending=MonthlyCategorySpending(weeklySpending=[DateRangeSpending(dateRange=DateRange(startDate=2025-10-15, endDate=2025-10-21), spentOnRange=14.99), DateRangeSpending(dateRange=DateRange(startDate=2025-10-22, endDate=2025-10-28), spentOnRange=22.0)]))]
2026-04-18 10:35:45 INFO  c.a.b.w.b.BudgetEstimatorService - Budget Start: 2025-10-01
2026-04-18 10:35:45 INFO  c.a.b.w.b.BudgetEstimatorService - Monthly Income: 3096.08
2026-04-18 10:35:45 INFO  c.a.b.w.b.BudgetEstimatorService - No historical data found for category budget calculation
2026-04-18 10:35:45 INFO  c.a.b.w.s.HistoricalDataEngine - Fetching transactions for month: 2025-09-01 - 2025-09-30
2026-04-18 10:35:45 INFO  c.a.b.w.s.HistoricalDataEngine - Fetching transactions for month: 2025-08-01 - 2025-08-31
2026-04-18 10:35:45 INFO  c.a.b.w.s.HistoricalDataEngine - Fetching transactions for month: 2025-07-01 - 2025-07-31
2026-04-18 10:35:45 INFO  c.a.b.w.s.HistoricalDataEngine - Fetching transactions for month: 2025-06-01 - 2025-06-30
2026-04-18 10:35:45 INFO  c.a.b.w.s.HistoricalDataEngine - Fetching transactions for month: 2025-05-01 - 2025-05-31
2026-04-18 10:35:45 INFO  c.a.b.w.s.HistoricalDataEngine - Fetching transactions for month: 2025-04-01 - 2025-04-30
2026-04-18 10:35:45 INFO  c.a.b.w.s.HistoricalDataEngine - Aggregated Spending: []
2026-04-18 10:35:45 INFO  c.a.b.w.b.BudgetEstimatorService - Category Budget Amounts: []
2026-04-18 10:35:45 INFO  c.a.b.w.b.BudgetEstimatorService - Budget Start: 2025-10-01
2026-04-18 10:35:45 INFO  c.a.b.w.b.BudgetEstimatorService - Monthly Income: 3096.08
2026-04-18 10:35:45 INFO  c.a.b.w.b.BudgetEstimatorService - No historical data found for category budget calculation
2026-04-18 10:35:45 INFO  c.a.b.w.s.HistoricalDataEngine - Fetching transactions for month: 2025-09-01 - 2025-09-30
2026-04-18 10:35:45 INFO  c.a.b.w.s.HistoricalDataEngine - Fetching transactions for month: 2025-08-01 - 2025-08-31
2026-04-18 10:35:45 INFO  c.a.b.w.s.HistoricalDataEngine - Fetching transactions for month: 2025-07-01 - 2025-07-31
2026-04-18 10:35:45 INFO  c.a.b.w.s.HistoricalDataEngine - Fetching transactions for month: 2025-06-01 - 2025-06-30
2026-04-18 10:35:46 INFO  c.a.b.w.s.HistoricalDataEngine - Fetching transactions for month: 2025-05-01 - 2025-05-31
2026-04-18 10:35:46 INFO  c.a.b.w.s.HistoricalDataEngine - Fetching transactions for month: 2025-04-01 - 2025-04-30
2026-04-18 10:35:46 INFO  c.a.b.w.s.HistoricalDataEngine - Aggregated Spending: []
2026-04-18 10:35:46 INFO  c.a.b.w.b.BudgetEstimatorService - Category Budget Amounts: []
2026-04-18 10:35:46 INFO  c.a.b.w.b.BudgetEstimatorService - Budget Start: 2025-10-01
2026-04-18 10:35:46 INFO  c.a.b.w.b.BudgetEstimatorService - Monthly Income: 3096.08
2026-04-18 10:35:46 INFO  c.a.b.w.b.BudgetEstimatorService - No historical data found for category budget calculation
2026-04-18 10:35:46 INFO  c.a.b.w.s.HistoricalDataEngine - Fetching transactions for month: 2025-09-01 - 2025-09-30
2026-04-18 10:35:46 INFO  c.a.b.w.s.HistoricalDataEngine - Fetching transactions for month: 2025-08-01 - 2025-08-31
2026-04-18 10:35:46 INFO  c.a.b.w.s.HistoricalDataEngine - Fetching transactions for month: 2025-07-01 - 2025-07-31
2026-04-18 10:35:46 INFO  c.a.b.w.s.HistoricalDataEngine - Fetching transactions for month: 2025-06-01 - 2025-06-30
2026-04-18 10:35:46 INFO  c.a.b.w.s.HistoricalDataEngine - Fetching transactions for month: 2025-05-01 - 2025-05-31
2026-04-18 10:35:46 INFO  c.a.b.w.s.HistoricalDataEngine - Fetching transactions for month: 2025-04-01 - 2025-04-30
2026-04-18 10:35:46 INFO  c.a.b.w.s.HistoricalDataEngine - Aggregated Spending: []
2026-04-18 10:35:46 INFO  c.a.b.w.b.BudgetEstimatorService - Category Budget Amounts: []
2026-04-18 10:35:46 INFO  c.a.b.w.b.BudgetEstimatorService - Budget Start: 2025-10-01
2026-04-18 10:35:46 INFO  c.a.b.w.b.BudgetEstimatorService - Monthly Income: 3096.08
2026-04-18 10:35:46 INFO  c.a.b.w.b.BudgetEstimatorService - No historical data found for category budget calculation
2026-04-18 10:35:46 INFO  c.a.b.w.s.HistoricalDataEngine - Fetching transactions for month: 2025-09-01 - 2025-09-30
2026-04-18 10:35:46 INFO  c.a.b.w.s.HistoricalDataEngine - Fetching transactions for month: 2025-08-01 - 2025-08-31
2026-04-18 10:35:47 INFO  c.a.b.w.s.HistoricalDataEngine - Fetching transactions for month: 2025-07-01 - 2025-07-31
2026-04-18 10:35:47 INFO  c.a.b.s.CSVTransactionsByCategoryQueries - CSVTransactionsByCategory: [CSVTransactionsByCategory(category=Gas Bill, totalCategorySpending=14.360, csvTransactions=[TransactionCSV(id=408, userId=1, transactionId=null, account=null, suffix=0, sequenceNo=0, transactionDate=2025-10-12, transactionAmount=-14.360, description=Purchase, merchantName=SPI*ENB GAS UT WY ID   801-324-5111 UTUS, extendedDescription=SPI*ENB GAS UT WY ID   801-324-5111 UTUS, electronicTransactionDate=2025-10-11, effectiveDate=null, balance=840.320, institution_id=Granite Credit Union, category=null, type=null)], transactionDate=null), CSVTransactionsByCategory(category=Haircut, totalCategorySpending=26.000, csvTransactions=[TransactionCSV(id=428, userId=1, transactionId=null, account=null, suffix=0, sequenceNo=0, transactionDate=2025-10-20, transactionAmount=-26.000, description=Purchase, merchantName=1993 GREAT CLIPS, extendedDescription=1993 GREAT CLIPS AT HARSOUTH JORDAN UTUS, electronicTransactionDate=2025-10-19, effectiveDate=null, balance=298.340, institution_id=Granite Credit Union, category=null, type=null)], transactionDate=null), CSVTransactionsByCategory(category=Other, totalCategorySpending=49.020, csvTransactions=[TransactionCSV(id=382, userId=1, transactionId=null, account=null, suffix=0, sequenceNo=0, transactionDate=2025-10-03, transactionAmount=-25.780, description=PIN Purchase, merchantName=STEAMGAMES.COM, extendedDescription=STEAMGAMES.COM NE 4TH STREET          store.s, electronicTransactionDate=2025-10-02, effectiveDate=null, balance=352.660, institution_id=Granite Credit Union, category=null, type=null), TransactionCSV(id=418, userId=1, transactionId=null, account=null, suffix=0, sequenceNo=0, transactionDate=2025-10-18, transactionAmount=-23.240, description=PIN Purchase, merchantName=WALGREENS, extendedDescription=WALGREENS STORE 10429 SSOUTH JORDAN UTUS, electronicTransactionDate=2025-10-18, effectiveDate=null, balance=509.800, institution_id=Granite Credit Union, category=null, type=null)], transactionDate=null), CSVTransactionsByCategory(category=Insurance, totalCategorySpending=80.070, csvTransactions=[TransactionCSV(id=425, userId=1, transactionId=null, account=null, suffix=0, sequenceNo=0, transactionDate=2025-10-20, transactionAmount=-80.070, description=STATE FARM RO 08 CPC-CLIENT, merchantName=STATE FARM, extendedDescription=STATE FARM RO 08   CPC-CLIENT, electronicTransactionDate=2025-10-20, effectiveDate=null, balance=205.040, institution_id=Granite Credit Union, category=null, type=null)], transactionDate=null), CSVTransactionsByCategory(category=Subscription, totalCategorySpending=84.260, csvTransactions=[TransactionCSV(id=376, userId=1, transactionId=null, account=null, suffix=0, sequenceNo=0, transactionDate=2025-10-01, transactionAmount=-0.990, description=Purchase, merchantName=APPLE.COM, extendedDescription=APPLE.COM/BILL         866-712-7753 CAUS, electronicTransactionDate=2025-10-01, effectiveDate=null, balance=447.710, institution_id=Granite Credit Union, category=null, type=null), TransactionCSV(id=391, userId=1, transactionId=null, account=null, suffix=0, sequenceNo=0, transactionDate=2025-10-07, transactionAmount=-12.000, description=Purchase, merchantName=HEROKU, extendedDescription=HEROKU* SEP-108302322  WWW.HEROKU.COCAUS, electronicTransactionDate=2025-10-07, effectiveDate=null, balance=85.520, institution_id=Granite Credit Union, category=null, type=null), TransactionCSV(id=392, userId=1, transactionId=null, account=null, suffix=0, sequenceNo=0, transactionDate=2025-10-07, transactionAmount=-6.440, description=Purchase, merchantName=APPLE.COM, extendedDescription=APPLE.COM/BILL         866-712-7753 CAUS, electronicTransactionDate=2025-10-07, effectiveDate=null, balance=97.520, institution_id=Granite Credit Union, category=null, type=null), TransactionCSV(id=409, userId=1, transactionId=null, account=null, suffix=0, sequenceNo=0, transactionDate=2025-10-14, transactionAmount=-11.710, description=PIN Purchase, merchantName=JETBRAINS, extendedDescription=JETBRAINS AMERI WWW.JETBRAINS.COM/     FOSTER, electronicTransactionDate=2025-10-12, effectiveDate=null, balance=604.900, institution_id=Granite Credit Union, category=null, type=null), TransactionCSV(id=412, userId=1, transactionId=null, account=null, suffix=0, sequenceNo=0, transactionDate=2025-10-15, transactionAmount=-12.880, description=Purchase, merchantName=SPOTIFY, extendedDescription=SPOTIFY                877-778-1161 NYUS, electronicTransactionDate=2025-10-15, effectiveDate=null, balance=585.710, institution_id=Granite Credit Union, category=null, type=null), TransactionCSV(id=424, userId=1, transactionId=null, account=null, suffix=0, sequenceNo=0, transactionDate=2025-10-19, transactionAmount=-10.720, description=Purchase, merchantName=Microsoft, extendedDescription=Microsoft*Microsoft 365425-6816830  WAUS, electronicTransactionDate=2025-10-19, effectiveDate=null, balance=461.580, institution_id=Granite Credit Union, category=null, type=null), TransactionCSV(id=437, userId=1, transactionId=null, account=null, suffix=0, sequenceNo=0, transactionDate=2025-10-26, transactionAmount=-1.600, description=Purchase, merchantName=APPLE.COM, extendedDescription=APPLE.COM/BILL         866-712-7753 CAUS, electronicTransactionDate=2025-10-26, effectiveDate=null, balance=2216.050, institution_id=Granite Credit Union, category=null, type=null), TransactionCSV(id=441, userId=1, transactionId=null, account=null, suffix=0, sequenceNo=0, transactionDate=2025-10-29, transactionAmount=-12.790, description=PIN Purchase, merchantName=JETBRAINS, extendedDescription=JETBRAINS AMERI WWW.JETBRAINS.COM/     FOSTER, electronicTransactionDate=2025-10-27, effectiveDate=null, balance=1304.700, institution_id=Granite Credit Union, category=null, type=null), TransactionCSV(id=442, userId=1, transactionId=null, account=null, suffix=0, sequenceNo=0, transactionDate=2025-10-29, transactionAmount=-12.990, description=Purchase, merchantName=APPLE.COM, extendedDescription=APPLE.COM/BILL         866-712-7753 CAUS, electronicTransactionDate=2025-10-29, effectiveDate=null, balance=1317.490, institution_id=Granite Credit Union, category=null, type=null), TransactionCSV(id=446, userId=1, transactionId=null, account=null, suffix=0, sequenceNo=0, transactionDate=2025-10-30, transactionAmount=-2.140, description=PIN Purchase, merchantName=APPLE, extendedDescription=APPLE COM BILL         CUPERTINO    CAUS, electronicTransactionDate=2025-10-30, effectiveDate=null, balance=1302.560, institution_id=Granite Credit Union, category=null, type=null)], transactionDate=null), CSVTransactionsByCategory(category=Gas, totalCategorySpending=85.730, csvTransactions=[TransactionCSV(id=396, userId=1, transactionId=null, account=null, suffix=0, sequenceNo=0, transactionDate=2025-10-09, transactionAmount=-19.000, description=Purchase, merchantName=MAVERIK, extendedDescription=MAVERIK #413           SOUTH JORDAN UTUS, electronicTransactionDate=2025-10-08, effectiveDate=null, balance=54.510, institution_id=Granite Credit Union, category=null, type=null), TransactionCSV(id=407, userId=1, transactionId=null, account=null, suffix=0, sequenceNo=0, transactionDate=2025-10-12, transactionAmount=-21.500, description=Purchase, merchantName=MAVERIK, extendedDescription=MAVERIK #413           SOUTH JORDAN UTUS, electronicTransactionDate=2025-10-11, effectiveDate=null, balance=818.820, institution_id=Granite Credit Union, category=null, type=null), TransactionCSV(id=423, userId=1, transactionId=null, account=null, suffix=0, sequenceNo=0, transactionDate=2025-10-19, transactionAmount=-23.230, description=Purchase, merchantName=MAVERIK, extendedDescription=MAVERIK #413           SOUTH JORDAN UTUS, electronicTransactionDate=2025-10-18, effectiveDate=null, balance=438.350, institution_id=Granite Credit Union, category=null, type=null), TransactionCSV(id=438, userId=1, transactionId=null, account=null, suffix=0, sequenceNo=0, transactionDate=2025-10-26, transactionAmount=-22.000, description=Purchase, merchantName=MAVERIK, extendedDescription=MAVERIK #413           SOUTH JORDAN UTUS, electronicTransactionDate=2025-10-25, effectiveDate=null, balance=2217.650, institution_id=Granite Credit Union, category=null, type=null)], transactionDate=null), CSVTransactionsByCategory(category=Utilities, totalCategorySpending=114.180, csvTransactions=[TransactionCSV(id=381, userId=1, transactionId=null, account=null, suffix=0, sequenceNo=0, transactionDate=2025-10-03, transactionAmount=-114.180, description=Purchase, merchantName=CONSERVICE, extendedDescription=CONSERVICE, LLC        866-9477379  UTUS, electronicTransactionDate=2025-10-03, effectiveDate=null, balance=238.480, institution_id=Granite Credit Union, category=null, type=null)], transactionDate=null), CSVTransactionsByCategory(category=Electric, totalCategorySpending=120.950, csvTransactions=[TransactionCSV(id=443, userId=1, transactionId=null, account=null, suffix=0, sequenceNo=0, transactionDate=2025-10-29, transactionAmount=-120.950, description=ROCKYMTN/PACIFIC POWER BILL, merchantName=ROCKYMTN/PACIFIC   POWER BILL, extendedDescription=ROCKYMTN/PACIFIC   POWER BILL, electronicTransactionDate=2025-10-29, effectiveDate=null, balance=1330.480, institution_id=Granite Credit Union, category=null, type=null)], transactionDate=null), CSVTransactionsByCategory(category=Order Out, totalCategorySpending=144.730, csvTransactions=[TransactionCSV(id=379, userId=1, transactionId=null, account=null, suffix=0, sequenceNo=0, transactionDate=2025-10-02, transactionAmount=-12.040, description=Purchase, merchantName=NOODLES AND COMPANY, extendedDescription=NOODLES AND COMPANY    ORDER.NOODLESCOUS, electronicTransactionDate=2025-10-02, effectiveDate=null, balance=423.330, institution_id=Granite Credit Union, category=null, type=null), TransactionCSV(id=389, userId=1, transactionId=null, account=null, suffix=0, sequenceNo=0, transactionDate=2025-10-05, transactionAmount=-14.180, description=Purchase, merchantName=THE BREAK SPORTS AND GRSOUTH JORDAN UTUS, extendedDescription=THE BREAK SPORTS AND GRSOUTH JORDAN UTUS, electronicTransactionDate=2025-10-03, effectiveDate=null, balance=198.000, institution_id=Granite Credit Union, category=null, type=null), TransactionCSV(id=390, userId=1, transactionId=null, account=null, suffix=0, sequenceNo=0, transactionDate=2025-10-06, transactionAmount=-10.950, description=Purchase, merchantName=PANDA EXPRESS, extendedDescription=PANDA EXPRESS #3088P   olo.com      UTUS, electronicTransactionDate=2025-10-05, effectiveDate=null, balance=144.910, institution_id=Granite Credit Union, category=null, type=null), TransactionCSV(id=394, userId=1, transactionId=null, account=null, suffix=0, sequenceNo=0, transactionDate=2025-10-07, transactionAmount=-10.950, description=Purchase, merchantName=PANDA EXPRESS, extendedDescription=PANDA EXPRESS #3088    SOUTH JORDAN UTUS, electronicTransactionDate=2025-10-06, effectiveDate=null, balance=133.960, institution_id=Granite Credit Union, category=null, type=null), TransactionCSV(id=395, userId=1, transactionId=null, account=null, suffix=0, sequenceNo=0, transactionDate=2025-10-08, transactionAmount=-12.010, description=Purchase, merchantName=365 MARKET FP          TROY         MIUS, extendedDescription=365 MARKET FP          TROY         MIUS, electronicTransactionDate=2025-10-07, effectiveDate=null, balance=73.510, institution_id=Granite Credit Union, category=null, type=null), TransactionCSV(id=401, userId=1, transactionId=null, account=null, suffix=0, sequenceNo=0, transactionDate=2025-10-11, transactionAmount=-10.950, description=Purchase, merchantName=PANDA EXPRESS, extendedDescription=PANDA EXPRESS #3088P   olo.com      UTUS, electronicTransactionDate=2025-10-10, effectiveDate=null, balance=873.520, institution_id=Granite Credit Union, category=null, type=null), TransactionCSV(id=405, userId=1, transactionId=null, account=null, suffix=0, sequenceNo=0, transactionDate=2025-10-12, transactionAmount=-2.280, description=Purchase, merchantName=PANDA EXPRESS, extendedDescription=PANDA EXPRESS #3088    SOUTH JORDAN UTUS, electronicTransactionDate=2025-10-11, effectiveDate=null, balance=807.320, institution_id=Granite Credit Union, category=null, type=null), TransactionCSV(id=406, userId=1, transactionId=null, account=null, suffix=0, sequenceNo=0, transactionDate=2025-10-12, transactionAmount=-9.220, description=Purchase, merchantName=PANDA EXPRESS, extendedDescription=PANDA EXPRESS #3088P   olo.com      UTUS, electronicTransactionDate=2025-10-11, effectiveDate=null, balance=809.600, institution_id=Granite Credit Union, category=null, type=null), TransactionCSV(id=422, userId=1, transactionId=null, account=null, suffix=0, sequenceNo=0, transactionDate=2025-10-19, transactionAmount=-28.630, description=Purchase, merchantName=THE BREAK SPORTS AND GRSOUTH JORDAN UTUS, extendedDescription=THE BREAK SPORTS AND GRSOUTH JORDAN UTUS, electronicTransactionDate=2025-10-17, effectiveDate=null, balance=409.720, institution_id=Granite Credit Union, category=null, type=null), TransactionCSV(id=426, userId=1, transactionId=null, account=null, suffix=0, sequenceNo=0, transactionDate=2025-10-20, transactionAmount=-10.950, description=Purchase, merchantName=PANDA EXPRESS, extendedDescription=PANDA EXPRESS #3088P   olo.com      UTUS, electronicTransactionDate=2025-10-19, effectiveDate=null, balance=285.110, institution_id=Granite Credit Union, category=null, type=null), TransactionCSV(id=427, userId=1, transactionId=null, account=null, suffix=0, sequenceNo=0, transactionDate=2025-10-20, transactionAmount=-2.280, description=Purchase, merchantName=PANDA EXPRESS, extendedDescription=PANDA EXPRESS #3088    SOUTH JORDAN UTUS, electronicTransactionDate=2025-10-19, effectiveDate=null, balance=296.060, institution_id=Granite Credit Union, category=null, type=null), TransactionCSV(id=430, userId=1, transactionId=null, account=null, suffix=0, sequenceNo=0, transactionDate=2025-10-23, transactionAmount=-10.950, description=Purchase, merchantName=PANDA EXPRESS, extendedDescription=PANDA EXPRESS #3088    SOUTH JORDAN UTUS, electronicTransactionDate=2025-10-22, effectiveDate=null, balance=2337.280, institution_id=Granite Credit Union, category=null, type=null), TransactionCSV(id=439, userId=1, transactionId=null, account=null, suffix=0, sequenceNo=0, transactionDate=2025-10-27, transactionAmount=-9.340, description=Purchase, merchantName=THE BREAK SPORTS AND GRSOUTH JORDAN UTUS, extendedDescription=THE BREAK SPORTS AND GRSOUTH JORDAN UTUS, electronicTransactionDate=2025-10-26, effectiveDate=null, balance=2158.430, institution_id=Granite Credit Union, category=null, type=null)], transactionDate=null), CSVTransactionsByCategory(category=Payment, totalCategorySpending=247.030, csvTransactions=[TransactionCSV(id=378, userId=1, transactionId=null, account=null, suffix=0, sequenceNo=0, transactionDate=2025-10-01, transactionAmount=-10.390, description=Purchase, merchantName=AFFIRM, extendedDescription=AFFIRM * PAY OQ3UQIGC  855-423-3729 CAUS, electronicTransactionDate=2025-10-01, effectiveDate=null, balance=455.010, institution_id=Granite Credit Union, category=null, type=null), TransactionCSV(id=393, userId=1, transactionId=null, account=null, suffix=0, sequenceNo=0, transactionDate=2025-10-07, transactionAmount=-30.000, description=PAYPAL INST XFER, merchantName=PAYPAL, extendedDescription=PAYPAL             INST XFER, electronicTransactionDate=2025-10-07, effectiveDate=null, balance=103.960, institution_id=Granite Credit Union, category=null, type=null), TransactionCSV(id=410, userId=1, transactionId=null, account=null, suffix=0, sequenceNo=0, transactionDate=2025-10-14, transactionAmount=-160.000, description=AMEX EPAYMENT ACH PMT, merchantName=AMEX, extendedDescription=AMEX EPAYMENT      ACH PMT, electronicTransactionDate=2025-10-14, effectiveDate=null, balance=616.610, institution_id=Granite Credit Union, category=null, type=null), TransactionCSV(id=415, userId=1, transactionId=null, account=null, suffix=0, sequenceNo=0, transactionDate=2025-10-16, transactionAmount=-23.840, description=Purchase, merchantName=AFFIRM, extendedDescription=AFFIRM * PAY TGXYC81P  855-423-3729 CAUS, electronicTransactionDate=2025-10-16, effectiveDate=null, balance=546.880, institution_id=Granite Credit Union, category=null, type=null), TransactionCSV(id=444, userId=1, transactionId=null, account=null, suffix=0, sequenceNo=0, transactionDate=2025-10-30, transactionAmount=-10.720, description=Purchase, merchantName=PAYPAL, extendedDescription=PAYPAL *PYPL PAYIN4    888-221-1161 CAUS, electronicTransactionDate=2025-10-30, effectiveDate=null, balance=1279.760, institution_id=Granite Credit Union, category=null, type=null), TransactionCSV(id=445, userId=1, transactionId=null, account=null, suffix=0, sequenceNo=0, transactionDate=2025-10-30, transactionAmount=-12.080, description=Purchase, merchantName=AFFIRM, extendedDescription=AFFIRM * PAY Y0TAIBUA  855-423-3729 CAUS, electronicTransactionDate=2025-10-30, effectiveDate=null, balance=1290.480, institution_id=Granite Credit Union, category=null, type=null)], transactionDate=null), CSVTransactionsByCategory(category=Groceries, totalCategorySpending=522.190, csvTransactions=[TransactionCSV(id=377, userId=1, transactionId=null, account=null, suffix=0, sequenceNo=0, transactionDate=2025-10-01, transactionAmount=-6.310, description=PIN Purchase, merchantName=HARMONS, extendedDescription=HARMONS - DISTRICT 86  SOUTH JORDAN UTUS, electronicTransactionDate=2025-10-01, effectiveDate=null, balance=448.700, institution_id=Granite Credit Union, category=null, type=null), TransactionCSV(id=383, userId=1, transactionId=null, account=null, suffix=0, sequenceNo=0, transactionDate=2025-10-03, transactionAmount=-40.310, description=PIN Purchase, merchantName=WINCO FOODS, extendedDescription=WINCO FOODS #15 WINCO11969 S CARLSBAD WHERRIM, electronicTransactionDate=2025-10-03, effectiveDate=null, balance=378.440, institution_id=Granite Credit Union, category=null, type=null), TransactionCSV(id=385, userId=1, transactionId=null, account=null, suffix=0, sequenceNo=0, transactionDate=2025-10-04, transactionAmount=-26.300, description=PIN Purchase, merchantName=WINCO FOODS, extendedDescription=WINCO FOODS #15 WINCO11969 S CARLSBAD WHERRIM, electronicTransactionDate=2025-10-04, effectiveDate=null, balance=212.180, institution_id=Granite Credit Union, category=null, type=null), TransactionCSV(id=386, userId=1, transactionId=null, account=null, suffix=0, sequenceNo=0, transactionDate=2025-10-05, transactionAmount=-11.810, description=PIN Purchase, merchantName=HARMONS, extendedDescription=HARMONS - DISTRICT 86  SOUTH JORDAN UTUS, electronicTransactionDate=2025-10-05, effectiveDate=null, balance=155.860, institution_id=Granite Credit Union, category=null, type=null), TransactionCSV(id=387, userId=1, transactionId=null, account=null, suffix=0, sequenceNo=0, transactionDate=2025-10-05, transactionAmount=-1.070, description=PIN Purchase, merchantName=WM SUPERCENTER, extendedDescription=WM SUPERCENTER 3590 W SOUTH JORDA     SOUTH J, electronicTransactionDate=2025-10-05, effectiveDate=null, balance=167.670, institution_id=Granite Credit Union, category=null, type=null), TransactionCSV(id=388, userId=1, transactionId=null, account=null, suffix=0, sequenceNo=0, transactionDate=2025-10-05, transactionAmount=-29.260, description=PIN Purchase, merchantName=WINCO FOODS, extendedDescription=WINCO FOODS #15 WINCO11969 S CARLSBAD WHERRIM, electronicTransactionDate=2025-10-05, effectiveDate=null, balance=168.740, institution_id=Granite Credit Union, category=null, type=null), TransactionCSV(id=397, userId=1, transactionId=null, account=null, suffix=0, sequenceNo=0, transactionDate=2025-10-10, transactionAmount=-24.910, description=PIN Purchase, merchantName=SMITHS, extendedDescription=SMITHS #4276 5448 DAYBREAK PARK     SOUTH JOR, electronicTransactionDate=2025-10-10, effectiveDate=null, balance=963.470, institution_id=Granite Credit Union, category=null, type=null), TransactionCSV(id=398, userId=1, transactionId=null, account=null, suffix=0, sequenceNo=0, transactionDate=2025-10-10, transactionAmount=-66.130, description=PIN Purchase, merchantName=WINCO FOODS, extendedDescription=WINCO FOODS #15 WINCO11969 S CARLSBAD WHERRIM, electronicTransactionDate=2025-10-10, effectiveDate=null, balance=988.380, institution_id=Granite Credit Union, category=null, type=null), TransactionCSV(id=400, userId=1, transactionId=null, account=null, suffix=0, sequenceNo=0, transactionDate=2025-10-11, transactionAmount=-18.840, description=PIN Purchase, merchantName=WINCO FOODS, extendedDescription=WINCO FOODS #15 WINCO11969 S CARLSBAD WHERRIM, electronicTransactionDate=2025-10-11, effectiveDate=null, balance=854.680, institution_id=Granite Credit Union, category=null, type=null), TransactionCSV(id=403, userId=1, transactionId=null, account=null, suffix=0, sequenceNo=0, transactionDate=2025-10-12, transactionAmount=-16.030, description=PIN Purchase, merchantName=WINCO FOODS, extendedDescription=WINCO FOODS #15 WINCO11969 S CARLSBAD WHERRIM, electronicTransactionDate=2025-10-12, effectiveDate=null, balance=776.610, institution_id=Granite Credit Union, category=null, type=null), TransactionCSV(id=404, userId=1, transactionId=null, account=null, suffix=0, sequenceNo=0, transactionDate=2025-10-12, transactionAmount=-14.680, description=PIN Purchase, merchantName=WM SUPERCENTER, extendedDescription=WM SUPERCENTER 3590 W SOUTH JORDA     SOUTH J, electronicTransactionDate=2025-10-12, effectiveDate=null, balance=792.640, institution_id=Granite Credit Union, category=null, type=null), TransactionCSV(id=413, userId=1, transactionId=null, account=null, suffix=0, sequenceNo=0, transactionDate=2025-10-15, transactionAmount=-6.310, description=PIN Purchase, merchantName=HARMONS, extendedDescription=HARMONS - DISTRICT 86  SOUTH JORDAN UTUS, electronicTransactionDate=2025-10-15, effectiveDate=null, balance=598.590, institution_id=Granite Credit Union, category=null, type=null), TransactionCSV(id=414, userId=1, transactionId=null, account=null, suffix=0, sequenceNo=0, transactionDate=2025-10-16, transactionAmount=-13.840, description=PIN Purchase, merchantName=HARMONS, extendedDescription=HARMONS - DISTRICT 86  SOUTH JORDAN UTUS, electronicTransactionDate=2025-10-16, effectiveDate=null, balance=533.040, institution_id=Granite Credit Union, category=null, type=null), TransactionCSV(id=416, userId=1, transactionId=null, account=null, suffix=0, sequenceNo=0, transactionDate=2025-10-18, transactionAmount=-22.500, description=PIN Purchase, merchantName=WINCO FOODS, extendedDescription=WINCO FOODS #15 WINCO11969 S CARLSBAD WHERRIM, electronicTransactionDate=2025-10-18, effectiveDate=null, balance=472.300, institution_id=Granite Credit Union, category=null, type=null), TransactionCSV(id=419, userId=1, transactionId=null, account=null, suffix=0, sequenceNo=0, transactionDate=2025-10-19, transactionAmount=-12.360, description=PIN Purchase, merchantName=SMITHS, extendedDescription=SMITHS #4276 5448 DAYBREAK PARK     SOUTH JOR, electronicTransactionDate=2025-10-19, effectiveDate=null, balance=324.340, institution_id=Granite Credit Union, category=null, type=null), TransactionCSV(id=420, userId=1, transactionId=null, account=null, suffix=0, sequenceNo=0, transactionDate=2025-10-19, transactionAmount=-22.580, description=PIN Purchase, merchantName=WM SUPERCENTER, extendedDescription=WM SUPERCENTER 3590 W SOUTH JORDA     SOUTH J, electronicTransactionDate=2025-10-19, effectiveDate=null, balance=336.700, institution_id=Granite Credit Union, category=null, type=null), TransactionCSV(id=421, userId=1, transactionId=null, account=null, suffix=0, sequenceNo=0, transactionDate=2025-10-19, transactionAmount=-50.440, description=PIN Purchase, merchantName=WINCO FOODS, extendedDescription=WINCO FOODS #15 WINCO11969 S CARLSBAD WHERRIM, electronicTransactionDate=2025-10-19, effectiveDate=null, balance=359.280, institution_id=Granite Credit Union, category=null, type=null), TransactionCSV(id=432, userId=1, transactionId=null, account=null, suffix=0, sequenceNo=0, transactionDate=2025-10-24, transactionAmount=-70.530, description=PIN Purchase, merchantName=WINCO FOODS, extendedDescription=WINCO FOODS #15 WINCO11969 S CARLSBAD WHERRIM, electronicTransactionDate=2025-10-24, effectiveDate=null, balance=2266.750, institution_id=Granite Credit Union, category=null, type=null), TransactionCSV(id=434, userId=1, transactionId=null, account=null, suffix=0, sequenceNo=0, transactionDate=2025-10-25, transactionAmount=-17.980, description=PIN Purchase, merchantName=SMITHS, extendedDescription=SMITHS #4276 5448 DAYBREAK PARK     SOUTH JOR, electronicTransactionDate=2025-10-25, effectiveDate=null, balance=2248.770, institution_id=Granite Credit Union, category=null, type=null), TransactionCSV(id=435, userId=1, transactionId=null, account=null, suffix=0, sequenceNo=0, transactionDate=2025-10-26, transactionAmount=-28.360, description=PIN Purchase, merchantName=WM SUPERCENTER, extendedDescription=WM SUPERCENTER 3590 W SOUTH JORDA     SOUTH J, electronicTransactionDate=2025-10-26, effectiveDate=null, balance=2167.770, institution_id=Granite Credit Union, category=null, type=null), TransactionCSV(id=436, userId=1, transactionId=null, account=null, suffix=0, sequenceNo=0, transactionDate=2025-10-26, transactionAmount=-19.920, description=PIN Purchase, merchantName=WAL-MART, extendedDescription=WAL-MART #5763 3590 W. SOUTH JORD     SOUTH J, electronicTransactionDate=2025-10-26, effectiveDate=null, balance=2196.130, institution_id=Granite Credit Union, category=null, type=null), TransactionCSV(id=447, userId=1, transactionId=null, account=null, suffix=0, sequenceNo=0, transactionDate=2025-10-31, transactionAmount=-1.720, description=PIN Purchase, merchantName=HARMONS, extendedDescription=HARMONS - DISTRICT 86  SOUTH JORDAN UTUS, electronicTransactionDate=2025-10-31, effectiveDate=null, balance=1278.040, institution_id=Granite Credit Union, category=null, type=null)], transactionDate=null), CSVTransactionsByCategory(category=Income, totalCategorySpending=2156.070, csvTransactions=[TransactionCSV(id=431, userId=1, transactionId=null, account=null, suffix=0, sequenceNo=0, transactionDate=2025-10-23, transactionAmount=2156.070, description=L3 TECHNOLOGIES PAYROLL, merchantName=L3 TECHNOLOGIES, extendedDescription=L3 TECHNOLOGIES    PAYROLL, electronicTransactionDate=2025-10-24, effectiveDate=null, balance=2348.230, institution_id=Granite Credit Union, category=null, type=null)], transactionDate=null)]
2026-04-18 10:35:47 INFO  c.a.b.w.s.HistoricalDataEngine - Fetching transactions for month: 2025-06-01 - 2025-06-30
2026-04-18 10:35:47 INFO  c.a.b.s.TransactionCategoryServiceImpl - Successfully updated the TransactionCategory status to PROCESSED for the csv Id: 376 
2026-04-18 10:35:47 INFO  c.a.b.s.TransactionCategoryServiceImpl - Successfully updated the TransactionCategory status to PROCESSED for the csv Id: 377 
2026-04-18 10:35:47 INFO  c.a.b.w.s.HistoricalDataEngine - Fetching transactions for month: 2025-05-01 - 2025-05-31
2026-04-18 10:35:47 INFO  c.a.b.s.TransactionCategoryServiceImpl - Successfully updated the TransactionCategory status to PROCESSED for the csv Id: 378 
2026-04-18 10:35:47 INFO  c.a.b.s.TransactionCategoryServiceImpl - Successfully updated the TransactionCategory status to PROCESSED for the csv Id: 379 
2026-04-18 10:35:47 INFO  c.a.b.w.s.HistoricalDataEngine - Fetching transactions for month: 2025-04-01 - 2025-04-30
2026-04-18 10:35:47 INFO  c.a.b.s.TransactionCategoryServiceImpl - Successfully updated the TransactionCategory status to PROCESSED for the csv Id: 381 
2026-04-18 10:35:47 INFO  c.a.b.w.s.HistoricalDataEngine - Aggregated Spending: []
2026-04-18 10:35:47 INFO  c.a.b.s.TransactionCategoryServiceImpl - Successfully updated the TransactionCategory status to PROCESSED for the csv Id: 382 
2026-04-18 10:35:47 INFO  c.a.b.w.b.BudgetEstimatorService - Category Budget Amounts: []
2026-04-18 10:35:47 INFO  c.a.b.w.b.BudgetEstimatorService - Budget Start: 2025-10-01
2026-04-18 10:35:47 INFO  c.a.b.w.b.BudgetEstimatorService - Monthly Income: 3096.08
2026-04-18 10:35:47 INFO  c.a.b.w.b.BudgetEstimatorService - No historical data found for category budget calculation
2026-04-18 10:35:47 INFO  c.a.b.w.s.HistoricalDataEngine - Fetching transactions for month: 2025-09-01 - 2025-09-30
2026-04-18 10:35:47 INFO  c.a.b.s.TransactionCategoryServiceImpl - Successfully updated the TransactionCategory status to PROCESSED for the csv Id: 383 
2026-04-18 10:35:47 INFO  c.a.b.w.s.HistoricalDataEngine - Fetching transactions for month: 2025-08-01 - 2025-08-31
2026-04-18 10:35:47 INFO  c.a.b.s.TransactionCategoryServiceImpl - Successfully updated the TransactionCategory status to PROCESSED for the csv Id: 385 
2026-04-18 10:35:47 INFO  c.a.b.s.TransactionCategoryServiceImpl - Successfully updated the TransactionCategory status to PROCESSED for the csv Id: 386 
2026-04-18 10:35:47 INFO  c.a.b.w.s.HistoricalDataEngine - Fetching transactions for month: 2025-07-01 - 2025-07-31
2026-04-18 10:35:47 INFO  c.a.b.s.TransactionCategoryServiceImpl - Successfully updated the TransactionCategory status to PROCESSED for the csv Id: 387 
2026-04-18 10:35:47 INFO  c.a.b.s.TransactionCategoryServiceImpl - Successfully updated the TransactionCategory status to PROCESSED for the csv Id: 388 
2026-04-18 10:35:47 INFO  c.a.b.s.TransactionCategoryServiceImpl - Successfully updated the TransactionCategory status to PROCESSED for the csv Id: 389 
2026-04-18 10:35:47 INFO  c.a.b.w.s.HistoricalDataEngine - Fetching transactions for month: 2025-06-01 - 2025-06-30
2026-04-18 10:35:47 INFO  c.a.b.s.TransactionCategoryServiceImpl - Successfully updated the TransactionCategory status to PROCESSED for the csv Id: 390 
2026-04-18 10:35:47 INFO  c.a.b.s.TransactionCategoryServiceImpl - Successfully updated the TransactionCategory status to PROCESSED for the csv Id: 391 
2026-04-18 10:35:47 INFO  c.a.b.w.s.HistoricalDataEngine - Fetching transactions for month: 2025-05-01 - 2025-05-31
2026-04-18 10:35:48 INFO  c.a.b.s.TransactionCategoryServiceImpl - Successfully updated the TransactionCategory status to PROCESSED for the csv Id: 392 
2026-04-18 10:35:48 INFO  c.a.b.w.s.HistoricalDataEngine - Fetching transactions for month: 2025-04-01 - 2025-04-30
2026-04-18 10:35:48 INFO  c.a.b.s.TransactionCategoryServiceImpl - Successfully updated the TransactionCategory status to PROCESSED for the csv Id: 393 
2026-04-18 10:35:48 INFO  c.a.b.s.TransactionCategoryServiceImpl - Successfully updated the TransactionCategory status to PROCESSED for the csv Id: 394 
2026-04-18 10:35:48 INFO  c.a.b.w.s.HistoricalDataEngine - Aggregated Spending: []
2026-04-18 10:35:48 INFO  c.a.b.w.b.BudgetEstimatorService - Category Budget Amounts: []
2026-04-18 10:35:48 INFO  c.a.b.w.b.BudgetEstimatorService - Budget Start: 2025-10-01
2026-04-18 10:35:48 INFO  c.a.b.w.b.BudgetEstimatorService - Monthly Income: 3096.08
2026-04-18 10:35:48 INFO  c.a.b.w.b.BudgetEstimatorService - No historical data found for category budget calculation
2026-04-18 10:35:48 INFO  c.a.b.w.s.HistoricalDataEngine - Fetching transactions for month: 2025-09-01 - 2025-09-30
2026-04-18 10:35:48 INFO  c.a.b.s.TransactionCategoryServiceImpl - Successfully updated the TransactionCategory status to PROCESSED for the csv Id: 395 
2026-04-18 10:35:48 INFO  c.a.b.s.TransactionCategoryServiceImpl - Successfully updated the TransactionCategory status to PROCESSED for the csv Id: 396 
2026-04-18 10:35:48 INFO  c.a.b.w.s.HistoricalDataEngine - Fetching transactions for month: 2025-08-01 - 2025-08-31
2026-04-18 10:35:48 INFO  c.a.b.s.TransactionCategoryServiceImpl - Successfully updated the TransactionCategory status to PROCESSED for the csv Id: 397 
2026-04-18 10:35:48 INFO  c.a.b.s.TransactionCategoryServiceImpl - Successfully updated the TransactionCategory status to PROCESSED for the csv Id: 398 
2026-04-18 10:35:48 INFO  c.a.b.w.s.HistoricalDataEngine - Fetching transactions for month: 2025-07-01 - 2025-07-31
2026-04-18 10:35:48 INFO  c.a.b.s.TransactionCategoryServiceImpl - Successfully updated the TransactionCategory status to PROCESSED for the csv Id: 400 
2026-04-18 10:35:48 INFO  c.a.b.s.TransactionCategoryServiceImpl - Successfully updated the TransactionCategory status to PROCESSED for the csv Id: 401 
2026-04-18 10:35:48 INFO  c.a.b.w.s.HistoricalDataEngine - Fetching transactions for month: 2025-06-01 - 2025-06-30
2026-04-18 10:35:48 INFO  c.a.b.s.TransactionCategoryServiceImpl - Successfully updated the TransactionCategory status to PROCESSED for the csv Id: 403 
2026-04-18 10:35:48 INFO  c.a.b.s.TransactionCategoryServiceImpl - Successfully updated the TransactionCategory status to PROCESSED for the csv Id: 404 
2026-04-18 10:35:48 INFO  c.a.b.w.s.HistoricalDataEngine - Fetching transactions for month: 2025-05-01 - 2025-05-31
2026-04-18 10:35:48 INFO  c.a.b.s.TransactionCategoryServiceImpl - Successfully updated the TransactionCategory status to PROCESSED for the csv Id: 405 
2026-04-18 10:35:48 INFO  c.a.b.s.TransactionCategoryServiceImpl - Successfully updated the TransactionCategory status to PROCESSED for the csv Id: 406 
2026-04-18 10:35:48 INFO  c.a.b.w.s.HistoricalDataEngine - Fetching transactions for month: 2025-04-01 - 2025-04-30
2026-04-18 10:35:48 INFO  c.a.b.s.TransactionCategoryServiceImpl - Successfully updated the TransactionCategory status to PROCESSED for the csv Id: 407 
2026-04-18 10:35:48 INFO  c.a.b.s.TransactionCategoryServiceImpl - Successfully updated the TransactionCategory status to PROCESSED for the csv Id: 408 
2026-04-18 10:35:48 INFO  c.a.b.w.s.HistoricalDataEngine - Aggregated Spending: []
2026-04-18 10:35:48 INFO  c.a.b.w.b.BudgetEstimatorService - Category Budget Amounts: []
2026-04-18 10:35:48 INFO  c.a.b.w.b.MonthlyBudgetCategoryBuilderService - Unique Budget Categories: 9
2026-04-18 10:35:48 INFO  c.a.b.w.MonthlyBudgetCategoryStrategy - Built budget categories: [BudgetCategory(id=null, subBudgetId=10, categoryName=Income, budgetedAmount=0.0, budgetActual=1000.0, isActive=true, startDate=2025-10-08, endDate=2025-10-14, overSpendingAmount=0.0, isOverSpent=false, userId=null, transactions=[com.app.budgetbuddy.domain.Transaction@2f14c8d9]), BudgetCategory(id=null, subBudgetId=10, categoryName=Order Out, budgetedAmount=0.0, budgetActual=4.58, isActive=true, startDate=2025-10-01, endDate=2025-10-07, overSpendingAmount=0.0, isOverSpent=false, userId=null, transactions=[com.app.budgetbuddy.domain.Transaction@e85d60c]), BudgetCategory(id=null, subBudgetId=10, categoryName=Payment, budgetedAmount=0.0, budgetActual=79.0, isActive=true, startDate=2025-10-08, endDate=2025-10-14, overSpendingAmount=0.0, isOverSpent=false, userId=null, transactions=[com.app.budgetbuddy.domain.Transaction@31dfdacf]), BudgetCategory(id=null, subBudgetId=10, categoryName=Subscription, budgetedAmount=0.0, budgetActual=14.99, isActive=true, startDate=2025-10-15, endDate=2025-10-21, overSpendingAmount=0.0, isOverSpent=false, userId=null, transactions=[com.app.budgetbuddy.domain.Transaction@4420d18d]), BudgetCategory(id=null, subBudgetId=10, categoryName=Income, budgetedAmount=0.0, budgetActual=1200.0, isActive=true, startDate=2025-10-01, endDate=2025-10-07, overSpendingAmount=0.0, isOverSpent=false, userId=null, transactions=[com.app.budgetbuddy.domain.Transaction@60d27fae]), BudgetCategory(id=null, subBudgetId=10, categoryName=Rent, budgetedAmount=0.0, budgetActual=707.0, isActive=true, startDate=2025-10-22, endDate=2025-10-28, overSpendingAmount=0.0, isOverSpent=false, userId=null, transactions=[com.app.budgetbuddy.domain.Transaction@38ebeb32]), BudgetCategory(id=null, subBudgetId=10, categoryName=Subscription, budgetedAmount=0.0, budgetActual=22.0, isActive=true, startDate=2025-10-22, endDate=2025-10-28, overSpendingAmount=0.0, isOverSpent=false, userId=null, transactions=[com.app.budgetbuddy.domain.Transaction@c38f529, com.app.budgetbuddy.domain.Transaction@6fb6eaf3]), BudgetCategory(id=null, subBudgetId=10, categoryName=Groceries, budgetedAmount=0.0, budgetActual=15.0, isActive=true, startDate=2025-10-15, endDate=2025-10-21, overSpendingAmount=0.0, isOverSpent=false, userId=null, transactions=[com.app.budgetbuddy.domain.Transaction@56610ac0]), BudgetCategory(id=null, subBudgetId=10, categoryName=Rent, budgetedAmount=0.0, budgetActual=1212.34, isActive=true, startDate=2025-10-01, endDate=2025-10-07, overSpendingAmount=0.0, isOverSpent=false, userId=null, transactions=[com.app.budgetbuddy.domain.Transaction@7331c9c0])]
2026-04-18 10:35:48 INFO  c.a.b.w.BudgetCategoryAsyncService - Budget Categories: [BudgetCategory(id=null, subBudgetId=10, categoryName=Income, budgetedAmount=0.0, budgetActual=1000.0, isActive=true, startDate=2025-10-08, endDate=2025-10-14, overSpendingAmount=0.0, isOverSpent=false, userId=null, transactions=[com.app.budgetbuddy.domain.Transaction@2f14c8d9]), BudgetCategory(id=null, subBudgetId=10, categoryName=Order Out, budgetedAmount=0.0, budgetActual=4.58, isActive=true, startDate=2025-10-01, endDate=2025-10-07, overSpendingAmount=0.0, isOverSpent=false, userId=null, transactions=[com.app.budgetbuddy.domain.Transaction@e85d60c]), BudgetCategory(id=null, subBudgetId=10, categoryName=Payment, budgetedAmount=0.0, budgetActual=79.0, isActive=true, startDate=2025-10-08, endDate=2025-10-14, overSpendingAmount=0.0, isOverSpent=false, userId=null, transactions=[com.app.budgetbuddy.domain.Transaction@31dfdacf]), BudgetCategory(id=null, subBudgetId=10, categoryName=Subscription, budgetedAmount=0.0, budgetActual=14.99, isActive=true, startDate=2025-10-15, endDate=2025-10-21, overSpendingAmount=0.0, isOverSpent=false, userId=null, transactions=[com.app.budgetbuddy.domain.Transaction@4420d18d]), BudgetCategory(id=null, subBudgetId=10, categoryName=Income, budgetedAmount=0.0, budgetActual=1200.0, isActive=true, startDate=2025-10-01, endDate=2025-10-07, overSpendingAmount=0.0, isOverSpent=false, userId=null, transactions=[com.app.budgetbuddy.domain.Transaction@60d27fae]), BudgetCategory(id=null, subBudgetId=10, categoryName=Rent, budgetedAmount=0.0, budgetActual=707.0, isActive=true, startDate=2025-10-22, endDate=2025-10-28, overSpendingAmount=0.0, isOverSpent=false, userId=null, transactions=[com.app.budgetbuddy.domain.Transaction@38ebeb32]), BudgetCategory(id=null, subBudgetId=10, categoryName=Subscription, budgetedAmount=0.0, budgetActual=22.0, isActive=true, startDate=2025-10-22, endDate=2025-10-28, overSpendingAmount=0.0, isOverSpent=false, userId=null, transactions=[com.app.budgetbuddy.domain.Transaction@c38f529, com.app.budgetbuddy.domain.Transaction@6fb6eaf3]), BudgetCategory(id=null, subBudgetId=10, categoryName=Groceries, budgetedAmount=0.0, budgetActual=15.0, isActive=true, startDate=2025-10-15, endDate=2025-10-21, overSpendingAmount=0.0, isOverSpent=false, userId=null, transactions=[com.app.budgetbuddy.domain.Transaction@56610ac0]), BudgetCategory(id=null, subBudgetId=10, categoryName=Rent, budgetedAmount=0.0, budgetActual=1212.34, isActive=true, startDate=2025-10-01, endDate=2025-10-07, overSpendingAmount=0.0, isOverSpent=false, userId=null, transactions=[com.app.budgetbuddy.domain.Transaction@7331c9c0])]
2026-04-18 10:35:48 INFO  c.a.b.s.TransactionCategoryServiceImpl - Successfully updated the TransactionCategory status to PROCESSED for the csv Id: 409 
2026-04-18 10:35:48 INFO  c.a.b.s.TransactionCategoryServiceImpl - Successfully updated the TransactionCategory status to PROCESSED for the csv Id: 410 
2026-04-18 10:35:48 INFO  c.a.b.s.TransactionCategoryServiceImpl - Successfully updated the TransactionCategory status to PROCESSED for the csv Id: 412 
2026-04-18 10:35:48 INFO  c.a.b.s.TransactionCategoryServiceImpl - Successfully updated the TransactionCategory status to PROCESSED for the csv Id: 413 
2026-04-18 10:35:49 INFO  c.a.b.s.TransactionCategoryServiceImpl - Successfully updated the TransactionCategory status to PROCESSED for the csv Id: 414 
2026-04-18 10:35:49 INFO  c.a.b.s.TransactionCategoryServiceImpl - Successfully updated the TransactionCategory status to PROCESSED for the csv Id: 415 
2026-04-18 10:35:49 INFO  c.a.b.s.TransactionCategoryServiceImpl - Successfully updated the TransactionCategory status to PROCESSED for the csv Id: 416 
2026-04-18 10:35:49 INFO  c.a.b.s.TransactionCategoryServiceImpl - Successfully updated the TransactionCategory status to PROCESSED for the csv Id: 418 
2026-04-18 10:35:49 INFO  c.a.b.s.TransactionCategoryServiceImpl - Successfully updated the TransactionCategory status to PROCESSED for the csv Id: 419 
2026-04-18 10:35:49 INFO  c.a.b.s.TransactionCategoryServiceImpl - Successfully updated the TransactionCategory status to PROCESSED for the csv Id: 420 
2026-04-18 10:35:49 INFO  c.a.b.s.TransactionCategoryServiceImpl - Successfully updated the TransactionCategory status to PROCESSED for the csv Id: 421 
2026-04-18 10:35:49 INFO  c.a.b.s.TransactionCategoryServiceImpl - Successfully updated the TransactionCategory status to PROCESSED for the csv Id: 422 
2026-04-18 10:35:49 INFO  c.a.b.s.TransactionCategoryServiceImpl - Successfully updated the TransactionCategory status to PROCESSED for the csv Id: 423 
2026-04-18 10:35:49 INFO  c.a.b.s.TransactionCategoryServiceImpl - Successfully updated the TransactionCategory status to PROCESSED for the csv Id: 424 
2026-04-18 10:35:49 INFO  c.a.b.s.TransactionCategoryServiceImpl - Successfully updated the TransactionCategory status to PROCESSED for the csv Id: 425 
2026-04-18 10:35:49 INFO  c.a.b.s.TransactionCategoryServiceImpl - Successfully updated the TransactionCategory status to PROCESSED for the csv Id: 426 
2026-04-18 10:35:49 INFO  c.a.b.s.TransactionCategoryServiceImpl - Successfully updated the TransactionCategory status to PROCESSED for the csv Id: 427 
2026-04-18 10:35:49 INFO  c.a.b.s.TransactionCategoryServiceImpl - Successfully updated the TransactionCategory status to PROCESSED for the csv Id: 428 
2026-04-18 10:35:49 INFO  c.a.b.s.TransactionCategoryServiceImpl - Successfully updated the TransactionCategory status to PROCESSED for the csv Id: 430 
2026-04-18 10:35:49 INFO  c.a.b.s.TransactionCategoryServiceImpl - Successfully updated the TransactionCategory status to PROCESSED for the csv Id: 431 
2026-04-18 10:35:49 INFO  c.a.b.s.TransactionCategoryServiceImpl - Successfully updated the TransactionCategory status to PROCESSED for the csv Id: 432 
2026-04-18 10:35:49 INFO  c.a.b.s.TransactionCategoryServiceImpl - Successfully updated the TransactionCategory status to PROCESSED for the csv Id: 434 
2026-04-18 10:35:50 INFO  c.a.b.s.TransactionCategoryServiceImpl - Successfully updated the TransactionCategory status to PROCESSED for the csv Id: 435 
2026-04-18 10:35:50 INFO  c.a.b.s.TransactionCategoryServiceImpl - Successfully updated the TransactionCategory status to PROCESSED for the csv Id: 436 
2026-04-18 10:35:50 INFO  c.a.b.s.TransactionCategoryServiceImpl - Successfully updated the TransactionCategory status to PROCESSED for the csv Id: 437 
2026-04-18 10:35:50 INFO  c.a.b.s.TransactionCategoryServiceImpl - Successfully updated the TransactionCategory status to PROCESSED for the csv Id: 438 
2026-04-18 10:35:50 INFO  c.a.b.s.TransactionCategoryServiceImpl - Successfully updated the TransactionCategory status to PROCESSED for the csv Id: 439 
2026-04-18 10:35:50 INFO  c.a.b.s.TransactionCategoryServiceImpl - Successfully updated the TransactionCategory status to PROCESSED for the csv Id: 441 
2026-04-18 10:35:50 INFO  c.a.b.workbench.runner.BudgetRunner - Starting monthly budget process for user 1 between 2025-10-01 and 2025-10-31
2026-04-18 10:35:50 INFO  c.a.b.s.TransactionCategoryServiceImpl - Successfully updated the TransactionCategory status to PROCESSED for the csv Id: 442 
2026-04-18 10:35:50 INFO  c.a.b.workbench.runner.BudgetRunner - Found Budget: com.app.budgetbuddy.domain.Budget@764fa86a
2026-04-18 10:35:50 INFO  c.a.b.w.budget.BudgetScheduleUtil - Retrieving Budget Schedule Ranges: [com.app.budgetbuddy.entities.BudgetScheduleRangeEntity@12bc97ac, com.app.budgetbuddy.entities.BudgetScheduleRangeEntity@85ae289, com.app.budgetbuddy.entities.BudgetScheduleRangeEntity@4bdd1338, com.app.budgetbuddy.entities.BudgetScheduleRangeEntity@6ecaef86, com.app.budgetbuddy.entities.BudgetScheduleRangeEntity@572f13a1], size: 5
2026-04-18 10:35:50 INFO  c.a.b.workbench.runner.BudgetRunner - Processing SubBudget ID: 10 with Budget Schedule ID: 10
2026-04-18 10:35:50 INFO  c.a.b.w.b.SubBudgetStatisticsServiceImpl - SubBudget Savings Target: 874.92
2026-04-18 10:35:50 INFO  c.a.b.w.b.SubBudgetStatisticsServiceImpl - Budget Amount: 3096.08
2026-04-18 10:35:50 INFO  c.a.b.w.b.SubBudgetStatisticsServiceImpl - Total Spent: 2054.91
2026-04-18 10:35:50 INFO  c.a.b.w.b.SubBudgetStatisticsServiceImpl - Remaining: 1041.17
2026-04-18 10:35:50 INFO  c.a.b.w.b.SubBudgetStatisticsServiceImpl - Savings: 1041.17
2026-04-18 10:35:50 INFO  c.a.b.w.b.SubBudgetHealthScoreImpl - Allocated amount for sub-budget 10 is 3096.08
2026-04-18 10:35:50 INFO  c.a.b.w.b.SubBudgetHealthScoreImpl - Spent on sub-budget 10 is 3179.90
2026-04-18 10:35:50 INFO  c.a.b.w.b.SubBudgetHealthScoreImpl - Spending ratio for sub-budget 10 is 1.03
2026-04-18 10:35:50 INFO  c.a.b.w.b.SubBudgetHealthScoreImpl - Spending ratio for sub-budget 10 is 1.03
2026-04-18 10:35:50 INFO  c.a.b.w.b.SubBudgetHealthScoreImpl - Variance for sub-budget 10 is 83.82
2026-04-18 10:35:50 INFO  c.a.b.w.b.SubBudgetHealthScoreImpl - Savings ratio for sub-budget 10 is -1.72
2026-04-18 10:35:50 INFO  c.a.b.w.b.SubBudgetHealthScoreImpl - Final Score: -123.50
2026-04-18 10:35:50 INFO  c.a.b.w.b.SubBudgetHealthScoreImpl - Health score for sub-budget 10 is 0
2026-04-18 10:35:50 INFO  c.a.b.w.b.SubBudgetStatisticsServiceImpl - SubBudget Stats: BudgetStats(budgetId=10, totalBudget=3096.08, totalSpent=2054.91, remaining=1041.17, totalSaved=1041.17, averageSpendingPerDay=68.50, dateRange=DateRange(startDate=2025-10-01, endDate=2025-10-31), healthScore=0, monthlyProjection=null)
2026-04-18 10:35:50 INFO  c.a.b.workbench.runner.BudgetRunner - Budget Stats for SubBudget 10: [BudgetStats(budgetId=10, totalBudget=3096.08, totalSpent=2054.91, remaining=1041.17, totalSaved=1041.17, averageSpendingPerDay=68.50, dateRange=DateRange(startDate=2025-10-01, endDate=2025-10-31), healthScore=0, monthlyProjection=null)]
2026-04-18 10:35:50 INFO  c.a.b.w.b.BudgetPeriodCategoryHandlerFactory - Getting budget period handler for period: MONTHLY
2026-04-18 10:35:50 INFO  c.a.b.workbench.runner.BudgetRunner - Retrieved 5 budget period categories for SubBudget ID: 10
2026-04-18 10:35:50 INFO  c.a.b.workbench.runner.BudgetRunner - BudgetPeriodCategory: BudgetPeriodCategory(category=Groceries, budgeted=0.0, actual=15.0, remaining=0, dateRange=DateRange(startDate=2025-10-01, endDate=2025-10-31), biWeekRanges=null, isOverBudget=true, spendingPercentage=Infinity, budgetStatus=OVER_BUDGET)
2026-04-18 10:35:50 INFO  c.a.b.workbench.runner.BudgetRunner - BudgetPeriodCategory: BudgetPeriodCategory(category=Order Out, budgeted=0.0, actual=4.58, remaining=0, dateRange=DateRange(startDate=2025-10-01, endDate=2025-10-31), biWeekRanges=null, isOverBudget=true, spendingPercentage=Infinity, budgetStatus=OVER_BUDGET)
2026-04-18 10:35:50 INFO  c.a.b.workbench.runner.BudgetRunner - BudgetPeriodCategory: BudgetPeriodCategory(category=Payment, budgeted=0.0, actual=79.0, remaining=0, dateRange=DateRange(startDate=2025-10-01, endDate=2025-10-31), biWeekRanges=null, isOverBudget=true, spendingPercentage=Infinity, budgetStatus=OVER_BUDGET)
2026-04-18 10:35:50 INFO  c.a.b.workbench.runner.BudgetRunner - BudgetPeriodCategory: BudgetPeriodCategory(category=Rent, budgeted=0.0, actual=1919.34, remaining=0, dateRange=DateRange(startDate=2025-10-01, endDate=2025-10-31), biWeekRanges=null, isOverBudget=true, spendingPercentage=Infinity, budgetStatus=OVER_BUDGET)
2026-04-18 10:35:50 INFO  c.a.b.workbench.runner.BudgetRunner - BudgetPeriodCategory: BudgetPeriodCategory(category=Subscription, budgeted=0.0, actual=36.99, remaining=0, dateRange=DateRange(startDate=2025-10-01, endDate=2025-10-31), biWeekRanges=null, isOverBudget=true, spendingPercentage=Infinity, budgetStatus=OVER_BUDGET)
2026-04-18 10:35:50 INFO  c.a.b.workbench.runner.BudgetRunner - Retrieved 5 top five expenses for SubBudget ID: 10
2026-04-18 10:35:50 INFO  c.a.b.workbench.runner.BudgetRunner - Retrieved Optional[ExpenseCategory(category=Expense, budgetedExpenses=3971.0000000000000000, actualExpenses=2054.91, remainingExpenses=1916.0900000000000000, isActive=true, startDate=2025-10-01, endDate=2025-10-31, isVariable=false)] expense categories for SubBudget ID: 10
2026-04-18 10:35:50 INFO  c.a.b.w.b.SubBudgetMonthOverviewServiceImpl - Adjusted start date from 2025-10-01 to 2025-09-28 to include end of previous year
2026-04-18 10:35:50 INFO  c.a.b.w.b.SubBudgetMonthOverviewServiceImpl - SubBudgetIds: [10, 9]
2026-04-18 10:35:50 INFO  c.a.b.w.b.SubBudgetMonthOverviewServiceImpl - Previous sub budget id is 9
2026-04-18 10:35:50 INFO  c.a.b.workbench.runner.BudgetRunner - Retrieved Optional[IncomeCategory(category=Income, budgetedIncome=3971.0000000000000000, actualBudgetedIncome=2200.0, remainingIncome=1771.0, startMonth=null, endMonth=null, isActive=false)] income category for SubBudget ID: 10
2026-04-18 10:35:50 INFO  c.a.b.workbench.runner.BudgetRunner - Retrieved Optional[com.app.budgetbuddy.domain.SavingsCategory@30a1a92e] savings category for SubBudget ID: 10
2026-04-18 10:35:50 INFO  c.a.b.workbench.runner.BudgetRunner - Budget Runner Result: {subBudget=SubBudget(id=10, subBudgetName=October 2025 - Budget, allocatedAmount=3096.08, subSavingsTarget=874.92, subSavingsAmount=-5309.80, spentOnBudget=3179.90, budget=com.app.budgetbuddy.domain.Budget@5e0eb1d, startDate=2025-10-01, endDate=2025-10-31, year=0, subBudgetGoals=null, budgetSchedule=[BudgetSchedule{budgetScheduleId=10, subBudgetId=10, startDate=2025-10-01, endDate=2025-10-31, scheduleRange=DateRange(startDate=2025-10-01, endDate=2025-10-31), budgetScheduleRanges=[BudgetScheduleRange(id=null, budgetScheduleId=49, spentOnRange=0.000, budgetedAmount=619.220, budgetDateRange=DateRange(startDate=2025-10-29, endDate=2025-10-31), rangeType=Week, isActive=false, startRange=2025-10-29, endRange=2025-10-31, isSingleDate=false), BudgetScheduleRange(id=null, budgetScheduleId=45, spentOnRange=0.000, budgetedAmount=619.220, budgetDateRange=DateRange(startDate=2025-10-01, endDate=2025-10-07), rangeType=Week, isActive=false, startRange=2025-10-01, endRange=2025-10-07, isSingleDate=false), BudgetScheduleRange(id=null, budgetScheduleId=46, spentOnRange=0.000, budgetedAmount=619.220, budgetDateRange=DateRange(startDate=2025-10-08, endDate=2025-10-14), rangeType=Week, isActive=false, startRange=2025-10-08, endRange=2025-10-14, isSingleDate=false), BudgetScheduleRange(id=null, budgetScheduleId=47, spentOnRange=0.000, budgetedAmount=619.220, budgetDateRange=DateRange(startDate=2025-10-15, endDate=2025-10-21), rangeType=Week, isActive=false, startRange=2025-10-15, endRange=2025-10-21, isSingleDate=false), BudgetScheduleRange(id=null, budgetScheduleId=48, spentOnRange=0.000, budgetedAmount=619.220, budgetDateRange=DateRange(startDate=2025-10-22, endDate=2025-10-28), rangeType=Week, isActive=false, startRange=2025-10-22, endRange=2025-10-28, isSingleDate=false)], periodType='MONTHLY', totalPeriods=5, status='ACTIVE', createdDate=null}], controlledBudgetCategory=null, isActive=true), budget=com.app.budgetbuddy.domain.Budget@764fa86a, isOverBudget=false, budgetScheduleRanges=[BudgetScheduleRange(id=null, budgetScheduleId=49, spentOnRange=0.000, budgetedAmount=619.220, budgetDateRange=DateRange(startDate=2025-10-29, endDate=2025-10-31), rangeType=Week, isActive=false, startRange=2025-10-29, endRange=2025-10-31, isSingleDate=false), BudgetScheduleRange(id=null, budgetScheduleId=45, spentOnRange=0.000, budgetedAmount=619.220, budgetDateRange=DateRange(startDate=2025-10-01, endDate=2025-10-07), rangeType=Week, isActive=false, startRange=2025-10-01, endRange=2025-10-07, isSingleDate=false), BudgetScheduleRange(id=null, budgetScheduleId=46, spentOnRange=0.000, budgetedAmount=619.220, budgetDateRange=DateRange(startDate=2025-10-08, endDate=2025-10-14), rangeType=Week, isActive=false, startRange=2025-10-08, endRange=2025-10-14, isSingleDate=false), BudgetScheduleRange(id=null, budgetScheduleId=47, spentOnRange=0.000, budgetedAmount=619.220, budgetDateRange=DateRange(startDate=2025-10-15, endDate=2025-10-21), rangeType=Week, isActive=false, startRange=2025-10-15, endRange=2025-10-21, isSingleDate=false), BudgetScheduleRange(id=null, budgetScheduleId=48, spentOnRange=0.000, budgetedAmount=619.220, budgetDateRange=DateRange(startDate=2025-10-22, endDate=2025-10-28), rangeType=Week, isActive=false, startRange=2025-10-22, endRange=2025-10-28, isSingleDate=false)], spendingPercentage=0.0000, remainingAmount=37140.96, processDate=2026-04-18T10:35:50.383016800, budgetSchedule=BudgetSchedule{budgetScheduleId=10, subBudgetId=10, startDate=2025-10-01, endDate=2025-10-31, scheduleRange=DateRange(startDate=2025-10-01, endDate=2025-10-31), budgetScheduleRanges=[BudgetScheduleRange(id=null, budgetScheduleId=49, spentOnRange=0.000, budgetedAmount=619.220, budgetDateRange=DateRange(startDate=2025-10-29, endDate=2025-10-31), rangeType=Week, isActive=false, startRange=2025-10-29, endRange=2025-10-31, isSingleDate=false), BudgetScheduleRange(id=null, budgetScheduleId=45, spentOnRange=0.000, budgetedAmount=619.220, budgetDateRange=DateRange(startDate=2025-10-01, endDate=2025-10-07), rangeType=Week, isActive=false, startRange=2025-10-01, endRange=2025-10-07, isSingleDate=false), BudgetScheduleRange(id=null, budgetScheduleId=46, spentOnRange=0.000, budgetedAmount=619.220, budgetDateRange=DateRange(startDate=2025-10-08, endDate=2025-10-14), rangeType=Week, isActive=false, startRange=2025-10-08, endRange=2025-10-14, isSingleDate=false), BudgetScheduleRange(id=null, budgetScheduleId=47, spentOnRange=0.000, budgetedAmount=619.220, budgetDateRange=DateRange(startDate=2025-10-15, endDate=2025-10-21), rangeType=Week, isActive=false, startRange=2025-10-15, endRange=2025-10-21, isSingleDate=false), BudgetScheduleRange(id=null, budgetScheduleId=48, spentOnRange=0.000, budgetedAmount=619.220, budgetDateRange=DateRange(startDate=2025-10-22, endDate=2025-10-28), rangeType=Week, isActive=false, startRange=2025-10-22, endRange=2025-10-28, isSingleDate=false)], periodType='MONTHLY', totalPeriods=5, status='ACTIVE', createdDate=null}}
2026-04-18 10:35:50 INFO  c.a.b.s.TransactionCategoryServiceImpl - Successfully updated the TransactionCategory status to PROCESSED for the csv Id: 443 
2026-04-18 10:35:50 INFO  c.a.b.s.TransactionCategoryServiceImpl - Successfully updated the TransactionCategory status to PROCESSED for the csv Id: 444 
2026-04-18 10:35:50 INFO  c.a.b.w.budget.BudgetScheduleUtil - Retrieving Budget Schedule Ranges: [com.app.budgetbuddy.entities.BudgetScheduleRangeEntity@6145bdb2, com.app.budgetbuddy.entities.BudgetScheduleRangeEntity@21da086d, com.app.budgetbuddy.entities.BudgetScheduleRangeEntity@1fabee91, com.app.budgetbuddy.entities.BudgetScheduleRangeEntity@77ac3897, com.app.budgetbuddy.entities.BudgetScheduleRangeEntity@35990fc4], size: 5
2026-04-18 10:35:50 INFO  c.a.b.w.budget.BudgetPeriodQueries - Getting budget period query data for userId: 1
2026-04-18 10:35:50 INFO  c.a.b.w.b.BudgetPeriodCategoryHandlerFactory - Getting budget period handler for period: MONTHLY
2026-04-18 10:35:50 INFO  c.a.b.s.TransactionCategoryServiceImpl - Successfully updated the TransactionCategory status to PROCESSED for the csv Id: 445 
2026-04-18 10:35:50 INFO  c.a.b.s.TransactionCategoryServiceImpl - Successfully updated the TransactionCategory status to PROCESSED for the csv Id: 446 
2026-04-18 10:35:50 INFO  c.a.b.s.TransactionCategoryServiceImpl - Successfully updated the TransactionCategory status to PROCESSED for the csv Id: 447 
2026-04-18 10:35:50 INFO  c.a.b.s.CSVTransactionsByCategoryQueries - Updated 63 transaction categories to IsProcessed status
2026-04-18 10:35:50 INFO  c.a.b.s.CSVTransactionsThreadService - Query Results from csv transactions thread service: [CSVTransactionsByCategory(category=Gas Bill, totalCategorySpending=14.360, csvTransactions=[TransactionCSV(id=408, userId=1, transactionId=null, account=null, suffix=0, sequenceNo=0, transactionDate=2025-10-12, transactionAmount=-14.360, description=Purchase, merchantName=SPI*ENB GAS UT WY ID   801-324-5111 UTUS, extendedDescription=SPI*ENB GAS UT WY ID   801-324-5111 UTUS, electronicTransactionDate=2025-10-11, effectiveDate=null, balance=840.320, institution_id=Granite Credit Union, category=null, type=null)], transactionDate=null), CSVTransactionsByCategory(category=Haircut, totalCategorySpending=26.000, csvTransactions=[TransactionCSV(id=428, userId=1, transactionId=null, account=null, suffix=0, sequenceNo=0, transactionDate=2025-10-20, transactionAmount=-26.000, description=Purchase, merchantName=1993 GREAT CLIPS, extendedDescription=1993 GREAT CLIPS AT HARSOUTH JORDAN UTUS, electronicTransactionDate=2025-10-19, effectiveDate=null, balance=298.340, institution_id=Granite Credit Union, category=null, type=null)], transactionDate=null), CSVTransactionsByCategory(category=Other, totalCategorySpending=49.020, csvTransactions=[TransactionCSV(id=382, userId=1, transactionId=null, account=null, suffix=0, sequenceNo=0, transactionDate=2025-10-03, transactionAmount=-25.780, description=PIN Purchase, merchantName=STEAMGAMES.COM, extendedDescription=STEAMGAMES.COM NE 4TH STREET          store.s, electronicTransactionDate=2025-10-02, effectiveDate=null, balance=352.660, institution_id=Granite Credit Union, category=null, type=null), TransactionCSV(id=418, userId=1, transactionId=null, account=null, suffix=0, sequenceNo=0, transactionDate=2025-10-18, transactionAmount=-23.240, description=PIN Purchase, merchantName=WALGREENS, extendedDescription=WALGREENS STORE 10429 SSOUTH JORDAN UTUS, electronicTransactionDate=2025-10-18, effectiveDate=null, balance=509.800, institution_id=Granite Credit Union, category=null, type=null)], transactionDate=null), CSVTransactionsByCategory(category=Insurance, totalCategorySpending=80.070, csvTransactions=[TransactionCSV(id=425, userId=1, transactionId=null, account=null, suffix=0, sequenceNo=0, transactionDate=2025-10-20, transactionAmount=-80.070, description=STATE FARM RO 08 CPC-CLIENT, merchantName=STATE FARM, extendedDescription=STATE FARM RO 08   CPC-CLIENT, electronicTransactionDate=2025-10-20, effectiveDate=null, balance=205.040, institution_id=Granite Credit Union, category=null, type=null)], transactionDate=null), CSVTransactionsByCategory(category=Subscription, totalCategorySpending=84.260, csvTransactions=[TransactionCSV(id=376, userId=1, transactionId=null, account=null, suffix=0, sequenceNo=0, transactionDate=2025-10-01, transactionAmount=-0.990, description=Purchase, merchantName=APPLE.COM, extendedDescription=APPLE.COM/BILL         866-712-7753 CAUS, electronicTransactionDate=2025-10-01, effectiveDate=null, balance=447.710, institution_id=Granite Credit Union, category=null, type=null), TransactionCSV(id=391, userId=1, transactionId=null, account=null, suffix=0, sequenceNo=0, transactionDate=2025-10-07, transactionAmount=-12.000, description=Purchase, merchantName=HEROKU, extendedDescription=HEROKU* SEP-108302322  WWW.HEROKU.COCAUS, electronicTransactionDate=2025-10-07, effectiveDate=null, balance=85.520, institution_id=Granite Credit Union, category=null, type=null), TransactionCSV(id=392, userId=1, transactionId=null, account=null, suffix=0, sequenceNo=0, transactionDate=2025-10-07, transactionAmount=-6.440, description=Purchase, merchantName=APPLE.COM, extendedDescription=APPLE.COM/BILL         866-712-7753 CAUS, electronicTransactionDate=2025-10-07, effectiveDate=null, balance=97.520, institution_id=Granite Credit Union, category=null, type=null), TransactionCSV(id=409, userId=1, transactionId=null, account=null, suffix=0, sequenceNo=0, transactionDate=2025-10-14, transactionAmount=-11.710, description=PIN Purchase, merchantName=JETBRAINS, extendedDescription=JETBRAINS AMERI WWW.JETBRAINS.COM/     FOSTER, electronicTransactionDate=2025-10-12, effectiveDate=null, balance=604.900, institution_id=Granite Credit Union, category=null, type=null), TransactionCSV(id=412, userId=1, transactionId=null, account=null, suffix=0, sequenceNo=0, transactionDate=2025-10-15, transactionAmount=-12.880, description=Purchase, merchantName=SPOTIFY, extendedDescription=SPOTIFY                877-778-1161 NYUS, electronicTransactionDate=2025-10-15, effectiveDate=null, balance=585.710, institution_id=Granite Credit Union, category=null, type=null), TransactionCSV(id=424, userId=1, transactionId=null, account=null, suffix=0, sequenceNo=0, transactionDate=2025-10-19, transactionAmount=-10.720, description=Purchase, merchantName=Microsoft, extendedDescription=Microsoft*Microsoft 365425-6816830  WAUS, electronicTransactionDate=2025-10-19, effectiveDate=null, balance=461.580, institution_id=Granite Credit Union, category=null, type=null), TransactionCSV(id=437, userId=1, transactionId=null, account=null, suffix=0, sequenceNo=0, transactionDate=2025-10-26, transactionAmount=-1.600, description=Purchase, merchantName=APPLE.COM, extendedDescription=APPLE.COM/BILL         866-712-7753 CAUS, electronicTransactionDate=2025-10-26, effectiveDate=null, balance=2216.050, institution_id=Granite Credit Union, category=null, type=null), TransactionCSV(id=441, userId=1, transactionId=null, account=null, suffix=0, sequenceNo=0, transactionDate=2025-10-29, transactionAmount=-12.790, description=PIN Purchase, merchantName=JETBRAINS, extendedDescription=JETBRAINS AMERI WWW.JETBRAINS.COM/     FOSTER, electronicTransactionDate=2025-10-27, effectiveDate=null, balance=1304.700, institution_id=Granite Credit Union, category=null, type=null), TransactionCSV(id=442, userId=1, transactionId=null, account=null, suffix=0, sequenceNo=0, transactionDate=2025-10-29, transactionAmount=-12.990, description=Purchase, merchantName=APPLE.COM, extendedDescription=APPLE.COM/BILL         866-712-7753 CAUS, electronicTransactionDate=2025-10-29, effectiveDate=null, balance=1317.490, institution_id=Granite Credit Union, category=null, type=null), TransactionCSV(id=446, userId=1, transactionId=null, account=null, suffix=0, sequenceNo=0, transactionDate=2025-10-30, transactionAmount=-2.140, description=PIN Purchase, merchantName=APPLE, extendedDescription=APPLE COM BILL         CUPERTINO    CAUS, electronicTransactionDate=2025-10-30, effectiveDate=null, balance=1302.560, institution_id=Granite Credit Union, category=null, type=null)], transactionDate=null), CSVTransactionsByCategory(category=Gas, totalCategorySpending=85.730, csvTransactions=[TransactionCSV(id=396, userId=1, transactionId=null, account=null, suffix=0, sequenceNo=0, transactionDate=2025-10-09, transactionAmount=-19.000, description=Purchase, merchantName=MAVERIK, extendedDescription=MAVERIK #413           SOUTH JORDAN UTUS, electronicTransactionDate=2025-10-08, effectiveDate=null, balance=54.510, institution_id=Granite Credit Union, category=null, type=null), TransactionCSV(id=407, userId=1, transactionId=null, account=null, suffix=0, sequenceNo=0, transactionDate=2025-10-12, transactionAmount=-21.500, description=Purchase, merchantName=MAVERIK, extendedDescription=MAVERIK #413           SOUTH JORDAN UTUS, electronicTransactionDate=2025-10-11, effectiveDate=null, balance=818.820, institution_id=Granite Credit Union, category=null, type=null), TransactionCSV(id=423, userId=1, transactionId=null, account=null, suffix=0, sequenceNo=0, transactionDate=2025-10-19, transactionAmount=-23.230, description=Purchase, merchantName=MAVERIK, extendedDescription=MAVERIK #413           SOUTH JORDAN UTUS, electronicTransactionDate=2025-10-18, effectiveDate=null, balance=438.350, institution_id=Granite Credit Union, category=null, type=null), TransactionCSV(id=438, userId=1, transactionId=null, account=null, suffix=0, sequenceNo=0, transactionDate=2025-10-26, transactionAmount=-22.000, description=Purchase, merchantName=MAVERIK, extendedDescription=MAVERIK #413           SOUTH JORDAN UTUS, electronicTransactionDate=2025-10-25, effectiveDate=null, balance=2217.650, institution_id=Granite Credit Union, category=null, type=null)], transactionDate=null), CSVTransactionsByCategory(category=Utilities, totalCategorySpending=114.180, csvTransactions=[TransactionCSV(id=381, userId=1, transactionId=null, account=null, suffix=0, sequenceNo=0, transactionDate=2025-10-03, transactionAmount=-114.180, description=Purchase, merchantName=CONSERVICE, extendedDescription=CONSERVICE, LLC        866-9477379  UTUS, electronicTransactionDate=2025-10-03, effectiveDate=null, balance=238.480, institution_id=Granite Credit Union, category=null, type=null)], transactionDate=null), CSVTransactionsByCategory(category=Electric, totalCategorySpending=120.950, csvTransactions=[TransactionCSV(id=443, userId=1, transactionId=null, account=null, suffix=0, sequenceNo=0, transactionDate=2025-10-29, transactionAmount=-120.950, description=ROCKYMTN/PACIFIC POWER BILL, merchantName=ROCKYMTN/PACIFIC   POWER BILL, extendedDescription=ROCKYMTN/PACIFIC   POWER BILL, electronicTransactionDate=2025-10-29, effectiveDate=null, balance=1330.480, institution_id=Granite Credit Union, category=null, type=null)], transactionDate=null), CSVTransactionsByCategory(category=Order Out, totalCategorySpending=144.730, csvTransactions=[TransactionCSV(id=379, userId=1, transactionId=null, account=null, suffix=0, sequenceNo=0, transactionDate=2025-10-02, transactionAmount=-12.040, description=Purchase, merchantName=NOODLES AND COMPANY, extendedDescription=NOODLES AND COMPANY    ORDER.NOODLESCOUS, electronicTransactionDate=2025-10-02, effectiveDate=null, balance=423.330, institution_id=Granite Credit Union, category=null, type=null), TransactionCSV(id=389, userId=1, transactionId=null, account=null, suffix=0, sequenceNo=0, transactionDate=2025-10-05, transactionAmount=-14.180, description=Purchase, merchantName=THE BREAK SPORTS AND GRSOUTH JORDAN UTUS, extendedDescription=THE BREAK SPORTS AND GRSOUTH JORDAN UTUS, electronicTransactionDate=2025-10-03, effectiveDate=null, balance=198.000, institution_id=Granite Credit Union, category=null, type=null), TransactionCSV(id=390, userId=1, transactionId=null, account=null, suffix=0, sequenceNo=0, transactionDate=2025-10-06, transactionAmount=-10.950, description=Purchase, merchantName=PANDA EXPRESS, extendedDescription=PANDA EXPRESS #3088P   olo.com      UTUS, electronicTransactionDate=2025-10-05, effectiveDate=null, balance=144.910, institution_id=Granite Credit Union, category=null, type=null), TransactionCSV(id=394, userId=1, transactionId=null, account=null, suffix=0, sequenceNo=0, transactionDate=2025-10-07, transactionAmount=-10.950, description=Purchase, merchantName=PANDA EXPRESS, extendedDescription=PANDA EXPRESS #3088    SOUTH JORDAN UTUS, electronicTransactionDate=2025-10-06, effectiveDate=null, balance=133.960, institution_id=Granite Credit Union, category=null, type=null), TransactionCSV(id=395, userId=1, transactionId=null, account=null, suffix=0, sequenceNo=0, transactionDate=2025-10-08, transactionAmount=-12.010, description=Purchase, merchantName=365 MARKET FP          TROY         MIUS, extendedDescription=365 MARKET FP          TROY         MIUS, electronicTransactionDate=2025-10-07, effectiveDate=null, balance=73.510, institution_id=Granite Credit Union, category=null, type=null), TransactionCSV(id=401, userId=1, transactionId=null, account=null, suffix=0, sequenceNo=0, transactionDate=2025-10-11, transactionAmount=-10.950, description=Purchase, merchantName=PANDA EXPRESS, extendedDescription=PANDA EXPRESS #3088P   olo.com      UTUS, electronicTransactionDate=2025-10-10, effectiveDate=null, balance=873.520, institution_id=Granite Credit Union, category=null, type=null), TransactionCSV(id=405, userId=1, transactionId=null, account=null, suffix=0, sequenceNo=0, transactionDate=2025-10-12, transactionAmount=-2.280, description=Purchase, merchantName=PANDA EXPRESS, extendedDescription=PANDA EXPRESS #3088    SOUTH JORDAN UTUS, electronicTransactionDate=2025-10-11, effectiveDate=null, balance=807.320, institution_id=Granite Credit Union, category=null, type=null), TransactionCSV(id=406, userId=1, transactionId=null, account=null, suffix=0, sequenceNo=0, transactionDate=2025-10-12, transactionAmount=-9.220, description=Purchase, merchantName=PANDA EXPRESS, extendedDescription=PANDA EXPRESS #3088P   olo.com      UTUS, electronicTransactionDate=2025-10-11, effectiveDate=null, balance=809.600, institution_id=Granite Credit Union, category=null, type=null), TransactionCSV(id=422, userId=1, transactionId=null, account=null, suffix=0, sequenceNo=0, transactionDate=2025-10-19, transactionAmount=-28.630, description=Purchase, merchantName=THE BREAK SPORTS AND GRSOUTH JORDAN UTUS, extendedDescription=THE BREAK SPORTS AND GRSOUTH JORDAN UTUS, electronicTransactionDate=2025-10-17, effectiveDate=null, balance=409.720, institution_id=Granite Credit Union, category=null, type=null), TransactionCSV(id=426, userId=1, transactionId=null, account=null, suffix=0, sequenceNo=0, transactionDate=2025-10-20, transactionAmount=-10.950, description=Purchase, merchantName=PANDA EXPRESS, extendedDescription=PANDA EXPRESS #3088P   olo.com      UTUS, electronicTransactionDate=2025-10-19, effectiveDate=null, balance=285.110, institution_id=Granite Credit Union, category=null, type=null), TransactionCSV(id=427, userId=1, transactionId=null, account=null, suffix=0, sequenceNo=0, transactionDate=2025-10-20, transactionAmount=-2.280, description=Purchase, merchantName=PANDA EXPRESS, extendedDescription=PANDA EXPRESS #3088    SOUTH JORDAN UTUS, electronicTransactionDate=2025-10-19, effectiveDate=null, balance=296.060, institution_id=Granite Credit Union, category=null, type=null), TransactionCSV(id=430, userId=1, transactionId=null, account=null, suffix=0, sequenceNo=0, transactionDate=2025-10-23, transactionAmount=-10.950, description=Purchase, merchantName=PANDA EXPRESS, extendedDescription=PANDA EXPRESS #3088    SOUTH JORDAN UTUS, electronicTransactionDate=2025-10-22, effectiveDate=null, balance=2337.280, institution_id=Granite Credit Union, category=null, type=null), TransactionCSV(id=439, userId=1, transactionId=null, account=null, suffix=0, sequenceNo=0, transactionDate=2025-10-27, transactionAmount=-9.340, description=Purchase, merchantName=THE BREAK SPORTS AND GRSOUTH JORDAN UTUS, extendedDescription=THE BREAK SPORTS AND GRSOUTH JORDAN UTUS, electronicTransactionDate=2025-10-26, effectiveDate=null, balance=2158.430, institution_id=Granite Credit Union, category=null, type=null)], transactionDate=null), CSVTransactionsByCategory(category=Payment, totalCategorySpending=247.030, csvTransactions=[TransactionCSV(id=378, userId=1, transactionId=null, account=null, suffix=0, sequenceNo=0, transactionDate=2025-10-01, transactionAmount=-10.390, description=Purchase, merchantName=AFFIRM, extendedDescription=AFFIRM * PAY OQ3UQIGC  855-423-3729 CAUS, electronicTransactionDate=2025-10-01, effectiveDate=null, balance=455.010, institution_id=Granite Credit Union, category=null, type=null), TransactionCSV(id=393, userId=1, transactionId=null, account=null, suffix=0, sequenceNo=0, transactionDate=2025-10-07, transactionAmount=-30.000, description=PAYPAL INST XFER, merchantName=PAYPAL, extendedDescription=PAYPAL             INST XFER, electronicTransactionDate=2025-10-07, effectiveDate=null, balance=103.960, institution_id=Granite Credit Union, category=null, type=null), TransactionCSV(id=410, userId=1, transactionId=null, account=null, suffix=0, sequenceNo=0, transactionDate=2025-10-14, transactionAmount=-160.000, description=AMEX EPAYMENT ACH PMT, merchantName=AMEX, extendedDescription=AMEX EPAYMENT      ACH PMT, electronicTransactionDate=2025-10-14, effectiveDate=null, balance=616.610, institution_id=Granite Credit Union, category=null, type=null), TransactionCSV(id=415, userId=1, transactionId=null, account=null, suffix=0, sequenceNo=0, transactionDate=2025-10-16, transactionAmount=-23.840, description=Purchase, merchantName=AFFIRM, extendedDescription=AFFIRM * PAY TGXYC81P  855-423-3729 CAUS, electronicTransactionDate=2025-10-16, effectiveDate=null, balance=546.880, institution_id=Granite Credit Union, category=null, type=null), TransactionCSV(id=444, userId=1, transactionId=null, account=null, suffix=0, sequenceNo=0, transactionDate=2025-10-30, transactionAmount=-10.720, description=Purchase, merchantName=PAYPAL, extendedDescription=PAYPAL *PYPL PAYIN4    888-221-1161 CAUS, electronicTransactionDate=2025-10-30, effectiveDate=null, balance=1279.760, institution_id=Granite Credit Union, category=null, type=null), TransactionCSV(id=445, userId=1, transactionId=null, account=null, suffix=0, sequenceNo=0, transactionDate=2025-10-30, transactionAmount=-12.080, description=Purchase, merchantName=AFFIRM, extendedDescription=AFFIRM * PAY Y0TAIBUA  855-423-3729 CAUS, electronicTransactionDate=2025-10-30, effectiveDate=null, balance=1290.480, institution_id=Granite Credit Union, category=null, type=null)], transactionDate=null), CSVTransactionsByCategory(category=Groceries, totalCategorySpending=522.190, csvTransactions=[TransactionCSV(id=377, userId=1, transactionId=null, account=null, suffix=0, sequenceNo=0, transactionDate=2025-10-01, transactionAmount=-6.310, description=PIN Purchase, merchantName=HARMONS, extendedDescription=HARMONS - DISTRICT 86  SOUTH JORDAN UTUS, electronicTransactionDate=2025-10-01, effectiveDate=null, balance=448.700, institution_id=Granite Credit Union, category=null, type=null), TransactionCSV(id=383, userId=1, transactionId=null, account=null, suffix=0, sequenceNo=0, transactionDate=2025-10-03, transactionAmount=-40.310, description=PIN Purchase, merchantName=WINCO FOODS, extendedDescription=WINCO FOODS #15 WINCO11969 S CARLSBAD WHERRIM, electronicTransactionDate=2025-10-03, effectiveDate=null, balance=378.440, institution_id=Granite Credit Union, category=null, type=null), TransactionCSV(id=385, userId=1, transactionId=null, account=null, suffix=0, sequenceNo=0, transactionDate=2025-10-04, transactionAmount=-26.300, description=PIN Purchase, merchantName=WINCO FOODS, extendedDescription=WINCO FOODS #15 WINCO11969 S CARLSBAD WHERRIM, electronicTransactionDate=2025-10-04, effectiveDate=null, balance=212.180, institution_id=Granite Credit Union, category=null, type=null), TransactionCSV(id=386, userId=1, transactionId=null, account=null, suffix=0, sequenceNo=0, transactionDate=2025-10-05, transactionAmount=-11.810, description=PIN Purchase, merchantName=HARMONS, extendedDescription=HARMONS - DISTRICT 86  SOUTH JORDAN UTUS, electronicTransactionDate=2025-10-05, effectiveDate=null, balance=155.860, institution_id=Granite Credit Union, category=null, type=null), TransactionCSV(id=387, userId=1, transactionId=null, account=null, suffix=0, sequenceNo=0, transactionDate=2025-10-05, transactionAmount=-1.070, description=PIN Purchase, merchantName=WM SUPERCENTER, extendedDescription=WM SUPERCENTER 3590 W SOUTH JORDA     SOUTH J, electronicTransactionDate=2025-10-05, effectiveDate=null, balance=167.670, institution_id=Granite Credit Union, category=null, type=null), TransactionCSV(id=388, userId=1, transactionId=null, account=null, suffix=0, sequenceNo=0, transactionDate=2025-10-05, transactionAmount=-29.260, description=PIN Purchase, merchantName=WINCO FOODS, extendedDescription=WINCO FOODS #15 WINCO11969 S CARLSBAD WHERRIM, electronicTransactionDate=2025-10-05, effectiveDate=null, balance=168.740, institution_id=Granite Credit Union, category=null, type=null), TransactionCSV(id=397, userId=1, transactionId=null, account=null, suffix=0, sequenceNo=0, transactionDate=2025-10-10, transactionAmount=-24.910, description=PIN Purchase, merchantName=SMITHS, extendedDescription=SMITHS #4276 5448 DAYBREAK PARK     SOUTH JOR, electronicTransactionDate=2025-10-10, effectiveDate=null, balance=963.470, institution_id=Granite Credit Union, category=null, type=null), TransactionCSV(id=398, userId=1, transactionId=null, account=null, suffix=0, sequenceNo=0, transactionDate=2025-10-10, transactionAmount=-66.130, description=PIN Purchase, merchantName=WINCO FOODS, extendedDescription=WINCO FOODS #15 WINCO11969 S CARLSBAD WHERRIM, electronicTransactionDate=2025-10-10, effectiveDate=null, balance=988.380, institution_id=Granite Credit Union, category=null, type=null), TransactionCSV(id=400, userId=1, transactionId=null, account=null, suffix=0, sequenceNo=0, transactionDate=2025-10-11, transactionAmount=-18.840, description=PIN Purchase, merchantName=WINCO FOODS, extendedDescription=WINCO FOODS #15 WINCO11969 S CARLSBAD WHERRIM, electronicTransactionDate=2025-10-11, effectiveDate=null, balance=854.680, institution_id=Granite Credit Union, category=null, type=null), TransactionCSV(id=403, userId=1, transactionId=null, account=null, suffix=0, sequenceNo=0, transactionDate=2025-10-12, transactionAmount=-16.030, description=PIN Purchase, merchantName=WINCO FOODS, extendedDescription=WINCO FOODS #15 WINCO11969 S CARLSBAD WHERRIM, electronicTransactionDate=2025-10-12, effectiveDate=null, balance=776.610, institution_id=Granite Credit Union, category=null, type=null), TransactionCSV(id=404, userId=1, transactionId=null, account=null, suffix=0, sequenceNo=0, transactionDate=2025-10-12, transactionAmount=-14.680, description=PIN Purchase, merchantName=WM SUPERCENTER, extendedDescription=WM SUPERCENTER 3590 W SOUTH JORDA     SOUTH J, electronicTransactionDate=2025-10-12, effectiveDate=null, balance=792.640, institution_id=Granite Credit Union, category=null, type=null), TransactionCSV(id=413, userId=1, transactionId=null, account=null, suffix=0, sequenceNo=0, transactionDate=2025-10-15, transactionAmount=-6.310, description=PIN Purchase, merchantName=HARMONS, extendedDescription=HARMONS - DISTRICT 86  SOUTH JORDAN UTUS, electronicTransactionDate=2025-10-15, effectiveDate=null, balance=598.590, institution_id=Granite Credit Union, category=null, type=null), TransactionCSV(id=414, userId=1, transactionId=null, account=null, suffix=0, sequenceNo=0, transactionDate=2025-10-16, transactionAmount=-13.840, description=PIN Purchase, merchantName=HARMONS, extendedDescription=HARMONS - DISTRICT 86  SOUTH JORDAN UTUS, electronicTransactionDate=2025-10-16, effectiveDate=null, balance=533.040, institution_id=Granite Credit Union, category=null, type=null), TransactionCSV(id=416, userId=1, transactionId=null, account=null, suffix=0, sequenceNo=0, transactionDate=2025-10-18, transactionAmount=-22.500, description=PIN Purchase, merchantName=WINCO FOODS, extendedDescription=WINCO FOODS #15 WINCO11969 S CARLSBAD WHERRIM, electronicTransactionDate=2025-10-18, effectiveDate=null, balance=472.300, institution_id=Granite Credit Union, category=null, type=null), TransactionCSV(id=419, userId=1, transactionId=null, account=null, suffix=0, sequenceNo=0, transactionDate=2025-10-19, transactionAmount=-12.360, description=PIN Purchase, merchantName=SMITHS, extendedDescription=SMITHS #4276 5448 DAYBREAK PARK     SOUTH JOR, electronicTransactionDate=2025-10-19, effectiveDate=null, balance=324.340, institution_id=Granite Credit Union, category=null, type=null), TransactionCSV(id=420, userId=1, transactionId=null, account=null, suffix=0, sequenceNo=0, transactionDate=2025-10-19, transactionAmount=-22.580, description=PIN Purchase, merchantName=WM SUPERCENTER, extendedDescription=WM SUPERCENTER 3590 W SOUTH JORDA     SOUTH J, electronicTransactionDate=2025-10-19, effectiveDate=null, balance=336.700, institution_id=Granite Credit Union, category=null, type=null), TransactionCSV(id=421, userId=1, transactionId=null, account=null, suffix=0, sequenceNo=0, transactionDate=2025-10-19, transactionAmount=-50.440, description=PIN Purchase, merchantName=WINCO FOODS, extendedDescription=WINCO FOODS #15 WINCO11969 S CARLSBAD WHERRIM, electronicTransactionDate=2025-10-19, effectiveDate=null, balance=359.280, institution_id=Granite Credit Union, category=null, type=null), TransactionCSV(id=432, userId=1, transactionId=null, account=null, suffix=0, sequenceNo=0, transactionDate=2025-10-24, transactionAmount=-70.530, description=PIN Purchase, merchantName=WINCO FOODS, extendedDescription=WINCO FOODS #15 WINCO11969 S CARLSBAD WHERRIM, electronicTransactionDate=2025-10-24, effectiveDate=null, balance=2266.750, institution_id=Granite Credit Union, category=null, type=null), TransactionCSV(id=434, userId=1, transactionId=null, account=null, suffix=0, sequenceNo=0, transactionDate=2025-10-25, transactionAmount=-17.980, description=PIN Purchase, merchantName=SMITHS, extendedDescription=SMITHS #4276 5448 DAYBREAK PARK     SOUTH JOR, electronicTransactionDate=2025-10-25, effectiveDate=null, balance=2248.770, institution_id=Granite Credit Union, category=null, type=null), TransactionCSV(id=435, userId=1, transactionId=null, account=null, suffix=0, sequenceNo=0, transactionDate=2025-10-26, transactionAmount=-28.360, description=PIN Purchase, merchantName=WM SUPERCENTER, extendedDescription=WM SUPERCENTER 3590 W SOUTH JORDA     SOUTH J, electronicTransactionDate=2025-10-26, effectiveDate=null, balance=2167.770, institution_id=Granite Credit Union, category=null, type=null), TransactionCSV(id=436, userId=1, transactionId=null, account=null, suffix=0, sequenceNo=0, transactionDate=2025-10-26, transactionAmount=-19.920, description=PIN Purchase, merchantName=WAL-MART, extendedDescription=WAL-MART #5763 3590 W. SOUTH JORD     SOUTH J, electronicTransactionDate=2025-10-26, effectiveDate=null, balance=2196.130, institution_id=Granite Credit Union, category=null, type=null), TransactionCSV(id=447, userId=1, transactionId=null, account=null, suffix=0, sequenceNo=0, transactionDate=2025-10-31, transactionAmount=-1.720, description=PIN Purchase, merchantName=HARMONS, extendedDescription=HARMONS - DISTRICT 86  SOUTH JORDAN UTUS, electronicTransactionDate=2025-10-31, effectiveDate=null, balance=1278.040, institution_id=Granite Credit Union, category=null, type=null)], transactionDate=null), CSVTransactionsByCategory(category=Income, totalCategorySpending=2156.070, csvTransactions=[TransactionCSV(id=431, userId=1, transactionId=null, account=null, suffix=0, sequenceNo=0, transactionDate=2025-10-23, transactionAmount=2156.070, description=L3 TECHNOLOGIES PAYROLL, merchantName=L3 TECHNOLOGIES, extendedDescription=L3 TECHNOLOGIES    PAYROLL, electronicTransactionDate=2025-10-24, effectiveDate=null, balance=2348.230, institution_id=Granite Credit Union, category=null, type=null)], transactionDate=null)]
2026-04-18 10:35:50 DEBUG c.a.b.s.CSVTransactionsThreadService - Successfully fetched 12 categories for userId=1
2026-04-18 10:35:50 INFO  c.a.b.s.TransactionsByCategoryLoaderService - CSV Transactions Inside Fetch CSV by Month: [CSVTransactionsByCategory(category=Gas Bill, totalCategorySpending=14.360, csvTransactions=[TransactionCSV(id=408, userId=1, transactionId=null, account=null, suffix=0, sequenceNo=0, transactionDate=2025-10-12, transactionAmount=-14.360, description=Purchase, merchantName=SPI*ENB GAS UT WY ID   801-324-5111 UTUS, extendedDescription=SPI*ENB GAS UT WY ID   801-324-5111 UTUS, electronicTransactionDate=2025-10-11, effectiveDate=null, balance=840.320, institution_id=Granite Credit Union, category=null, type=null)], transactionDate=null), CSVTransactionsByCategory(category=Haircut, totalCategorySpending=26.000, csvTransactions=[TransactionCSV(id=428, userId=1, transactionId=null, account=null, suffix=0, sequenceNo=0, transactionDate=2025-10-20, transactionAmount=-26.000, description=Purchase, merchantName=1993 GREAT CLIPS, extendedDescription=1993 GREAT CLIPS AT HARSOUTH JORDAN UTUS, electronicTransactionDate=2025-10-19, effectiveDate=null, balance=298.340, institution_id=Granite Credit Union, category=null, type=null)], transactionDate=null), CSVTransactionsByCategory(category=Other, totalCategorySpending=49.020, csvTransactions=[TransactionCSV(id=382, userId=1, transactionId=null, account=null, suffix=0, sequenceNo=0, transactionDate=2025-10-03, transactionAmount=-25.780, description=PIN Purchase, merchantName=STEAMGAMES.COM, extendedDescription=STEAMGAMES.COM NE 4TH STREET          store.s, electronicTransactionDate=2025-10-02, effectiveDate=null, balance=352.660, institution_id=Granite Credit Union, category=null, type=null), TransactionCSV(id=418, userId=1, transactionId=null, account=null, suffix=0, sequenceNo=0, transactionDate=2025-10-18, transactionAmount=-23.240, description=PIN Purchase, merchantName=WALGREENS, extendedDescription=WALGREENS STORE 10429 SSOUTH JORDAN UTUS, electronicTransactionDate=2025-10-18, effectiveDate=null, balance=509.800, institution_id=Granite Credit Union, category=null, type=null)], transactionDate=null), CSVTransactionsByCategory(category=Insurance, totalCategorySpending=80.070, csvTransactions=[TransactionCSV(id=425, userId=1, transactionId=null, account=null, suffix=0, sequenceNo=0, transactionDate=2025-10-20, transactionAmount=-80.070, description=STATE FARM RO 08 CPC-CLIENT, merchantName=STATE FARM, extendedDescription=STATE FARM RO 08   CPC-CLIENT, electronicTransactionDate=2025-10-20, effectiveDate=null, balance=205.040, institution_id=Granite Credit Union, category=null, type=null)], transactionDate=null), CSVTransactionsByCategory(category=Subscription, totalCategorySpending=84.260, csvTransactions=[TransactionCSV(id=376, userId=1, transactionId=null, account=null, suffix=0, sequenceNo=0, transactionDate=2025-10-01, transactionAmount=-0.990, description=Purchase, merchantName=APPLE.COM, extendedDescription=APPLE.COM/BILL         866-712-7753 CAUS, electronicTransactionDate=2025-10-01, effectiveDate=null, balance=447.710, institution_id=Granite Credit Union, category=null, type=null), TransactionCSV(id=391, userId=1, transactionId=null, account=null, suffix=0, sequenceNo=0, transactionDate=2025-10-07, transactionAmount=-12.000, description=Purchase, merchantName=HEROKU, extendedDescription=HEROKU* SEP-108302322  WWW.HEROKU.COCAUS, electronicTransactionDate=2025-10-07, effectiveDate=null, balance=85.520, institution_id=Granite Credit Union, category=null, type=null), TransactionCSV(id=392, userId=1, transactionId=null, account=null, suffix=0, sequenceNo=0, transactionDate=2025-10-07, transactionAmount=-6.440, description=Purchase, merchantName=APPLE.COM, extendedDescription=APPLE.COM/BILL         866-712-7753 CAUS, electronicTransactionDate=2025-10-07, effectiveDate=null, balance=97.520, institution_id=Granite Credit Union, category=null, type=null), TransactionCSV(id=409, userId=1, transactionId=null, account=null, suffix=0, sequenceNo=0, transactionDate=2025-10-14, transactionAmount=-11.710, description=PIN Purchase, merchantName=JETBRAINS, extendedDescription=JETBRAINS AMERI WWW.JETBRAINS.COM/     FOSTER, electronicTransactionDate=2025-10-12, effectiveDate=null, balance=604.900, institution_id=Granite Credit Union, category=null, type=null), TransactionCSV(id=412, userId=1, transactionId=null, account=null, suffix=0, sequenceNo=0, transactionDate=2025-10-15, transactionAmount=-12.880, description=Purchase, merchantName=SPOTIFY, extendedDescription=SPOTIFY                877-778-1161 NYUS, electronicTransactionDate=2025-10-15, effectiveDate=null, balance=585.710, institution_id=Granite Credit Union, category=null, type=null), TransactionCSV(id=424, userId=1, transactionId=null, account=null, suffix=0, sequenceNo=0, transactionDate=2025-10-19, transactionAmount=-10.720, description=Purchase, merchantName=Microsoft, extendedDescription=Microsoft*Microsoft 365425-6816830  WAUS, electronicTransactionDate=2025-10-19, effectiveDate=null, balance=461.580, institution_id=Granite Credit Union, category=null, type=null), TransactionCSV(id=437, userId=1, transactionId=null, account=null, suffix=0, sequenceNo=0, transactionDate=2025-10-26, transactionAmount=-1.600, description=Purchase, merchantName=APPLE.COM, extendedDescription=APPLE.COM/BILL         866-712-7753 CAUS, electronicTransactionDate=2025-10-26, effectiveDate=null, balance=2216.050, institution_id=Granite Credit Union, category=null, type=null), TransactionCSV(id=441, userId=1, transactionId=null, account=null, suffix=0, sequenceNo=0, transactionDate=2025-10-29, transactionAmount=-12.790, description=PIN Purchase, merchantName=JETBRAINS, extendedDescription=JETBRAINS AMERI WWW.JETBRAINS.COM/     FOSTER, electronicTransactionDate=2025-10-27, effectiveDate=null, balance=1304.700, institution_id=Granite Credit Union, category=null, type=null), TransactionCSV(id=442, userId=1, transactionId=null, account=null, suffix=0, sequenceNo=0, transactionDate=2025-10-29, transactionAmount=-12.990, description=Purchase, merchantName=APPLE.COM, extendedDescription=APPLE.COM/BILL         866-712-7753 CAUS, electronicTransactionDate=2025-10-29, effectiveDate=null, balance=1317.490, institution_id=Granite Credit Union, category=null, type=null), TransactionCSV(id=446, userId=1, transactionId=null, account=null, suffix=0, sequenceNo=0, transactionDate=2025-10-30, transactionAmount=-2.140, description=PIN Purchase, merchantName=APPLE, extendedDescription=APPLE COM BILL         CUPERTINO    CAUS, electronicTransactionDate=2025-10-30, effectiveDate=null, balance=1302.560, institution_id=Granite Credit Union, category=null, type=null)], transactionDate=null), CSVTransactionsByCategory(category=Gas, totalCategorySpending=85.730, csvTransactions=[TransactionCSV(id=396, userId=1, transactionId=null, account=null, suffix=0, sequenceNo=0, transactionDate=2025-10-09, transactionAmount=-19.000, description=Purchase, merchantName=MAVERIK, extendedDescription=MAVERIK #413           SOUTH JORDAN UTUS, electronicTransactionDate=2025-10-08, effectiveDate=null, balance=54.510, institution_id=Granite Credit Union, category=null, type=null), TransactionCSV(id=407, userId=1, transactionId=null, account=null, suffix=0, sequenceNo=0, transactionDate=2025-10-12, transactionAmount=-21.500, description=Purchase, merchantName=MAVERIK, extendedDescription=MAVERIK #413           SOUTH JORDAN UTUS, electronicTransactionDate=2025-10-11, effectiveDate=null, balance=818.820, institution_id=Granite Credit Union, category=null, type=null), TransactionCSV(id=423, userId=1, transactionId=null, account=null, suffix=0, sequenceNo=0, transactionDate=2025-10-19, transactionAmount=-23.230, description=Purchase, merchantName=MAVERIK, extendedDescription=MAVERIK #413           SOUTH JORDAN UTUS, electronicTransactionDate=2025-10-18, effectiveDate=null, balance=438.350, institution_id=Granite Credit Union, category=null, type=null), TransactionCSV(id=438, userId=1, transactionId=null, account=null, suffix=0, sequenceNo=0, transactionDate=2025-10-26, transactionAmount=-22.000, description=Purchase, merchantName=MAVERIK, extendedDescription=MAVERIK #413           SOUTH JORDAN UTUS, electronicTransactionDate=2025-10-25, effectiveDate=null, balance=2217.650, institution_id=Granite Credit Union, category=null, type=null)], transactionDate=null), CSVTransactionsByCategory(category=Utilities, totalCategorySpending=114.180, csvTransactions=[TransactionCSV(id=381, userId=1, transactionId=null, account=null, suffix=0, sequenceNo=0, transactionDate=2025-10-03, transactionAmount=-114.180, description=Purchase, merchantName=CONSERVICE, extendedDescription=CONSERVICE, LLC        866-9477379  UTUS, electronicTransactionDate=2025-10-03, effectiveDate=null, balance=238.480, institution_id=Granite Credit Union, category=null, type=null)], transactionDate=null), CSVTransactionsByCategory(category=Electric, totalCategorySpending=120.950, csvTransactions=[TransactionCSV(id=443, userId=1, transactionId=null, account=null, suffix=0, sequenceNo=0, transactionDate=2025-10-29, transactionAmount=-120.950, description=ROCKYMTN/PACIFIC POWER BILL, merchantName=ROCKYMTN/PACIFIC   POWER BILL, extendedDescription=ROCKYMTN/PACIFIC   POWER BILL, electronicTransactionDate=2025-10-29, effectiveDate=null, balance=1330.480, institution_id=Granite Credit Union, category=null, type=null)], transactionDate=null), CSVTransactionsByCategory(category=Order Out, totalCategorySpending=144.730, csvTransactions=[TransactionCSV(id=379, userId=1, transactionId=null, account=null, suffix=0, sequenceNo=0, transactionDate=2025-10-02, transactionAmount=-12.040, description=Purchase, merchantName=NOODLES AND COMPANY, extendedDescription=NOODLES AND COMPANY    ORDER.NOODLESCOUS, electronicTransactionDate=2025-10-02, effectiveDate=null, balance=423.330, institution_id=Granite Credit Union, category=null, type=null), TransactionCSV(id=389, userId=1, transactionId=null, account=null, suffix=0, sequenceNo=0, transactionDate=2025-10-05, transactionAmount=-14.180, description=Purchase, merchantName=THE BREAK SPORTS AND GRSOUTH JORDAN UTUS, extendedDescription=THE BREAK SPORTS AND GRSOUTH JORDAN UTUS, electronicTransactionDate=2025-10-03, effectiveDate=null, balance=198.000, institution_id=Granite Credit Union, category=null, type=null), TransactionCSV(id=390, userId=1, transactionId=null, account=null, suffix=0, sequenceNo=0, transactionDate=2025-10-06, transactionAmount=-10.950, description=Purchase, merchantName=PANDA EXPRESS, extendedDescription=PANDA EXPRESS #3088P   olo.com      UTUS, electronicTransactionDate=2025-10-05, effectiveDate=null, balance=144.910, institution_id=Granite Credit Union, category=null, type=null), TransactionCSV(id=394, userId=1, transactionId=null, account=null, suffix=0, sequenceNo=0, transactionDate=2025-10-07, transactionAmount=-10.950, description=Purchase, merchantName=PANDA EXPRESS, extendedDescription=PANDA EXPRESS #3088    SOUTH JORDAN UTUS, electronicTransactionDate=2025-10-06, effectiveDate=null, balance=133.960, institution_id=Granite Credit Union, category=null, type=null), TransactionCSV(id=395, userId=1, transactionId=null, account=null, suffix=0, sequenceNo=0, transactionDate=2025-10-08, transactionAmount=-12.010, description=Purchase, merchantName=365 MARKET FP          TROY         MIUS, extendedDescription=365 MARKET FP          TROY         MIUS, electronicTransactionDate=2025-10-07, effectiveDate=null, balance=73.510, institution_id=Granite Credit Union, category=null, type=null), TransactionCSV(id=401, userId=1, transactionId=null, account=null, suffix=0, sequenceNo=0, transactionDate=2025-10-11, transactionAmount=-10.950, description=Purchase, merchantName=PANDA EXPRESS, extendedDescription=PANDA EXPRESS #3088P   olo.com      UTUS, electronicTransactionDate=2025-10-10, effectiveDate=null, balance=873.520, institution_id=Granite Credit Union, category=null, type=null), TransactionCSV(id=405, userId=1, transactionId=null, account=null, suffix=0, sequenceNo=0, transactionDate=2025-10-12, transactionAmount=-2.280, description=Purchase, merchantName=PANDA EXPRESS, extendedDescription=PANDA EXPRESS #3088    SOUTH JORDAN UTUS, electronicTransactionDate=2025-10-11, effectiveDate=null, balance=807.320, institution_id=Granite Credit Union, category=null, type=null), TransactionCSV(id=406, userId=1, transactionId=null, account=null, suffix=0, sequenceNo=0, transactionDate=2025-10-12, transactionAmount=-9.220, description=Purchase, merchantName=PANDA EXPRESS, extendedDescription=PANDA EXPRESS #3088P   olo.com      UTUS, electronicTransactionDate=2025-10-11, effectiveDate=null, balance=809.600, institution_id=Granite Credit Union, category=null, type=null), TransactionCSV(id=422, userId=1, transactionId=null, account=null, suffix=0, sequenceNo=0, transactionDate=2025-10-19, transactionAmount=-28.630, description=Purchase, merchantName=THE BREAK SPORTS AND GRSOUTH JORDAN UTUS, extendedDescription=THE BREAK SPORTS AND GRSOUTH JORDAN UTUS, electronicTransactionDate=2025-10-17, effectiveDate=null, balance=409.720, institution_id=Granite Credit Union, category=null, type=null), TransactionCSV(id=426, userId=1, transactionId=null, account=null, suffix=0, sequenceNo=0, transactionDate=2025-10-20, transactionAmount=-10.950, description=Purchase, merchantName=PANDA EXPRESS, extendedDescription=PANDA EXPRESS #3088P   olo.com      UTUS, electronicTransactionDate=2025-10-19, effectiveDate=null, balance=285.110, institution_id=Granite Credit Union, category=null, type=null), TransactionCSV(id=427, userId=1, transactionId=null, account=null, suffix=0, sequenceNo=0, transactionDate=2025-10-20, transactionAmount=-2.280, description=Purchase, merchantName=PANDA EXPRESS, extendedDescription=PANDA EXPRESS #3088    SOUTH JORDAN UTUS, electronicTransactionDate=2025-10-19, effectiveDate=null, balance=296.060, institution_id=Granite Credit Union, category=null, type=null), TransactionCSV(id=430, userId=1, transactionId=null, account=null, suffix=0, sequenceNo=0, transactionDate=2025-10-23, transactionAmount=-10.950, description=Purchase, merchantName=PANDA EXPRESS, extendedDescription=PANDA EXPRESS #3088    SOUTH JORDAN UTUS, electronicTransactionDate=2025-10-22, effectiveDate=null, balance=2337.280, institution_id=Granite Credit Union, category=null, type=null), TransactionCSV(id=439, userId=1, transactionId=null, account=null, suffix=0, sequenceNo=0, transactionDate=2025-10-27, transactionAmount=-9.340, description=Purchase, merchantName=THE BREAK SPORTS AND GRSOUTH JORDAN UTUS, extendedDescription=THE BREAK SPORTS AND GRSOUTH JORDAN UTUS, electronicTransactionDate=2025-10-26, effectiveDate=null, balance=2158.430, institution_id=Granite Credit Union, category=null, type=null)], transactionDate=null), CSVTransactionsByCategory(category=Payment, totalCategorySpending=247.030, csvTransactions=[TransactionCSV(id=378, userId=1, transactionId=null, account=null, suffix=0, sequenceNo=0, transactionDate=2025-10-01, transactionAmount=-10.390, description=Purchase, merchantName=AFFIRM, extendedDescription=AFFIRM * PAY OQ3UQIGC  855-423-3729 CAUS, electronicTransactionDate=2025-10-01, effectiveDate=null, balance=455.010, institution_id=Granite Credit Union, category=null, type=null), TransactionCSV(id=393, userId=1, transactionId=null, account=null, suffix=0, sequenceNo=0, transactionDate=2025-10-07, transactionAmount=-30.000, description=PAYPAL INST XFER, merchantName=PAYPAL, extendedDescription=PAYPAL             INST XFER, electronicTransactionDate=2025-10-07, effectiveDate=null, balance=103.960, institution_id=Granite Credit Union, category=null, type=null), TransactionCSV(id=410, userId=1, transactionId=null, account=null, suffix=0, sequenceNo=0, transactionDate=2025-10-14, transactionAmount=-160.000, description=AMEX EPAYMENT ACH PMT, merchantName=AMEX, extendedDescription=AMEX EPAYMENT      ACH PMT, electronicTransactionDate=2025-10-14, effectiveDate=null, balance=616.610, institution_id=Granite Credit Union, category=null, type=null), TransactionCSV(id=415, userId=1, transactionId=null, account=null, suffix=0, sequenceNo=0, transactionDate=2025-10-16, transactionAmount=-23.840, description=Purchase, merchantName=AFFIRM, extendedDescription=AFFIRM * PAY TGXYC81P  855-423-3729 CAUS, electronicTransactionDate=2025-10-16, effectiveDate=null, balance=546.880, institution_id=Granite Credit Union, category=null, type=null), TransactionCSV(id=444, userId=1, transactionId=null, account=null, suffix=0, sequenceNo=0, transactionDate=2025-10-30, transactionAmount=-10.720, description=Purchase, merchantName=PAYPAL, extendedDescription=PAYPAL *PYPL PAYIN4    888-221-1161 CAUS, electronicTransactionDate=2025-10-30, effectiveDate=null, balance=1279.760, institution_id=Granite Credit Union, category=null, type=null), TransactionCSV(id=445, userId=1, transactionId=null, account=null, suffix=0, sequenceNo=0, transactionDate=2025-10-30, transactionAmount=-12.080, description=Purchase, merchantName=AFFIRM, extendedDescription=AFFIRM * PAY Y0TAIBUA  855-423-3729 CAUS, electronicTransactionDate=2025-10-30, effectiveDate=null, balance=1290.480, institution_id=Granite Credit Union, category=null, type=null)], transactionDate=null), CSVTransactionsByCategory(category=Groceries, totalCategorySpending=522.190, csvTransactions=[TransactionCSV(id=377, userId=1, transactionId=null, account=null, suffix=0, sequenceNo=0, transactionDate=2025-10-01, transactionAmount=-6.310, description=PIN Purchase, merchantName=HARMONS, extendedDescription=HARMONS - DISTRICT 86  SOUTH JORDAN UTUS, electronicTransactionDate=2025-10-01, effectiveDate=null, balance=448.700, institution_id=Granite Credit Union, category=null, type=null), TransactionCSV(id=383, userId=1, transactionId=null, account=null, suffix=0, sequenceNo=0, transactionDate=2025-10-03, transactionAmount=-40.310, description=PIN Purchase, merchantName=WINCO FOODS, extendedDescription=WINCO FOODS #15 WINCO11969 S CARLSBAD WHERRIM, electronicTransactionDate=2025-10-03, effectiveDate=null, balance=378.440, institution_id=Granite Credit Union, category=null, type=null), TransactionCSV(id=385, userId=1, transactionId=null, account=null, suffix=0, sequenceNo=0, transactionDate=2025-10-04, transactionAmount=-26.300, description=PIN Purchase, merchantName=WINCO FOODS, extendedDescription=WINCO FOODS #15 WINCO11969 S CARLSBAD WHERRIM, electronicTransactionDate=2025-10-04, effectiveDate=null, balance=212.180, institution_id=Granite Credit Union, category=null, type=null), TransactionCSV(id=386, userId=1, transactionId=null, account=null, suffix=0, sequenceNo=0, transactionDate=2025-10-05, transactionAmount=-11.810, description=PIN Purchase, merchantName=HARMONS, extendedDescription=HARMONS - DISTRICT 86  SOUTH JORDAN UTUS, electronicTransactionDate=2025-10-05, effectiveDate=null, balance=155.860, institution_id=Granite Credit Union, category=null, type=null), TransactionCSV(id=387, userId=1, transactionId=null, account=null, suffix=0, sequenceNo=0, transactionDate=2025-10-05, transactionAmount=-1.070, description=PIN Purchase, merchantName=WM SUPERCENTER, extendedDescription=WM SUPERCENTER 3590 W SOUTH JORDA     SOUTH J, electronicTransactionDate=2025-10-05, effectiveDate=null, balance=167.670, institution_id=Granite Credit Union, category=null, type=null), TransactionCSV(id=388, userId=1, transactionId=null, account=null, suffix=0, sequenceNo=0, transactionDate=2025-10-05, transactionAmount=-29.260, description=PIN Purchase, merchantName=WINCO FOODS, extendedDescription=WINCO FOODS #15 WINCO11969 S CARLSBAD WHERRIM, electronicTransactionDate=2025-10-05, effectiveDate=null, balance=168.740, institution_id=Granite Credit Union, category=null, type=null), TransactionCSV(id=397, userId=1, transactionId=null, account=null, suffix=0, sequenceNo=0, transactionDate=2025-10-10, transactionAmount=-24.910, description=PIN Purchase, merchantName=SMITHS, extendedDescription=SMITHS #4276 5448 DAYBREAK PARK     SOUTH JOR, electronicTransactionDate=2025-10-10, effectiveDate=null, balance=963.470, institution_id=Granite Credit Union, category=null, type=null), TransactionCSV(id=398, userId=1, transactionId=null, account=null, suffix=0, sequenceNo=0, transactionDate=2025-10-10, transactionAmount=-66.130, description=PIN Purchase, merchantName=WINCO FOODS, extendedDescription=WINCO FOODS #15 WINCO11969 S CARLSBAD WHERRIM, electronicTransactionDate=2025-10-10, effectiveDate=null, balance=988.380, institution_id=Granite Credit Union, category=null, type=null), TransactionCSV(id=400, userId=1, transactionId=null, account=null, suffix=0, sequenceNo=0, transactionDate=2025-10-11, transactionAmount=-18.840, description=PIN Purchase, merchantName=WINCO FOODS, extendedDescription=WINCO FOODS #15 WINCO11969 S CARLSBAD WHERRIM, electronicTransactionDate=2025-10-11, effectiveDate=null, balance=854.680, institution_id=Granite Credit Union, category=null, type=null), TransactionCSV(id=403, userId=1, transactionId=null, account=null, suffix=0, sequenceNo=0, transactionDate=2025-10-12, transactionAmount=-16.030, description=PIN Purchase, merchantName=WINCO FOODS, extendedDescription=WINCO FOODS #15 WINCO11969 S CARLSBAD WHERRIM, electronicTransactionDate=2025-10-12, effectiveDate=null, balance=776.610, institution_id=Granite Credit Union, category=null, type=null), TransactionCSV(id=404, userId=1, transactionId=null, account=null, suffix=0, sequenceNo=0, transactionDate=2025-10-12, transactionAmount=-14.680, description=PIN Purchase, merchantName=WM SUPERCENTER, extendedDescription=WM SUPERCENTER 3590 W SOUTH JORDA     SOUTH J, electronicTransactionDate=2025-10-12, effectiveDate=null, balance=792.640, institution_id=Granite Credit Union, category=null, type=null), TransactionCSV(id=413, userId=1, transactionId=null, account=null, suffix=0, sequenceNo=0, transactionDate=2025-10-15, transactionAmount=-6.310, description=PIN Purchase, merchantName=HARMONS, extendedDescription=HARMONS - DISTRICT 86  SOUTH JORDAN UTUS, electronicTransactionDate=2025-10-15, effectiveDate=null, balance=598.590, institution_id=Granite Credit Union, category=null, type=null), TransactionCSV(id=414, userId=1, transactionId=null, account=null, suffix=0, sequenceNo=0, transactionDate=2025-10-16, transactionAmount=-13.840, description=PIN Purchase, merchantName=HARMONS, extendedDescription=HARMONS - DISTRICT 86  SOUTH JORDAN UTUS, electronicTransactionDate=2025-10-16, effectiveDate=null, balance=533.040, institution_id=Granite Credit Union, category=null, type=null), TransactionCSV(id=416, userId=1, transactionId=null, account=null, suffix=0, sequenceNo=0, transactionDate=2025-10-18, transactionAmount=-22.500, description=PIN Purchase, merchantName=WINCO FOODS, extendedDescription=WINCO FOODS #15 WINCO11969 S CARLSBAD WHERRIM, electronicTransactionDate=2025-10-18, effectiveDate=null, balance=472.300, institution_id=Granite Credit Union, category=null, type=null), TransactionCSV(id=419, userId=1, transactionId=null, account=null, suffix=0, sequenceNo=0, transactionDate=2025-10-19, transactionAmount=-12.360, description=PIN Purchase, merchantName=SMITHS, extendedDescription=SMITHS #4276 5448 DAYBREAK PARK     SOUTH JOR, electronicTransactionDate=2025-10-19, effectiveDate=null, balance=324.340, institution_id=Granite Credit Union, category=null, type=null), TransactionCSV(id=420, userId=1, transactionId=null, account=null, suffix=0, sequenceNo=0, transactionDate=2025-10-19, transactionAmount=-22.580, description=PIN Purchase, merchantName=WM SUPERCENTER, extendedDescription=WM SUPERCENTER 3590 W SOUTH JORDA     SOUTH J, electronicTransactionDate=2025-10-19, effectiveDate=null, balance=336.700, institution_id=Granite Credit Union, category=null, type=null), TransactionCSV(id=421, userId=1, transactionId=null, account=null, suffix=0, sequenceNo=0, transactionDate=2025-10-19, transactionAmount=-50.440, description=PIN Purchase, merchantName=WINCO FOODS, extendedDescription=WINCO FOODS #15 WINCO11969 S CARLSBAD WHERRIM, electronicTransactionDate=2025-10-19, effectiveDate=null, balance=359.280, institution_id=Granite Credit Union, category=null, type=null), TransactionCSV(id=432, userId=1, transactionId=null, account=null, suffix=0, sequenceNo=0, transactionDate=2025-10-24, transactionAmount=-70.530, description=PIN Purchase, merchantName=WINCO FOODS, extendedDescription=WINCO FOODS #15 WINCO11969 S CARLSBAD WHERRIM, electronicTransactionDate=2025-10-24, effectiveDate=null, balance=2266.750, institution_id=Granite Credit Union, category=null, type=null), TransactionCSV(id=434, userId=1, transactionId=null, account=null, suffix=0, sequenceNo=0, transactionDate=2025-10-25, transactionAmount=-17.980, description=PIN Purchase, merchantName=SMITHS, extendedDescription=SMITHS #4276 5448 DAYBREAK PARK     SOUTH JOR, electronicTransactionDate=2025-10-25, effectiveDate=null, balance=2248.770, institution_id=Granite Credit Union, category=null, type=null), TransactionCSV(id=435, userId=1, transactionId=null, account=null, suffix=0, sequenceNo=0, transactionDate=2025-10-26, transactionAmount=-28.360, description=PIN Purchase, merchantName=WM SUPERCENTER, extendedDescription=WM SUPERCENTER 3590 W SOUTH JORDA     SOUTH J, electronicTransactionDate=2025-10-26, effectiveDate=null, balance=2167.770, institution_id=Granite Credit Union, category=null, type=null), TransactionCSV(id=436, userId=1, transactionId=null, account=null, suffix=0, sequenceNo=0, transactionDate=2025-10-26, transactionAmount=-19.920, description=PIN Purchase, merchantName=WAL-MART, extendedDescription=WAL-MART #5763 3590 W. SOUTH JORD     SOUTH J, electronicTransactionDate=2025-10-26, effectiveDate=null, balance=2196.130, institution_id=Granite Credit Union, category=null, type=null), TransactionCSV(id=447, userId=1, transactionId=null, account=null, suffix=0, sequenceNo=0, transactionDate=2025-10-31, transactionAmount=-1.720, description=PIN Purchase, merchantName=HARMONS, extendedDescription=HARMONS - DISTRICT 86  SOUTH JORDAN UTUS, electronicTransactionDate=2025-10-31, effectiveDate=null, balance=1278.040, institution_id=Granite Credit Union, category=null, type=null)], transactionDate=null), CSVTransactionsByCategory(category=Income, totalCategorySpending=2156.070, csvTransactions=[TransactionCSV(id=431, userId=1, transactionId=null, account=null, suffix=0, sequenceNo=0, transactionDate=2025-10-23, transactionAmount=2156.070, description=L3 TECHNOLOGIES PAYROLL, merchantName=L3 TECHNOLOGIES, extendedDescription=L3 TECHNOLOGIES    PAYROLL, electronicTransactionDate=2025-10-24, effectiveDate=null, balance=2348.230, institution_id=Granite Credit Union, category=null, type=null)], transactionDate=null)]
2026-04-18 10:35:50 INFO  c.a.b.s.TransactionsByCategoryLoaderService - CSV Transactions: [CSVTransactionsByCategory(category=Gas Bill, totalCategorySpending=14.360, csvTransactions=[TransactionCSV(id=408, userId=1, transactionId=null, account=null, suffix=0, sequenceNo=0, transactionDate=2025-10-12, transactionAmount=-14.360, description=Purchase, merchantName=SPI*ENB GAS UT WY ID   801-324-5111 UTUS, extendedDescription=SPI*ENB GAS UT WY ID   801-324-5111 UTUS, electronicTransactionDate=2025-10-11, effectiveDate=null, balance=840.320, institution_id=Granite Credit Union, category=null, type=null)], transactionDate=null), CSVTransactionsByCategory(category=Haircut, totalCategorySpending=26.000, csvTransactions=[TransactionCSV(id=428, userId=1, transactionId=null, account=null, suffix=0, sequenceNo=0, transactionDate=2025-10-20, transactionAmount=-26.000, description=Purchase, merchantName=1993 GREAT CLIPS, extendedDescription=1993 GREAT CLIPS AT HARSOUTH JORDAN UTUS, electronicTransactionDate=2025-10-19, effectiveDate=null, balance=298.340, institution_id=Granite Credit Union, category=null, type=null)], transactionDate=null), CSVTransactionsByCategory(category=Other, totalCategorySpending=49.020, csvTransactions=[TransactionCSV(id=382, userId=1, transactionId=null, account=null, suffix=0, sequenceNo=0, transactionDate=2025-10-03, transactionAmount=-25.780, description=PIN Purchase, merchantName=STEAMGAMES.COM, extendedDescription=STEAMGAMES.COM NE 4TH STREET          store.s, electronicTransactionDate=2025-10-02, effectiveDate=null, balance=352.660, institution_id=Granite Credit Union, category=null, type=null), TransactionCSV(id=418, userId=1, transactionId=null, account=null, suffix=0, sequenceNo=0, transactionDate=2025-10-18, transactionAmount=-23.240, description=PIN Purchase, merchantName=WALGREENS, extendedDescription=WALGREENS STORE 10429 SSOUTH JORDAN UTUS, electronicTransactionDate=2025-10-18, effectiveDate=null, balance=509.800, institution_id=Granite Credit Union, category=null, type=null)], transactionDate=null), CSVTransactionsByCategory(category=Insurance, totalCategorySpending=80.070, csvTransactions=[TransactionCSV(id=425, userId=1, transactionId=null, account=null, suffix=0, sequenceNo=0, transactionDate=2025-10-20, transactionAmount=-80.070, description=STATE FARM RO 08 CPC-CLIENT, merchantName=STATE FARM, extendedDescription=STATE FARM RO 08   CPC-CLIENT, electronicTransactionDate=2025-10-20, effectiveDate=null, balance=205.040, institution_id=Granite Credit Union, category=null, type=null)], transactionDate=null), CSVTransactionsByCategory(category=Subscription, totalCategorySpending=84.260, csvTransactions=[TransactionCSV(id=376, userId=1, transactionId=null, account=null, suffix=0, sequenceNo=0, transactionDate=2025-10-01, transactionAmount=-0.990, description=Purchase, merchantName=APPLE.COM, extendedDescription=APPLE.COM/BILL         866-712-7753 CAUS, electronicTransactionDate=2025-10-01, effectiveDate=null, balance=447.710, institution_id=Granite Credit Union, category=null, type=null), TransactionCSV(id=391, userId=1, transactionId=null, account=null, suffix=0, sequenceNo=0, transactionDate=2025-10-07, transactionAmount=-12.000, description=Purchase, merchantName=HEROKU, extendedDescription=HEROKU* SEP-108302322  WWW.HEROKU.COCAUS, electronicTransactionDate=2025-10-07, effectiveDate=null, balance=85.520, institution_id=Granite Credit Union, category=null, type=null), TransactionCSV(id=392, userId=1, transactionId=null, account=null, suffix=0, sequenceNo=0, transactionDate=2025-10-07, transactionAmount=-6.440, description=Purchase, merchantName=APPLE.COM, extendedDescription=APPLE.COM/BILL         866-712-7753 CAUS, electronicTransactionDate=2025-10-07, effectiveDate=null, balance=97.520, institution_id=Granite Credit Union, category=null, type=null), TransactionCSV(id=409, userId=1, transactionId=null, account=null, suffix=0, sequenceNo=0, transactionDate=2025-10-14, transactionAmount=-11.710, description=PIN Purchase, merchantName=JETBRAINS, extendedDescription=JETBRAINS AMERI WWW.JETBRAINS.COM/     FOSTER, electronicTransactionDate=2025-10-12, effectiveDate=null, balance=604.900, institution_id=Granite Credit Union, category=null, type=null), TransactionCSV(id=412, userId=1, transactionId=null, account=null, suffix=0, sequenceNo=0, transactionDate=2025-10-15, transactionAmount=-12.880, description=Purchase, merchantName=SPOTIFY, extendedDescription=SPOTIFY                877-778-1161 NYUS, electronicTransactionDate=2025-10-15, effectiveDate=null, balance=585.710, institution_id=Granite Credit Union, category=null, type=null), TransactionCSV(id=424, userId=1, transactionId=null, account=null, suffix=0, sequenceNo=0, transactionDate=2025-10-19, transactionAmount=-10.720, description=Purchase, merchantName=Microsoft, extendedDescription=Microsoft*Microsoft 365425-6816830  WAUS, electronicTransactionDate=2025-10-19, effectiveDate=null, balance=461.580, institution_id=Granite Credit Union, category=null, type=null), TransactionCSV(id=437, userId=1, transactionId=null, account=null, suffix=0, sequenceNo=0, transactionDate=2025-10-26, transactionAmount=-1.600, description=Purchase, merchantName=APPLE.COM, extendedDescription=APPLE.COM/BILL         866-712-7753 CAUS, electronicTransactionDate=2025-10-26, effectiveDate=null, balance=2216.050, institution_id=Granite Credit Union, category=null, type=null), TransactionCSV(id=441, userId=1, transactionId=null, account=null, suffix=0, sequenceNo=0, transactionDate=2025-10-29, transactionAmount=-12.790, description=PIN Purchase, merchantName=JETBRAINS, extendedDescription=JETBRAINS AMERI WWW.JETBRAINS.COM/     FOSTER, electronicTransactionDate=2025-10-27, effectiveDate=null, balance=1304.700, institution_id=Granite Credit Union, category=null, type=null), TransactionCSV(id=442, userId=1, transactionId=null, account=null, suffix=0, sequenceNo=0, transactionDate=2025-10-29, transactionAmount=-12.990, description=Purchase, merchantName=APPLE.COM, extendedDescription=APPLE.COM/BILL         866-712-7753 CAUS, electronicTransactionDate=2025-10-29, effectiveDate=null, balance=1317.490, institution_id=Granite Credit Union, category=null, type=null), TransactionCSV(id=446, userId=1, transactionId=null, account=null, suffix=0, sequenceNo=0, transactionDate=2025-10-30, transactionAmount=-2.140, description=PIN Purchase, merchantName=APPLE, extendedDescription=APPLE COM BILL         CUPERTINO    CAUS, electronicTransactionDate=2025-10-30, effectiveDate=null, balance=1302.560, institution_id=Granite Credit Union, category=null, type=null)], transactionDate=null), CSVTransactionsByCategory(category=Gas, totalCategorySpending=85.730, csvTransactions=[TransactionCSV(id=396, userId=1, transactionId=null, account=null, suffix=0, sequenceNo=0, transactionDate=2025-10-09, transactionAmount=-19.000, description=Purchase, merchantName=MAVERIK, extendedDescription=MAVERIK #413           SOUTH JORDAN UTUS, electronicTransactionDate=2025-10-08, effectiveDate=null, balance=54.510, institution_id=Granite Credit Union, category=null, type=null), TransactionCSV(id=407, userId=1, transactionId=null, account=null, suffix=0, sequenceNo=0, transactionDate=2025-10-12, transactionAmount=-21.500, description=Purchase, merchantName=MAVERIK, extendedDescription=MAVERIK #413           SOUTH JORDAN UTUS, electronicTransactionDate=2025-10-11, effectiveDate=null, balance=818.820, institution_id=Granite Credit Union, category=null, type=null), TransactionCSV(id=423, userId=1, transactionId=null, account=null, suffix=0, sequenceNo=0, transactionDate=2025-10-19, transactionAmount=-23.230, description=Purchase, merchantName=MAVERIK, extendedDescription=MAVERIK #413           SOUTH JORDAN UTUS, electronicTransactionDate=2025-10-18, effectiveDate=null, balance=438.350, institution_id=Granite Credit Union, category=null, type=null), TransactionCSV(id=438, userId=1, transactionId=null, account=null, suffix=0, sequenceNo=0, transactionDate=2025-10-26, transactionAmount=-22.000, description=Purchase, merchantName=MAVERIK, extendedDescription=MAVERIK #413           SOUTH JORDAN UTUS, electronicTransactionDate=2025-10-25, effectiveDate=null, balance=2217.650, institution_id=Granite Credit Union, category=null, type=null)], transactionDate=null), CSVTransactionsByCategory(category=Utilities, totalCategorySpending=114.180, csvTransactions=[TransactionCSV(id=381, userId=1, transactionId=null, account=null, suffix=0, sequenceNo=0, transactionDate=2025-10-03, transactionAmount=-114.180, description=Purchase, merchantName=CONSERVICE, extendedDescription=CONSERVICE, LLC        866-9477379  UTUS, electronicTransactionDate=2025-10-03, effectiveDate=null, balance=238.480, institution_id=Granite Credit Union, category=null, type=null)], transactionDate=null), CSVTransactionsByCategory(category=Electric, totalCategorySpending=120.950, csvTransactions=[TransactionCSV(id=443, userId=1, transactionId=null, account=null, suffix=0, sequenceNo=0, transactionDate=2025-10-29, transactionAmount=-120.950, description=ROCKYMTN/PACIFIC POWER BILL, merchantName=ROCKYMTN/PACIFIC   POWER BILL, extendedDescription=ROCKYMTN/PACIFIC   POWER BILL, electronicTransactionDate=2025-10-29, effectiveDate=null, balance=1330.480, institution_id=Granite Credit Union, category=null, type=null)], transactionDate=null), CSVTransactionsByCategory(category=Order Out, totalCategorySpending=144.730, csvTransactions=[TransactionCSV(id=379, userId=1, transactionId=null, account=null, suffix=0, sequenceNo=0, transactionDate=2025-10-02, transactionAmount=-12.040, description=Purchase, merchantName=NOODLES AND COMPANY, extendedDescription=NOODLES AND COMPANY    ORDER.NOODLESCOUS, electronicTransactionDate=2025-10-02, effectiveDate=null, balance=423.330, institution_id=Granite Credit Union, category=null, type=null), TransactionCSV(id=389, userId=1, transactionId=null, account=null, suffix=0, sequenceNo=0, transactionDate=2025-10-05, transactionAmount=-14.180, description=Purchase, merchantName=THE BREAK SPORTS AND GRSOUTH JORDAN UTUS, extendedDescription=THE BREAK SPORTS AND GRSOUTH JORDAN UTUS, electronicTransactionDate=2025-10-03, effectiveDate=null, balance=198.000, institution_id=Granite Credit Union, category=null, type=null), TransactionCSV(id=390, userId=1, transactionId=null, account=null, suffix=0, sequenceNo=0, transactionDate=2025-10-06, transactionAmount=-10.950, description=Purchase, merchantName=PANDA EXPRESS, extendedDescription=PANDA EXPRESS #3088P   olo.com      UTUS, electronicTransactionDate=2025-10-05, effectiveDate=null, balance=144.910, institution_id=Granite Credit Union, category=null, type=null), TransactionCSV(id=394, userId=1, transactionId=null, account=null, suffix=0, sequenceNo=0, transactionDate=2025-10-07, transactionAmount=-10.950, description=Purchase, merchantName=PANDA EXPRESS, extendedDescription=PANDA EXPRESS #3088    SOUTH JORDAN UTUS, electronicTransactionDate=2025-10-06, effectiveDate=null, balance=133.960, institution_id=Granite Credit Union, category=null, type=null), TransactionCSV(id=395, userId=1, transactionId=null, account=null, suffix=0, sequenceNo=0, transactionDate=2025-10-08, transactionAmount=-12.010, description=Purchase, merchantName=365 MARKET FP          TROY         MIUS, extendedDescription=365 MARKET FP          TROY         MIUS, electronicTransactionDate=2025-10-07, effectiveDate=null, balance=73.510, institution_id=Granite Credit Union, category=null, type=null), TransactionCSV(id=401, userId=1, transactionId=null, account=null, suffix=0, sequenceNo=0, transactionDate=2025-10-11, transactionAmount=-10.950, description=Purchase, merchantName=PANDA EXPRESS, extendedDescription=PANDA EXPRESS #3088P   olo.com      UTUS, electronicTransactionDate=2025-10-10, effectiveDate=null, balance=873.520, institution_id=Granite Credit Union, category=null, type=null), TransactionCSV(id=405, userId=1, transactionId=null, account=null, suffix=0, sequenceNo=0, transactionDate=2025-10-12, transactionAmount=-2.280, description=Purchase, merchantName=PANDA EXPRESS, extendedDescription=PANDA EXPRESS #3088    SOUTH JORDAN UTUS, electronicTransactionDate=2025-10-11, effectiveDate=null, balance=807.320, institution_id=Granite Credit Union, category=null, type=null), TransactionCSV(id=406, userId=1, transactionId=null, account=null, suffix=0, sequenceNo=0, transactionDate=2025-10-12, transactionAmount=-9.220, description=Purchase, merchantName=PANDA EXPRESS, extendedDescription=PANDA EXPRESS #3088P   olo.com      UTUS, electronicTransactionDate=2025-10-11, effectiveDate=null, balance=809.600, institution_id=Granite Credit Union, category=null, type=null), TransactionCSV(id=422, userId=1, transactionId=null, account=null, suffix=0, sequenceNo=0, transactionDate=2025-10-19, transactionAmount=-28.630, description=Purchase, merchantName=THE BREAK SPORTS AND GRSOUTH JORDAN UTUS, extendedDescription=THE BREAK SPORTS AND GRSOUTH JORDAN UTUS, electronicTransactionDate=2025-10-17, effectiveDate=null, balance=409.720, institution_id=Granite Credit Union, category=null, type=null), TransactionCSV(id=426, userId=1, transactionId=null, account=null, suffix=0, sequenceNo=0, transactionDate=2025-10-20, transactionAmount=-10.950, description=Purchase, merchantName=PANDA EXPRESS, extendedDescription=PANDA EXPRESS #3088P   olo.com      UTUS, electronicTransactionDate=2025-10-19, effectiveDate=null, balance=285.110, institution_id=Granite Credit Union, category=null, type=null), TransactionCSV(id=427, userId=1, transactionId=null, account=null, suffix=0, sequenceNo=0, transactionDate=2025-10-20, transactionAmount=-2.280, description=Purchase, merchantName=PANDA EXPRESS, extendedDescription=PANDA EXPRESS #3088    SOUTH JORDAN UTUS, electronicTransactionDate=2025-10-19, effectiveDate=null, balance=296.060, institution_id=Granite Credit Union, category=null, type=null), TransactionCSV(id=430, userId=1, transactionId=null, account=null, suffix=0, sequenceNo=0, transactionDate=2025-10-23, transactionAmount=-10.950, description=Purchase, merchantName=PANDA EXPRESS, extendedDescription=PANDA EXPRESS #3088    SOUTH JORDAN UTUS, electronicTransactionDate=2025-10-22, effectiveDate=null, balance=2337.280, institution_id=Granite Credit Union, category=null, type=null), TransactionCSV(id=439, userId=1, transactionId=null, account=null, suffix=0, sequenceNo=0, transactionDate=2025-10-27, transactionAmount=-9.340, description=Purchase, merchantName=THE BREAK SPORTS AND GRSOUTH JORDAN UTUS, extendedDescription=THE BREAK SPORTS AND GRSOUTH JORDAN UTUS, electronicTransactionDate=2025-10-26, effectiveDate=null, balance=2158.430, institution_id=Granite Credit Union, category=null, type=null)], transactionDate=null), CSVTransactionsByCategory(category=Payment, totalCategorySpending=247.030, csvTransactions=[TransactionCSV(id=378, userId=1, transactionId=null, account=null, suffix=0, sequenceNo=0, transactionDate=2025-10-01, transactionAmount=-10.390, description=Purchase, merchantName=AFFIRM, extendedDescription=AFFIRM * PAY OQ3UQIGC  855-423-3729 CAUS, electronicTransactionDate=2025-10-01, effectiveDate=null, balance=455.010, institution_id=Granite Credit Union, category=null, type=null), TransactionCSV(id=393, userId=1, transactionId=null, account=null, suffix=0, sequenceNo=0, transactionDate=2025-10-07, transactionAmount=-30.000, description=PAYPAL INST XFER, merchantName=PAYPAL, extendedDescription=PAYPAL             INST XFER, electronicTransactionDate=2025-10-07, effectiveDate=null, balance=103.960, institution_id=Granite Credit Union, category=null, type=null), TransactionCSV(id=410, userId=1, transactionId=null, account=null, suffix=0, sequenceNo=0, transactionDate=2025-10-14, transactionAmount=-160.000, description=AMEX EPAYMENT ACH PMT, merchantName=AMEX, extendedDescription=AMEX EPAYMENT      ACH PMT, electronicTransactionDate=2025-10-14, effectiveDate=null, balance=616.610, institution_id=Granite Credit Union, category=null, type=null), TransactionCSV(id=415, userId=1, transactionId=null, account=null, suffix=0, sequenceNo=0, transactionDate=2025-10-16, transactionAmount=-23.840, description=Purchase, merchantName=AFFIRM, extendedDescription=AFFIRM * PAY TGXYC81P  855-423-3729 CAUS, electronicTransactionDate=2025-10-16, effectiveDate=null, balance=546.880, institution_id=Granite Credit Union, category=null, type=null), TransactionCSV(id=444, userId=1, transactionId=null, account=null, suffix=0, sequenceNo=0, transactionDate=2025-10-30, transactionAmount=-10.720, description=Purchase, merchantName=PAYPAL, extendedDescription=PAYPAL *PYPL PAYIN4    888-221-1161 CAUS, electronicTransactionDate=2025-10-30, effectiveDate=null, balance=1279.760, institution_id=Granite Credit Union, category=null, type=null), TransactionCSV(id=445, userId=1, transactionId=null, account=null, suffix=0, sequenceNo=0, transactionDate=2025-10-30, transactionAmount=-12.080, description=Purchase, merchantName=AFFIRM, extendedDescription=AFFIRM * PAY Y0TAIBUA  855-423-3729 CAUS, electronicTransactionDate=2025-10-30, effectiveDate=null, balance=1290.480, institution_id=Granite Credit Union, category=null, type=null)], transactionDate=null), CSVTransactionsByCategory(category=Groceries, totalCategorySpending=522.190, csvTransactions=[TransactionCSV(id=377, userId=1, transactionId=null, account=null, suffix=0, sequenceNo=0, transactionDate=2025-10-01, transactionAmount=-6.310, description=PIN Purchase, merchantName=HARMONS, extendedDescription=HARMONS - DISTRICT 86  SOUTH JORDAN UTUS, electronicTransactionDate=2025-10-01, effectiveDate=null, balance=448.700, institution_id=Granite Credit Union, category=null, type=null), TransactionCSV(id=383, userId=1, transactionId=null, account=null, suffix=0, sequenceNo=0, transactionDate=2025-10-03, transactionAmount=-40.310, description=PIN Purchase, merchantName=WINCO FOODS, extendedDescription=WINCO FOODS #15 WINCO11969 S CARLSBAD WHERRIM, electronicTransactionDate=2025-10-03, effectiveDate=null, balance=378.440, institution_id=Granite Credit Union, category=null, type=null), TransactionCSV(id=385, userId=1, transactionId=null, account=null, suffix=0, sequenceNo=0, transactionDate=2025-10-04, transactionAmount=-26.300, description=PIN Purchase, merchantName=WINCO FOODS, extendedDescription=WINCO FOODS #15 WINCO11969 S CARLSBAD WHERRIM, electronicTransactionDate=2025-10-04, effectiveDate=null, balance=212.180, institution_id=Granite Credit Union, category=null, type=null), TransactionCSV(id=386, userId=1, transactionId=null, account=null, suffix=0, sequenceNo=0, transactionDate=2025-10-05, transactionAmount=-11.810, description=PIN Purchase, merchantName=HARMONS, extendedDescription=HARMONS - DISTRICT 86  SOUTH JORDAN UTUS, electronicTransactionDate=2025-10-05, effectiveDate=null, balance=155.860, institution_id=Granite Credit Union, category=null, type=null), TransactionCSV(id=387, userId=1, transactionId=null, account=null, suffix=0, sequenceNo=0, transactionDate=2025-10-05, transactionAmount=-1.070, description=PIN Purchase, merchantName=WM SUPERCENTER, extendedDescription=WM SUPERCENTER 3590 W SOUTH JORDA     SOUTH J, electronicTransactionDate=2025-10-05, effectiveDate=null, balance=167.670, institution_id=Granite Credit Union, category=null, type=null), TransactionCSV(id=388, userId=1, transactionId=null, account=null, suffix=0, sequenceNo=0, transactionDate=2025-10-05, transactionAmount=-29.260, description=PIN Purchase, merchantName=WINCO FOODS, extendedDescription=WINCO FOODS #15 WINCO11969 S CARLSBAD WHERRIM, electronicTransactionDate=2025-10-05, effectiveDate=null, balance=168.740, institution_id=Granite Credit Union, category=null, type=null), TransactionCSV(id=397, userId=1, transactionId=null, account=null, suffix=0, sequenceNo=0, transactionDate=2025-10-10, transactionAmount=-24.910, description=PIN Purchase, merchantName=SMITHS, extendedDescription=SMITHS #4276 5448 DAYBREAK PARK     SOUTH JOR, electronicTransactionDate=2025-10-10, effectiveDate=null, balance=963.470, institution_id=Granite Credit Union, category=null, type=null), TransactionCSV(id=398, userId=1, transactionId=null, account=null, suffix=0, sequenceNo=0, transactionDate=2025-10-10, transactionAmount=-66.130, description=PIN Purchase, merchantName=WINCO FOODS, extendedDescription=WINCO FOODS #15 WINCO11969 S CARLSBAD WHERRIM, electronicTransactionDate=2025-10-10, effectiveDate=null, balance=988.380, institution_id=Granite Credit Union, category=null, type=null), TransactionCSV(id=400, userId=1, transactionId=null, account=null, suffix=0, sequenceNo=0, transactionDate=2025-10-11, transactionAmount=-18.840, description=PIN Purchase, merchantName=WINCO FOODS, extendedDescription=WINCO FOODS #15 WINCO11969 S CARLSBAD WHERRIM, electronicTransactionDate=2025-10-11, effectiveDate=null, balance=854.680, institution_id=Granite Credit Union, category=null, type=null), TransactionCSV(id=403, userId=1, transactionId=null, account=null, suffix=0, sequenceNo=0, transactionDate=2025-10-12, transactionAmount=-16.030, description=PIN Purchase, merchantName=WINCO FOODS, extendedDescription=WINCO FOODS #15 WINCO11969 S CARLSBAD WHERRIM, electronicTransactionDate=2025-10-12, effectiveDate=null, balance=776.610, institution_id=Granite Credit Union, category=null, type=null), TransactionCSV(id=404, userId=1, transactionId=null, account=null, suffix=0, sequenceNo=0, transactionDate=2025-10-12, transactionAmount=-14.680, description=PIN Purchase, merchantName=WM SUPERCENTER, extendedDescription=WM SUPERCENTER 3590 W SOUTH JORDA     SOUTH J, electronicTransactionDate=2025-10-12, effectiveDate=null, balance=792.640, institution_id=Granite Credit Union, category=null, type=null), TransactionCSV(id=413, userId=1, transactionId=null, account=null, suffix=0, sequenceNo=0, transactionDate=2025-10-15, transactionAmount=-6.310, description=PIN Purchase, merchantName=HARMONS, extendedDescription=HARMONS - DISTRICT 86  SOUTH JORDAN UTUS, electronicTransactionDate=2025-10-15, effectiveDate=null, balance=598.590, institution_id=Granite Credit Union, category=null, type=null), TransactionCSV(id=414, userId=1, transactionId=null, account=null, suffix=0, sequenceNo=0, transactionDate=2025-10-16, transactionAmount=-13.840, description=PIN Purchase, merchantName=HARMONS, extendedDescription=HARMONS - DISTRICT 86  SOUTH JORDAN UTUS, electronicTransactionDate=2025-10-16, effectiveDate=null, balance=533.040, institution_id=Granite Credit Union, category=null, type=null), TransactionCSV(id=416, userId=1, transactionId=null, account=null, suffix=0, sequenceNo=0, transactionDate=2025-10-18, transactionAmount=-22.500, description=PIN Purchase, merchantName=WINCO FOODS, extendedDescription=WINCO FOODS #15 WINCO11969 S CARLSBAD WHERRIM, electronicTransactionDate=2025-10-18, effectiveDate=null, balance=472.300, institution_id=Granite Credit Union, category=null, type=null), TransactionCSV(id=419, userId=1, transactionId=null, account=null, suffix=0, sequenceNo=0, transactionDate=2025-10-19, transactionAmount=-12.360, description=PIN Purchase, merchantName=SMITHS, extendedDescription=SMITHS #4276 5448 DAYBREAK PARK     SOUTH JOR, electronicTransactionDate=2025-10-19, effectiveDate=null, balance=324.340, institution_id=Granite Credit Union, category=null, type=null), TransactionCSV(id=420, userId=1, transactionId=null, account=null, suffix=0, sequenceNo=0, transactionDate=2025-10-19, transactionAmount=-22.580, description=PIN Purchase, merchantName=WM SUPERCENTER, extendedDescription=WM SUPERCENTER 3590 W SOUTH JORDA     SOUTH J, electronicTransactionDate=2025-10-19, effectiveDate=null, balance=336.700, institution_id=Granite Credit Union, category=null, type=null), TransactionCSV(id=421, userId=1, transactionId=null, account=null, suffix=0, sequenceNo=0, transactionDate=2025-10-19, transactionAmount=-50.440, description=PIN Purchase, merchantName=WINCO FOODS, extendedDescription=WINCO FOODS #15 WINCO11969 S CARLSBAD WHERRIM, electronicTransactionDate=2025-10-19, effectiveDate=null, balance=359.280, institution_id=Granite Credit Union, category=null, type=null), TransactionCSV(id=432, userId=1, transactionId=null, account=null, suffix=0, sequenceNo=0, transactionDate=2025-10-24, transactionAmount=-70.530, description=PIN Purchase, merchantName=WINCO FOODS, extendedDescription=WINCO FOODS #15 WINCO11969 S CARLSBAD WHERRIM, electronicTransactionDate=2025-10-24, effectiveDate=null, balance=2266.750, institution_id=Granite Credit Union, category=null, type=null), TransactionCSV(id=434, userId=1, transactionId=null, account=null, suffix=0, sequenceNo=0, transactionDate=2025-10-25, transactionAmount=-17.980, description=PIN Purchase, merchantName=SMITHS, extendedDescription=SMITHS #4276 5448 DAYBREAK PARK     SOUTH JOR, electronicTransactionDate=2025-10-25, effectiveDate=null, balance=2248.770, institution_id=Granite Credit Union, category=null, type=null), TransactionCSV(id=435, userId=1, transactionId=null, account=null, suffix=0, sequenceNo=0, transactionDate=2025-10-26, transactionAmount=-28.360, description=PIN Purchase, merchantName=WM SUPERCENTER, extendedDescription=WM SUPERCENTER 3590 W SOUTH JORDA     SOUTH J, electronicTransactionDate=2025-10-26, effectiveDate=null, balance=2167.770, institution_id=Granite Credit Union, category=null, type=null), TransactionCSV(id=436, userId=1, transactionId=null, account=null, suffix=0, sequenceNo=0, transactionDate=2025-10-26, transactionAmount=-19.920, description=PIN Purchase, merchantName=WAL-MART, extendedDescription=WAL-MART #5763 3590 W. SOUTH JORD     SOUTH J, electronicTransactionDate=2025-10-26, effectiveDate=null, balance=2196.130, institution_id=Granite Credit Union, category=null, type=null), TransactionCSV(id=447, userId=1, transactionId=null, account=null, suffix=0, sequenceNo=0, transactionDate=2025-10-31, transactionAmount=-1.720, description=PIN Purchase, merchantName=HARMONS, extendedDescription=HARMONS - DISTRICT 86  SOUTH JORDAN UTUS, electronicTransactionDate=2025-10-31, effectiveDate=null, balance=1278.040, institution_id=Granite Credit Union, category=null, type=null)], transactionDate=null), CSVTransactionsByCategory(category=Income, totalCategorySpending=2156.070, csvTransactions=[TransactionCSV(id=431, userId=1, transactionId=null, account=null, suffix=0, sequenceNo=0, transactionDate=2025-10-23, transactionAmount=2156.070, description=L3 TECHNOLOGIES PAYROLL, merchantName=L3 TECHNOLOGIES, extendedDescription=L3 TECHNOLOGIES    PAYROLL, electronicTransactionDate=2025-10-24, effectiveDate=null, balance=2348.230, institution_id=Granite Credit Union, category=null, type=null)], transactionDate=null)]
2026-04-18 10:35:50 INFO  c.a.b.w.runner.BudgetCategoryRunner - TransactionsByCategory size: 12
2026-04-18 10:35:50 INFO  c.a.b.w.runner.BudgetCategoryRunner - Starting async budget category creation for month
2026-04-18 10:35:50 INFO  c.a.b.w.BudgetCategoryAsyncService - Creating budget categories for period MONTHLY subBudget 10
2026-04-18 10:35:50 INFO  c.a.b.w.BudgetCategoryAsyncService - Strategy: com.app.budgetbuddy.workbench.MonthlyBudgetCategoryStrategy@6c66a9c4
2026-04-18 10:35:50 INFO  c.a.b.w.MonthlyBudgetCategoryStrategy - Building budget categories for monthly budget
2026-04-18 10:35:50 INFO  c.a.b.w.MonthlyBudgetCategoryStrategy - Transaction Categories: [TransactionsByCategory(categoryName=Gas Bill, categoryExpenseType=null, isSystemCategory=false, priority=null, totalCategorySpending=14.360, transactions=[com.app.budgetbuddy.domain.Transaction@a379da5]), TransactionsByCategory(categoryName=Haircut, categoryExpenseType=null, isSystemCategory=false, priority=null, totalCategorySpending=26.000, transactions=[com.app.budgetbuddy.domain.Transaction@4f06293]), TransactionsByCategory(categoryName=Other, categoryExpenseType=null, isSystemCategory=false, priority=null, totalCategorySpending=49.020, transactions=[com.app.budgetbuddy.domain.Transaction@cff6d5, com.app.budgetbuddy.domain.Transaction@45cd68a8]), TransactionsByCategory(categoryName=Insurance, categoryExpenseType=null, isSystemCategory=false, priority=null, totalCategorySpending=80.070, transactions=[com.app.budgetbuddy.domain.Transaction@73a11f01]), TransactionsByCategory(categoryName=Subscription, categoryExpenseType=null, isSystemCategory=false, priority=null, totalCategorySpending=84.260, transactions=[com.app.budgetbuddy.domain.Transaction@74420f1c, com.app.budgetbuddy.domain.Transaction@bc4261f, com.app.budgetbuddy.domain.Transaction@25e297e7, com.app.budgetbuddy.domain.Transaction@5ec0dd4d, com.app.budgetbuddy.domain.Transaction@3a9e0366, com.app.budgetbuddy.domain.Transaction@10c02ef4, com.app.budgetbuddy.domain.Transaction@21accea4, com.app.budgetbuddy.domain.Transaction@79de4569, com.app.budgetbuddy.domain.Transaction@3391ec07, com.app.budgetbuddy.domain.Transaction@22b7d30f]), TransactionsByCategory(categoryName=Gas, categoryExpenseType=null, isSystemCategory=false, priority=null, totalCategorySpending=85.730, transactions=[com.app.budgetbuddy.domain.Transaction@65a9f013, com.app.budgetbuddy.domain.Transaction@6e5704c2, com.app.budgetbuddy.domain.Transaction@521a2cdb, com.app.budgetbuddy.domain.Transaction@4e29b23c]), TransactionsByCategory(categoryName=Utilities, categoryExpenseType=null, isSystemCategory=false, priority=null, totalCategorySpending=114.180, transactions=[com.app.budgetbuddy.domain.Transaction@642aea82]), TransactionsByCategory(categoryName=Electric, categoryExpenseType=null, isSystemCategory=false, priority=null, totalCategorySpending=120.950, transactions=[com.app.budgetbuddy.domain.Transaction@328d93d1]), TransactionsByCategory(categoryName=Order Out, categoryExpenseType=null, isSystemCategory=false, priority=null, totalCategorySpending=144.730, transactions=[com.app.budgetbuddy.domain.Transaction@31f21daf, com.app.budgetbuddy.domain.Transaction@32c9f1ff, com.app.budgetbuddy.domain.Transaction@10463de, com.app.budgetbuddy.domain.Transaction@5f496b34, com.app.budgetbuddy.domain.Transaction@7ef71a17, com.app.budgetbuddy.domain.Transaction@34c4a3f, com.app.budgetbuddy.domain.Transaction@2174c31b, com.app.budgetbuddy.domain.Transaction@35701cca, com.app.budgetbuddy.domain.Transaction@73119fd1, com.app.budgetbuddy.domain.Transaction@126d3e3e, com.app.budgetbuddy.domain.Transaction@15864b73, com.app.budgetbuddy.domain.Transaction@20a58345, com.app.budgetbuddy.domain.Transaction@5fb57f97]), TransactionsByCategory(categoryName=Payment, categoryExpenseType=null, isSystemCategory=false, priority=null, totalCategorySpending=247.030, transactions=[com.app.budgetbuddy.domain.Transaction@24523691, com.app.budgetbuddy.domain.Transaction@3282cbb, com.app.budgetbuddy.domain.Transaction@f9b3830, com.app.budgetbuddy.domain.Transaction@7ba6b793, com.app.budgetbuddy.domain.Transaction@4e75e0c8, com.app.budgetbuddy.domain.Transaction@c7a5049]), TransactionsByCategory(categoryName=Groceries, categoryExpenseType=null, isSystemCategory=false, priority=null, totalCategorySpending=522.190, transactions=[com.app.budgetbuddy.domain.Transaction@5af6b34e, com.app.budgetbuddy.domain.Transaction@14a29dac, com.app.budgetbuddy.domain.Transaction@75305c50, com.app.budgetbuddy.domain.Transaction@2b16b2a7, com.app.budgetbuddy.domain.Transaction@44150848, com.app.budgetbuddy.domain.Transaction@44daa29b, com.app.budgetbuddy.domain.Transaction@33ffa48c, com.app.budgetbuddy.domain.Transaction@2d62bbde, com.app.budgetbuddy.domain.Transaction@4159b172, com.app.budgetbuddy.domain.Transaction@50061db8, com.app.budgetbuddy.domain.Transaction@1e9308f0, com.app.budgetbuddy.domain.Transaction@2697fcb7, com.app.budgetbuddy.domain.Transaction@2a491b36, com.app.budgetbuddy.domain.Transaction@4ac2381a, com.app.budgetbuddy.domain.Transaction@4c907d3a, com.app.budgetbuddy.domain.Transaction@55fb425b, com.app.budgetbuddy.domain.Transaction@37897379, com.app.budgetbuddy.domain.Transaction@6c508f7a, com.app.budgetbuddy.domain.Transaction@23e65667, com.app.budgetbuddy.domain.Transaction@2c8031da, com.app.budgetbuddy.domain.Transaction@506e9d88, com.app.budgetbuddy.domain.Transaction@38adf3a0]), TransactionsByCategory(categoryName=Income, categoryExpenseType=null, isSystemCategory=false, priority=null, totalCategorySpending=2156.070, transactions=[com.app.budgetbuddy.domain.Transaction@2969cfbc])]
2026-04-18 10:35:50 INFO  c.a.b.w.MonthlyBudgetCategoryStrategy - Spending: [MonthlyCategorySpending(weeklySpending=[DateRangeSpending(dateRange=DateRange(startDate=2025-10-29, endDate=2025-10-31), spentOnRange=120.95)]), MonthlyCategorySpending(weeklySpending=[DateRangeSpending(dateRange=DateRange(startDate=2025-10-08, endDate=2025-10-14), spentOnRange=40.5), DateRangeSpending(dateRange=DateRange(startDate=2025-10-15, endDate=2025-10-21), spentOnRange=23.23), DateRangeSpending(dateRange=DateRange(startDate=2025-10-22, endDate=2025-10-28), spentOnRange=22.0)]), MonthlyCategorySpending(weeklySpending=[DateRangeSpending(dateRange=DateRange(startDate=2025-10-08, endDate=2025-10-14), spentOnRange=14.36)]), MonthlyCategorySpending(weeklySpending=[DateRangeSpending(dateRange=DateRange(startDate=2025-10-01, endDate=2025-10-07), spentOnRange=115.06), DateRangeSpending(dateRange=DateRange(startDate=2025-10-29, endDate=2025-10-31), spentOnRange=1.72), DateRangeSpending(dateRange=DateRange(startDate=2025-10-08, endDate=2025-10-14), spentOnRange=140.59), DateRangeSpending(dateRange=DateRange(startDate=2025-10-15, endDate=2025-10-21), spentOnRange=128.03), DateRangeSpending(dateRange=DateRange(startDate=2025-10-22, endDate=2025-10-28), spentOnRange=136.79)]), MonthlyCategorySpending(weeklySpending=[DateRangeSpending(dateRange=DateRange(startDate=2025-10-15, endDate=2025-10-21), spentOnRange=26.0)]), MonthlyCategorySpending(weeklySpending=[DateRangeSpending(dateRange=DateRange(startDate=2025-10-22, endDate=2025-10-28), spentOnRange=2156.07)]), MonthlyCategorySpending(weeklySpending=[DateRangeSpending(dateRange=DateRange(startDate=2025-10-15, endDate=2025-10-21), spentOnRange=80.07)]), MonthlyCategorySpending(weeklySpending=[DateRangeSpending(dateRange=DateRange(startDate=2025-10-01, endDate=2025-10-07), spentOnRange=48.12), DateRangeSpending(dateRange=DateRange(startDate=2025-10-08, endDate=2025-10-14), spentOnRange=34.46), DateRangeSpending(dateRange=DateRange(startDate=2025-10-15, endDate=2025-10-21), spentOnRange=41.86), DateRangeSpending(dateRange=DateRange(startDate=2025-10-22, endDate=2025-10-28), spentOnRange=20.29)]), MonthlyCategorySpending(weeklySpending=[DateRangeSpending(dateRange=DateRange(startDate=2025-10-01, endDate=2025-10-07), spentOnRange=25.78), DateRangeSpending(dateRange=DateRange(startDate=2025-10-15, endDate=2025-10-21), spentOnRange=23.24)]), MonthlyCategorySpending(weeklySpending=[DateRangeSpending(dateRange=DateRange(startDate=2025-10-01, endDate=2025-10-07), spentOnRange=40.39), DateRangeSpending(dateRange=DateRange(startDate=2025-10-29, endDate=2025-10-31), spentOnRange=22.8), DateRangeSpending(dateRange=DateRange(startDate=2025-10-08, endDate=2025-10-14), spentOnRange=160.0), DateRangeSpending(dateRange=DateRange(startDate=2025-10-15, endDate=2025-10-21), spentOnRange=23.84)]), MonthlyCategorySpending(weeklySpending=[DateRangeSpending(dateRange=DateRange(startDate=2025-10-01, endDate=2025-10-07), spentOnRange=19.43), DateRangeSpending(dateRange=DateRange(startDate=2025-10-29, endDate=2025-10-31), spentOnRange=27.92), DateRangeSpending(dateRange=DateRange(startDate=2025-10-08, endDate=2025-10-14), spentOnRange=11.71), DateRangeSpending(dateRange=DateRange(startDate=2025-10-15, endDate=2025-10-21), spentOnRange=23.6), DateRangeSpending(dateRange=DateRange(startDate=2025-10-22, endDate=2025-10-28), spentOnRange=1.6)]), MonthlyCategorySpending(weeklySpending=[DateRangeSpending(dateRange=DateRange(startDate=2025-10-01, endDate=2025-10-07), spentOnRange=114.18)])]
2026-04-18 10:35:50 INFO  c.a.b.w.b.MonthlyBudgetCategoryBuilderService - Monthly Budget Category Criteria List: [MonthlyBudgetCategoryCriteria(monthlyCategorySpending=MonthlyCategorySpending(weeklySpending=[DateRangeSpending(dateRange=DateRange(startDate=2025-10-29, endDate=2025-10-31), spentOnRange=120.95)])), MonthlyBudgetCategoryCriteria(monthlyCategorySpending=MonthlyCategorySpending(weeklySpending=[DateRangeSpending(dateRange=DateRange(startDate=2025-10-08, endDate=2025-10-14), spentOnRange=40.5), DateRangeSpending(dateRange=DateRange(startDate=2025-10-15, endDate=2025-10-21), spentOnRange=23.23), DateRangeSpending(dateRange=DateRange(startDate=2025-10-22, endDate=2025-10-28), spentOnRange=22.0)])), MonthlyBudgetCategoryCriteria(monthlyCategorySpending=MonthlyCategorySpending(weeklySpending=[DateRangeSpending(dateRange=DateRange(startDate=2025-10-08, endDate=2025-10-14), spentOnRange=14.36)])), MonthlyBudgetCategoryCriteria(monthlyCategorySpending=MonthlyCategorySpending(weeklySpending=[DateRangeSpending(dateRange=DateRange(startDate=2025-10-01, endDate=2025-10-07), spentOnRange=115.06), DateRangeSpending(dateRange=DateRange(startDate=2025-10-29, endDate=2025-10-31), spentOnRange=1.72), DateRangeSpending(dateRange=DateRange(startDate=2025-10-08, endDate=2025-10-14), spentOnRange=140.59), DateRangeSpending(dateRange=DateRange(startDate=2025-10-15, endDate=2025-10-21), spentOnRange=128.03), DateRangeSpending(dateRange=DateRange(startDate=2025-10-22, endDate=2025-10-28), spentOnRange=136.79)])), MonthlyBudgetCategoryCriteria(monthlyCategorySpending=MonthlyCategorySpending(weeklySpending=[DateRangeSpending(dateRange=DateRange(startDate=2025-10-15, endDate=2025-10-21), spentOnRange=26.0)])), MonthlyBudgetCategoryCriteria(monthlyCategorySpending=MonthlyCategorySpending(weeklySpending=[DateRangeSpending(dateRange=DateRange(startDate=2025-10-22, endDate=2025-10-28), spentOnRange=2156.07)])), MonthlyBudgetCategoryCriteria(monthlyCategorySpending=MonthlyCategorySpending(weeklySpending=[DateRangeSpending(dateRange=DateRange(startDate=2025-10-15, endDate=2025-10-21), spentOnRange=80.07)])), MonthlyBudgetCategoryCriteria(monthlyCategorySpending=MonthlyCategorySpending(weeklySpending=[DateRangeSpending(dateRange=DateRange(startDate=2025-10-01, endDate=2025-10-07), spentOnRange=48.12), DateRangeSpending(dateRange=DateRange(startDate=2025-10-08, endDate=2025-10-14), spentOnRange=34.46), DateRangeSpending(dateRange=DateRange(startDate=2025-10-15, endDate=2025-10-21), spentOnRange=41.86), DateRangeSpending(dateRange=DateRange(startDate=2025-10-22, endDate=2025-10-28), spentOnRange=20.29)])), MonthlyBudgetCategoryCriteria(monthlyCategorySpending=MonthlyCategorySpending(weeklySpending=[DateRangeSpending(dateRange=DateRange(startDate=2025-10-01, endDate=2025-10-07), spentOnRange=25.78), DateRangeSpending(dateRange=DateRange(startDate=2025-10-15, endDate=2025-10-21), spentOnRange=23.24)])), MonthlyBudgetCategoryCriteria(monthlyCategorySpending=MonthlyCategorySpending(weeklySpending=[DateRangeSpending(dateRange=DateRange(startDate=2025-10-01, endDate=2025-10-07), spentOnRange=40.39), DateRangeSpending(dateRange=DateRange(startDate=2025-10-29, endDate=2025-10-31), spentOnRange=22.8), DateRangeSpending(dateRange=DateRange(startDate=2025-10-08, endDate=2025-10-14), spentOnRange=160.0), DateRangeSpending(dateRange=DateRange(startDate=2025-10-15, endDate=2025-10-21), spentOnRange=23.84)])), MonthlyBudgetCategoryCriteria(monthlyCategorySpending=MonthlyCategorySpending(weeklySpending=[DateRangeSpending(dateRange=DateRange(startDate=2025-10-01, endDate=2025-10-07), spentOnRange=19.43), DateRangeSpending(dateRange=DateRange(startDate=2025-10-29, endDate=2025-10-31), spentOnRange=27.92), DateRangeSpending(dateRange=DateRange(startDate=2025-10-08, endDate=2025-10-14), spentOnRange=11.71), DateRangeSpending(dateRange=DateRange(startDate=2025-10-15, endDate=2025-10-21), spentOnRange=23.6), DateRangeSpending(dateRange=DateRange(startDate=2025-10-22, endDate=2025-10-28), spentOnRange=1.6)])), MonthlyBudgetCategoryCriteria(monthlyCategorySpending=MonthlyCategorySpending(weeklySpending=[DateRangeSpending(dateRange=DateRange(startDate=2025-10-01, endDate=2025-10-07), spentOnRange=114.18)]))]
2026-04-18 10:35:50 INFO  c.a.b.w.MonthlyBudgetCategoryStrategy - Criteria: [MonthlyBudgetCategoryCriteria(monthlyCategorySpending=MonthlyCategorySpending(weeklySpending=[DateRangeSpending(dateRange=DateRange(startDate=2025-10-29, endDate=2025-10-31), spentOnRange=120.95)])), MonthlyBudgetCategoryCriteria(monthlyCategorySpending=MonthlyCategorySpending(weeklySpending=[DateRangeSpending(dateRange=DateRange(startDate=2025-10-08, endDate=2025-10-14), spentOnRange=40.5), DateRangeSpending(dateRange=DateRange(startDate=2025-10-15, endDate=2025-10-21), spentOnRange=23.23), DateRangeSpending(dateRange=DateRange(startDate=2025-10-22, endDate=2025-10-28), spentOnRange=22.0)])), MonthlyBudgetCategoryCriteria(monthlyCategorySpending=MonthlyCategorySpending(weeklySpending=[DateRangeSpending(dateRange=DateRange(startDate=2025-10-08, endDate=2025-10-14), spentOnRange=14.36)])), MonthlyBudgetCategoryCriteria(monthlyCategorySpending=MonthlyCategorySpending(weeklySpending=[DateRangeSpending(dateRange=DateRange(startDate=2025-10-01, endDate=2025-10-07), spentOnRange=115.06), DateRangeSpending(dateRange=DateRange(startDate=2025-10-29, endDate=2025-10-31), spentOnRange=1.72), DateRangeSpending(dateRange=DateRange(startDate=2025-10-08, endDate=2025-10-14), spentOnRange=140.59), DateRangeSpending(dateRange=DateRange(startDate=2025-10-15, endDate=2025-10-21), spentOnRange=128.03), DateRangeSpending(dateRange=DateRange(startDate=2025-10-22, endDate=2025-10-28), spentOnRange=136.79)])), MonthlyBudgetCategoryCriteria(monthlyCategorySpending=MonthlyCategorySpending(weeklySpending=[DateRangeSpending(dateRange=DateRange(startDate=2025-10-15, endDate=2025-10-21), spentOnRange=26.0)])), MonthlyBudgetCategoryCriteria(monthlyCategorySpending=MonthlyCategorySpending(weeklySpending=[DateRangeSpending(dateRange=DateRange(startDate=2025-10-22, endDate=2025-10-28), spentOnRange=2156.07)])), MonthlyBudgetCategoryCriteria(monthlyCategorySpending=MonthlyCategorySpending(weeklySpending=[DateRangeSpending(dateRange=DateRange(startDate=2025-10-15, endDate=2025-10-21), spentOnRange=80.07)])), MonthlyBudgetCategoryCriteria(monthlyCategorySpending=MonthlyCategorySpending(weeklySpending=[DateRangeSpending(dateRange=DateRange(startDate=2025-10-01, endDate=2025-10-07), spentOnRange=48.12), DateRangeSpending(dateRange=DateRange(startDate=2025-10-08, endDate=2025-10-14), spentOnRange=34.46), DateRangeSpending(dateRange=DateRange(startDate=2025-10-15, endDate=2025-10-21), spentOnRange=41.86), DateRangeSpending(dateRange=DateRange(startDate=2025-10-22, endDate=2025-10-28), spentOnRange=20.29)])), MonthlyBudgetCategoryCriteria(monthlyCategorySpending=MonthlyCategorySpending(weeklySpending=[DateRangeSpending(dateRange=DateRange(startDate=2025-10-01, endDate=2025-10-07), spentOnRange=25.78), DateRangeSpending(dateRange=DateRange(startDate=2025-10-15, endDate=2025-10-21), spentOnRange=23.24)])), MonthlyBudgetCategoryCriteria(monthlyCategorySpending=MonthlyCategorySpending(weeklySpending=[DateRangeSpending(dateRange=DateRange(startDate=2025-10-01, endDate=2025-10-07), spentOnRange=40.39), DateRangeSpending(dateRange=DateRange(startDate=2025-10-29, endDate=2025-10-31), spentOnRange=22.8), DateRangeSpending(dateRange=DateRange(startDate=2025-10-08, endDate=2025-10-14), spentOnRange=160.0), DateRangeSpending(dateRange=DateRange(startDate=2025-10-15, endDate=2025-10-21), spentOnRange=23.84)])), MonthlyBudgetCategoryCriteria(monthlyCategorySpending=MonthlyCategorySpending(weeklySpending=[DateRangeSpending(dateRange=DateRange(startDate=2025-10-01, endDate=2025-10-07), spentOnRange=19.43), DateRangeSpending(dateRange=DateRange(startDate=2025-10-29, endDate=2025-10-31), spentOnRange=27.92), DateRangeSpending(dateRange=DateRange(startDate=2025-10-08, endDate=2025-10-14), spentOnRange=11.71), DateRangeSpending(dateRange=DateRange(startDate=2025-10-15, endDate=2025-10-21), spentOnRange=23.6), DateRangeSpending(dateRange=DateRange(startDate=2025-10-22, endDate=2025-10-28), spentOnRange=1.6)])), MonthlyBudgetCategoryCriteria(monthlyCategorySpending=MonthlyCategorySpending(weeklySpending=[DateRangeSpending(dateRange=DateRange(startDate=2025-10-01, endDate=2025-10-07), spentOnRange=114.18)]))]
2026-04-18 10:35:50 INFO  c.a.b.w.b.MonthlyBudgetCategoryBuilderService - Monthly Budget Category Criteria: [MonthlyBudgetCategoryCriteria(monthlyCategorySpending=MonthlyCategorySpending(weeklySpending=[DateRangeSpending(dateRange=DateRange(startDate=2025-10-29, endDate=2025-10-31), spentOnRange=120.95)])), MonthlyBudgetCategoryCriteria(monthlyCategorySpending=MonthlyCategorySpending(weeklySpending=[DateRangeSpending(dateRange=DateRange(startDate=2025-10-08, endDate=2025-10-14), spentOnRange=40.5), DateRangeSpending(dateRange=DateRange(startDate=2025-10-15, endDate=2025-10-21), spentOnRange=23.23), DateRangeSpending(dateRange=DateRange(startDate=2025-10-22, endDate=2025-10-28), spentOnRange=22.0)])), MonthlyBudgetCategoryCriteria(monthlyCategorySpending=MonthlyCategorySpending(weeklySpending=[DateRangeSpending(dateRange=DateRange(startDate=2025-10-08, endDate=2025-10-14), spentOnRange=14.36)])), MonthlyBudgetCategoryCriteria(monthlyCategorySpending=MonthlyCategorySpending(weeklySpending=[DateRangeSpending(dateRange=DateRange(startDate=2025-10-01, endDate=2025-10-07), spentOnRange=115.06), DateRangeSpending(dateRange=DateRange(startDate=2025-10-29, endDate=2025-10-31), spentOnRange=1.72), DateRangeSpending(dateRange=DateRange(startDate=2025-10-08, endDate=2025-10-14), spentOnRange=140.59), DateRangeSpending(dateRange=DateRange(startDate=2025-10-15, endDate=2025-10-21), spentOnRange=128.03), DateRangeSpending(dateRange=DateRange(startDate=2025-10-22, endDate=2025-10-28), spentOnRange=136.79)])), MonthlyBudgetCategoryCriteria(monthlyCategorySpending=MonthlyCategorySpending(weeklySpending=[DateRangeSpending(dateRange=DateRange(startDate=2025-10-15, endDate=2025-10-21), spentOnRange=26.0)])), MonthlyBudgetCategoryCriteria(monthlyCategorySpending=MonthlyCategorySpending(weeklySpending=[DateRangeSpending(dateRange=DateRange(startDate=2025-10-22, endDate=2025-10-28), spentOnRange=2156.07)])), MonthlyBudgetCategoryCriteria(monthlyCategorySpending=MonthlyCategorySpending(weeklySpending=[DateRangeSpending(dateRange=DateRange(startDate=2025-10-15, endDate=2025-10-21), spentOnRange=80.07)])), MonthlyBudgetCategoryCriteria(monthlyCategorySpending=MonthlyCategorySpending(weeklySpending=[DateRangeSpending(dateRange=DateRange(startDate=2025-10-01, endDate=2025-10-07), spentOnRange=48.12), DateRangeSpending(dateRange=DateRange(startDate=2025-10-08, endDate=2025-10-14), spentOnRange=34.46), DateRangeSpending(dateRange=DateRange(startDate=2025-10-15, endDate=2025-10-21), spentOnRange=41.86), DateRangeSpending(dateRange=DateRange(startDate=2025-10-22, endDate=2025-10-28), spentOnRange=20.29)])), MonthlyBudgetCategoryCriteria(monthlyCategorySpending=MonthlyCategorySpending(weeklySpending=[DateRangeSpending(dateRange=DateRange(startDate=2025-10-01, endDate=2025-10-07), spentOnRange=25.78), DateRangeSpending(dateRange=DateRange(startDate=2025-10-15, endDate=2025-10-21), spentOnRange=23.24)])), MonthlyBudgetCategoryCriteria(monthlyCategorySpending=MonthlyCategorySpending(weeklySpending=[DateRangeSpending(dateRange=DateRange(startDate=2025-10-01, endDate=2025-10-07), spentOnRange=40.39), DateRangeSpending(dateRange=DateRange(startDate=2025-10-29, endDate=2025-10-31), spentOnRange=22.8), DateRangeSpending(dateRange=DateRange(startDate=2025-10-08, endDate=2025-10-14), spentOnRange=160.0), DateRangeSpending(dateRange=DateRange(startDate=2025-10-15, endDate=2025-10-21), spentOnRange=23.84)])), MonthlyBudgetCategoryCriteria(monthlyCategorySpending=MonthlyCategorySpending(weeklySpending=[DateRangeSpending(dateRange=DateRange(startDate=2025-10-01, endDate=2025-10-07), spentOnRange=19.43), DateRangeSpending(dateRange=DateRange(startDate=2025-10-29, endDate=2025-10-31), spentOnRange=27.92), DateRangeSpending(dateRange=DateRange(startDate=2025-10-08, endDate=2025-10-14), spentOnRange=11.71), DateRangeSpending(dateRange=DateRange(startDate=2025-10-15, endDate=2025-10-21), spentOnRange=23.6), DateRangeSpending(dateRange=DateRange(startDate=2025-10-22, endDate=2025-10-28), spentOnRange=1.6)])), MonthlyBudgetCategoryCriteria(monthlyCategorySpending=MonthlyCategorySpending(weeklySpending=[DateRangeSpending(dateRange=DateRange(startDate=2025-10-01, endDate=2025-10-07), spentOnRange=114.18)]))]
2026-04-18 10:35:50 INFO  c.a.b.w.b.BudgetEstimatorService - Budget Start: 2025-10-01
2026-04-18 10:35:50 INFO  c.a.b.w.b.BudgetEstimatorService - Monthly Income: 3096.08
2026-04-18 10:35:50 INFO  c.a.b.w.b.BudgetEstimatorService - No historical data found for category budget calculation
2026-04-18 10:35:50 INFO  c.a.b.w.s.HistoricalDataEngine - Fetching transactions for month: 2025-09-01 - 2025-09-30
2026-04-18 10:35:50 INFO  c.a.b.w.s.HistoricalDataEngine - Fetching transactions for month: 2025-08-01 - 2025-08-31
2026-04-18 10:35:50 INFO  c.a.b.w.s.HistoricalDataEngine - Fetching transactions for month: 2025-07-01 - 2025-07-31
2026-04-18 10:35:50 INFO  c.a.b.w.s.HistoricalDataEngine - Fetching transactions for month: 2025-06-01 - 2025-06-30
2026-04-18 10:35:51 INFO  c.a.b.w.s.HistoricalDataEngine - Fetching transactions for month: 2025-05-01 - 2025-05-31
2026-04-18 10:35:51 INFO  c.a.b.w.s.HistoricalDataEngine - Fetching transactions for month: 2025-04-01 - 2025-04-30
2026-04-18 10:35:51 INFO  c.a.b.w.s.HistoricalDataEngine - Aggregated Spending: []
2026-04-18 10:35:51 INFO  c.a.b.w.b.BudgetEstimatorService - Category Budget Amounts: []
2026-04-18 10:35:51 INFO  c.a.b.w.b.BudgetEstimatorService - Budget Start: 2025-10-01
2026-04-18 10:35:51 INFO  c.a.b.w.b.BudgetEstimatorService - Monthly Income: 3096.08
2026-04-18 10:35:51 INFO  c.a.b.w.b.BudgetEstimatorService - No historical data found for category budget calculation
2026-04-18 10:35:51 INFO  c.a.b.w.s.HistoricalDataEngine - Fetching transactions for month: 2025-09-01 - 2025-09-30
2026-04-18 10:35:51 INFO  c.a.b.w.s.HistoricalDataEngine - Fetching transactions for month: 2025-08-01 - 2025-08-31
2026-04-18 10:35:51 INFO  c.a.b.w.s.HistoricalDataEngine - Fetching transactions for month: 2025-07-01 - 2025-07-31
2026-04-18 10:35:51 INFO  c.a.b.w.s.HistoricalDataEngine - Fetching transactions for month: 2025-06-01 - 2025-06-30
2026-04-18 10:35:51 INFO  c.a.b.w.s.HistoricalDataEngine - Fetching transactions for month: 2025-05-01 - 2025-05-31
2026-04-18 10:35:51 INFO  c.a.b.w.s.HistoricalDataEngine - Fetching transactions for month: 2025-04-01 - 2025-04-30
2026-04-18 10:35:51 INFO  c.a.b.w.s.HistoricalDataEngine - Aggregated Spending: []
2026-04-18 10:35:51 INFO  c.a.b.w.b.BudgetEstimatorService - Category Budget Amounts: []
2026-04-18 10:35:51 INFO  c.a.b.w.b.BudgetEstimatorService - Budget Start: 2025-10-01
2026-04-18 10:35:51 INFO  c.a.b.w.b.BudgetEstimatorService - Monthly Income: 3096.08
2026-04-18 10:35:51 INFO  c.a.b.w.b.BudgetEstimatorService - No historical data found for category budget calculation
2026-04-18 10:35:51 INFO  c.a.b.w.s.HistoricalDataEngine - Fetching transactions for month: 2025-09-01 - 2025-09-30
2026-04-18 10:35:51 INFO  c.a.b.w.s.HistoricalDataEngine - Fetching transactions for month: 2025-08-01 - 2025-08-31
2026-04-18 10:35:51 INFO  c.a.b.w.s.HistoricalDataEngine - Fetching transactions for month: 2025-07-01 - 2025-07-31
2026-04-18 10:35:52 INFO  c.a.b.w.s.HistoricalDataEngine - Fetching transactions for month: 2025-06-01 - 2025-06-30
2026-04-18 10:35:52 INFO  c.a.b.w.s.HistoricalDataEngine - Fetching transactions for month: 2025-05-01 - 2025-05-31
2026-04-18 10:35:52 INFO  c.a.b.w.s.HistoricalDataEngine - Fetching transactions for month: 2025-04-01 - 2025-04-30
2026-04-18 10:35:52 INFO  c.a.b.w.s.HistoricalDataEngine - Aggregated Spending: []
2026-04-18 10:35:52 INFO  c.a.b.w.b.BudgetEstimatorService - Category Budget Amounts: []
2026-04-18 10:35:52 INFO  c.a.b.w.b.BudgetEstimatorService - Budget Start: 2025-10-01
2026-04-18 10:35:52 INFO  c.a.b.w.b.BudgetEstimatorService - Monthly Income: 3096.08
2026-04-18 10:35:52 INFO  c.a.b.w.b.BudgetEstimatorService - No historical data found for category budget calculation
2026-04-18 10:35:52 INFO  c.a.b.w.s.HistoricalDataEngine - Fetching transactions for month: 2025-09-01 - 2025-09-30
2026-04-18 10:35:52 INFO  c.a.b.w.s.HistoricalDataEngine - Fetching transactions for month: 2025-08-01 - 2025-08-31
2026-04-18 10:35:52 INFO  c.a.b.w.s.HistoricalDataEngine - Fetching transactions for month: 2025-07-01 - 2025-07-31
2026-04-18 10:35:52 INFO  c.a.b.w.s.HistoricalDataEngine - Fetching transactions for month: 2025-06-01 - 2025-06-30
2026-04-18 10:35:52 INFO  c.a.b.w.s.HistoricalDataEngine - Fetching transactions for month: 2025-05-01 - 2025-05-31
2026-04-18 10:35:52 INFO  c.a.b.w.s.HistoricalDataEngine - Fetching transactions for month: 2025-04-01 - 2025-04-30
2026-04-18 10:35:52 INFO  c.a.b.w.s.HistoricalDataEngine - Aggregated Spending: []
2026-04-18 10:35:52 INFO  c.a.b.w.b.BudgetEstimatorService - Category Budget Amounts: []
2026-04-18 10:35:52 INFO  c.a.b.w.b.BudgetEstimatorService - Budget Start: 2025-10-01
2026-04-18 10:35:52 INFO  c.a.b.w.b.BudgetEstimatorService - Monthly Income: 3096.08
2026-04-18 10:35:52 INFO  c.a.b.w.b.BudgetEstimatorService - No historical data found for category budget calculation
2026-04-18 10:35:52 INFO  c.a.b.w.s.HistoricalDataEngine - Fetching transactions for month: 2025-09-01 - 2025-09-30
2026-04-18 10:35:53 INFO  c.a.b.w.s.HistoricalDataEngine - Fetching transactions for month: 2025-08-01 - 2025-08-31
2026-04-18 10:35:53 INFO  c.a.b.w.s.HistoricalDataEngine - Fetching transactions for month: 2025-07-01 - 2025-07-31
2026-04-18 10:35:53 INFO  c.a.b.w.s.HistoricalDataEngine - Fetching transactions for month: 2025-06-01 - 2025-06-30
2026-04-18 10:35:53 INFO  c.a.b.w.s.HistoricalDataEngine - Fetching transactions for month: 2025-05-01 - 2025-05-31
2026-04-18 10:35:53 INFO  c.a.b.w.s.HistoricalDataEngine - Fetching transactions for month: 2025-04-01 - 2025-04-30
2026-04-18 10:35:53 INFO  c.a.b.w.s.HistoricalDataEngine - Aggregated Spending: []
2026-04-18 10:35:53 INFO  c.a.b.w.b.BudgetEstimatorService - Category Budget Amounts: []
2026-04-18 10:35:53 INFO  c.a.b.w.b.BudgetEstimatorService - Budget Start: 2025-10-01
2026-04-18 10:35:53 INFO  c.a.b.w.b.BudgetEstimatorService - Monthly Income: 3096.08
2026-04-18 10:35:53 INFO  c.a.b.w.b.BudgetEstimatorService - No historical data found for category budget calculation
2026-04-18 10:35:53 INFO  c.a.b.w.s.HistoricalDataEngine - Fetching transactions for month: 2025-09-01 - 2025-09-30
2026-04-18 10:35:53 INFO  c.a.b.w.s.HistoricalDataEngine - Fetching transactions for month: 2025-08-01 - 2025-08-31
2026-04-18 10:35:53 INFO  c.a.b.w.s.HistoricalDataEngine - Fetching transactions for month: 2025-07-01 - 2025-07-31
2026-04-18 10:35:53 INFO  c.a.b.w.s.HistoricalDataEngine - Fetching transactions for month: 2025-06-01 - 2025-06-30
2026-04-18 10:35:53 INFO  c.a.b.w.s.HistoricalDataEngine - Fetching transactions for month: 2025-05-01 - 2025-05-31
2026-04-18 10:35:53 INFO  c.a.b.w.s.HistoricalDataEngine - Fetching transactions for month: 2025-04-01 - 2025-04-30
2026-04-18 10:35:54 INFO  c.a.b.w.s.HistoricalDataEngine - Aggregated Spending: []
2026-04-18 10:35:54 INFO  c.a.b.w.b.BudgetEstimatorService - Category Budget Amounts: []
2026-04-18 10:35:54 INFO  c.a.b.w.b.BudgetEstimatorService - Budget Start: 2025-10-01
2026-04-18 10:35:54 INFO  c.a.b.w.b.BudgetEstimatorService - Monthly Income: 3096.08
2026-04-18 10:35:54 INFO  c.a.b.w.b.BudgetEstimatorService - No historical data found for category budget calculation
2026-04-18 10:35:54 INFO  c.a.b.w.s.HistoricalDataEngine - Fetching transactions for month: 2025-09-01 - 2025-09-30
2026-04-18 10:35:54 INFO  c.a.b.w.s.HistoricalDataEngine - Fetching transactions for month: 2025-08-01 - 2025-08-31
2026-04-18 10:35:54 INFO  c.a.b.w.s.HistoricalDataEngine - Fetching transactions for month: 2025-07-01 - 2025-07-31
2026-04-18 10:35:54 INFO  c.a.b.w.s.HistoricalDataEngine - Fetching transactions for month: 2025-06-01 - 2025-06-30
2026-04-18 10:35:54 INFO  c.a.b.w.s.HistoricalDataEngine - Fetching transactions for month: 2025-05-01 - 2025-05-31
2026-04-18 10:35:54 INFO  c.a.b.w.s.HistoricalDataEngine - Fetching transactions for month: 2025-04-01 - 2025-04-30
2026-04-18 10:35:54 INFO  c.a.b.w.s.HistoricalDataEngine - Aggregated Spending: []
2026-04-18 10:35:54 INFO  c.a.b.w.b.BudgetEstimatorService - Category Budget Amounts: []
2026-04-18 10:35:54 INFO  c.a.b.w.b.BudgetEstimatorService - Budget Start: 2025-10-01
2026-04-18 10:35:54 INFO  c.a.b.w.b.BudgetEstimatorService - Monthly Income: 3096.08
2026-04-18 10:35:54 INFO  c.a.b.w.b.BudgetEstimatorService - No historical data found for category budget calculation
2026-04-18 10:35:54 INFO  c.a.b.w.s.HistoricalDataEngine - Fetching transactions for month: 2025-09-01 - 2025-09-30
2026-04-18 10:35:54 INFO  c.a.b.w.s.HistoricalDataEngine - Fetching transactions for month: 2025-08-01 - 2025-08-31
2026-04-18 10:35:54 INFO  c.a.b.w.s.HistoricalDataEngine - Fetching transactions for month: 2025-07-01 - 2025-07-31
2026-04-18 10:35:54 INFO  c.a.b.w.s.HistoricalDataEngine - Fetching transactions for month: 2025-06-01 - 2025-06-30
2026-04-18 10:35:54 INFO  c.a.b.w.s.HistoricalDataEngine - Fetching transactions for month: 2025-05-01 - 2025-05-31
2026-04-18 10:35:55 INFO  c.a.b.w.s.HistoricalDataEngine - Fetching transactions for month: 2025-04-01 - 2025-04-30
2026-04-18 10:35:55 INFO  c.a.b.w.s.HistoricalDataEngine - Aggregated Spending: []
2026-04-18 10:35:55 INFO  c.a.b.w.b.BudgetEstimatorService - Category Budget Amounts: []
2026-04-18 10:35:55 INFO  c.a.b.w.b.BudgetEstimatorService - Budget Start: 2025-10-01
2026-04-18 10:35:55 INFO  c.a.b.w.b.BudgetEstimatorService - Monthly Income: 3096.08
2026-04-18 10:35:55 INFO  c.a.b.w.b.BudgetEstimatorService - No historical data found for category budget calculation
2026-04-18 10:35:55 INFO  c.a.b.w.s.HistoricalDataEngine - Fetching transactions for month: 2025-09-01 - 2025-09-30
2026-04-18 10:35:55 INFO  c.a.b.w.s.HistoricalDataEngine - Fetching transactions for month: 2025-08-01 - 2025-08-31
2026-04-18 10:35:55 INFO  c.a.b.w.s.HistoricalDataEngine - Fetching transactions for month: 2025-07-01 - 2025-07-31
2026-04-18 10:35:55 INFO  c.a.b.w.s.HistoricalDataEngine - Fetching transactions for month: 2025-06-01 - 2025-06-30
2026-04-18 10:35:55 INFO  c.a.b.w.s.HistoricalDataEngine - Fetching transactions for month: 2025-05-01 - 2025-05-31
2026-04-18 10:35:55 INFO  c.a.b.w.s.HistoricalDataEngine - Fetching transactions for month: 2025-04-01 - 2025-04-30
2026-04-18 10:35:55 INFO  c.a.b.w.s.HistoricalDataEngine - Aggregated Spending: []
2026-04-18 10:35:55 INFO  c.a.b.w.b.BudgetEstimatorService - Category Budget Amounts: []
2026-04-18 10:35:55 INFO  c.a.b.w.b.BudgetEstimatorService - Budget Start: 2025-10-01
2026-04-18 10:35:55 INFO  c.a.b.w.b.BudgetEstimatorService - Monthly Income: 3096.08
2026-04-18 10:35:55 INFO  c.a.b.w.b.BudgetEstimatorService - No historical data found for category budget calculation
2026-04-18 10:35:55 INFO  c.a.b.w.s.HistoricalDataEngine - Fetching transactions for month: 2025-09-01 - 2025-09-30
2026-04-18 10:35:55 INFO  c.a.b.w.s.HistoricalDataEngine - Fetching transactions for month: 2025-08-01 - 2025-08-31
2026-04-18 10:35:55 INFO  c.a.b.w.s.HistoricalDataEngine - Fetching transactions for month: 2025-07-01 - 2025-07-31
2026-04-18 10:35:55 INFO  c.a.b.w.s.HistoricalDataEngine - Fetching transactions for month: 2025-06-01 - 2025-06-30
2026-04-18 10:35:56 INFO  c.a.b.w.s.HistoricalDataEngine - Fetching transactions for month: 2025-05-01 - 2025-05-31
2026-04-18 10:35:56 INFO  c.a.b.w.s.HistoricalDataEngine - Fetching transactions for month: 2025-04-01 - 2025-04-30
2026-04-18 10:35:56 INFO  c.a.b.w.s.HistoricalDataEngine - Aggregated Spending: []
2026-04-18 10:35:56 INFO  c.a.b.w.b.BudgetEstimatorService - Category Budget Amounts: []
2026-04-18 10:35:56 INFO  c.a.b.w.b.BudgetEstimatorService - Budget Start: 2025-10-01
2026-04-18 10:35:56 INFO  c.a.b.w.b.BudgetEstimatorService - Monthly Income: 3096.08
2026-04-18 10:35:56 INFO  c.a.b.w.b.BudgetEstimatorService - No historical data found for category budget calculation
2026-04-18 10:35:56 INFO  c.a.b.w.s.HistoricalDataEngine - Fetching transactions for month: 2025-09-01 - 2025-09-30
2026-04-18 10:35:56 INFO  c.a.b.w.s.HistoricalDataEngine - Fetching transactions for month: 2025-08-01 - 2025-08-31
2026-04-18 10:35:56 INFO  c.a.b.w.s.HistoricalDataEngine - Fetching transactions for month: 2025-07-01 - 2025-07-31
2026-04-18 10:35:56 INFO  c.a.b.w.s.HistoricalDataEngine - Fetching transactions for month: 2025-06-01 - 2025-06-30
2026-04-18 10:35:56 INFO  c.a.b.w.s.HistoricalDataEngine - Fetching transactions for month: 2025-05-01 - 2025-05-31
2026-04-18 10:35:56 INFO  c.a.b.w.s.HistoricalDataEngine - Fetching transactions for month: 2025-04-01 - 2025-04-30
2026-04-18 10:35:56 INFO  c.a.b.w.s.HistoricalDataEngine - Aggregated Spending: []
2026-04-18 10:35:56 INFO  c.a.b.w.b.BudgetEstimatorService - Category Budget Amounts: []
2026-04-18 10:35:56 INFO  c.a.b.w.b.BudgetEstimatorService - Budget Start: 2025-10-01
2026-04-18 10:35:56 INFO  c.a.b.w.b.BudgetEstimatorService - Monthly Income: 3096.08
2026-04-18 10:35:56 INFO  c.a.b.w.b.BudgetEstimatorService - No historical data found for category budget calculation
2026-04-18 10:35:56 INFO  c.a.b.w.s.HistoricalDataEngine - Fetching transactions for month: 2025-09-01 - 2025-09-30
2026-04-18 10:35:56 INFO  c.a.b.w.s.HistoricalDataEngine - Fetching transactions for month: 2025-08-01 - 2025-08-31
2026-04-18 10:35:57 INFO  c.a.b.w.s.HistoricalDataEngine - Fetching transactions for month: 2025-07-01 - 2025-07-31
2026-04-18 10:35:57 INFO  c.a.b.w.s.HistoricalDataEngine - Fetching transactions for month: 2025-06-01 - 2025-06-30
2026-04-18 10:35:57 WARN  o.s.w.s.m.s.DefaultHandlerExceptionResolver - Ignoring exception, response committed already: org.springframework.http.converter.HttpMessageNotWritableException: Could not write JSON: Document nesting depth (1001) exceeds the maximum allowed (1000, from `StreamWriteConstraints.getMaxNestingDepth()`)
2026-04-18 10:35:57 WARN  o.s.w.s.m.s.DefaultHandlerExceptionResolver - Resolved [org.springframework.http.converter.HttpMessageNotWritableException: Could not write JSON: Document nesting depth (1001) exceeds the maximum allowed (1000, from `StreamWriteConstraints.getMaxNestingDepth()`)]
2026-04-18 10:35:57 WARN  o.s.w.s.m.s.DefaultHandlerExceptionResolver - Ignoring exception, response committed already: org.springframework.http.converter.HttpMessageNotWritableException: Could not write JSON: Document nesting depth (1001) exceeds the maximum allowed (1000, from `StreamWriteConstraints.getMaxNestingDepth()`)
2026-04-18 10:35:57 WARN  o.s.w.s.m.s.DefaultHandlerExceptionResolver - Resolved [org.springframework.http.converter.HttpMessageNotWritableException: Could not write JSON: Document nesting depth (1001) exceeds the maximum allowed (1000, from `StreamWriteConstraints.getMaxNestingDepth()`)]
2026-04-18 10:35:57 INFO  c.a.b.w.s.HistoricalDataEngine - Fetching transactions for month: 2025-05-01 - 2025-05-31
2026-04-18 10:35:57 INFO  c.a.b.w.s.HistoricalDataEngine - Fetching transactions for month: 2025-04-01 - 2025-04-30
2026-04-18 10:35:57 INFO  c.a.b.w.s.HistoricalDataEngine - Aggregated Spending: []
2026-04-18 10:35:57 INFO  c.a.b.w.b.BudgetEstimatorService - Category Budget Amounts: []
2026-04-18 10:35:57 INFO  c.a.b.w.b.MonthlyBudgetCategoryBuilderService - Unique Budget Categories: 29
2026-04-18 10:35:57 INFO  c.a.b.w.MonthlyBudgetCategoryStrategy - Built budget categories: [BudgetCategory(id=null, subBudgetId=10, categoryName=Other, budgetedAmount=0.0, budgetActual=23.24, isActive=true, startDate=2025-10-15, endDate=2025-10-21, overSpendingAmount=0.0, isOverSpent=false, userId=null, transactions=[com.app.budgetbuddy.domain.Transaction@45cd68a8]), BudgetCategory(id=null, subBudgetId=10, categoryName=Insurance, budgetedAmount=0.0, budgetActual=80.07, isActive=true, startDate=2025-10-15, endDate=2025-10-21, overSpendingAmount=0.0, isOverSpent=false, userId=null, transactions=[com.app.budgetbuddy.domain.Transaction@73a11f01]), BudgetCategory(id=null, subBudgetId=10, categoryName=Payment, budgetedAmount=0.0, budgetActual=160.0, isActive=true, startDate=2025-10-08, endDate=2025-10-14, overSpendingAmount=0.0, isOverSpent=false, userId=null, transactions=[com.app.budgetbuddy.domain.Transaction@f9b3830]), BudgetCategory(id=null, subBudgetId=10, categoryName=Gas, budgetedAmount=0.0, budgetActual=40.5, isActive=true, startDate=2025-10-08, endDate=2025-10-14, overSpendingAmount=0.0, isOverSpent=false, userId=null, transactions=[com.app.budgetbuddy.domain.Transaction@65a9f013, com.app.budgetbuddy.domain.Transaction@6e5704c2]), BudgetCategory(id=null, subBudgetId=10, categoryName=Utilities, budgetedAmount=0.0, budgetActual=114.18, isActive=true, startDate=2025-10-01, endDate=2025-10-07, overSpendingAmount=0.0, isOverSpent=false, userId=null, transactions=[com.app.budgetbuddy.domain.Transaction@642aea82]), BudgetCategory(id=null, subBudgetId=10, categoryName=Subscription, budgetedAmount=0.0, budgetActual=19.43, isActive=true, startDate=2025-10-01, endDate=2025-10-07, overSpendingAmount=0.0, isOverSpent=false, userId=null, transactions=[com.app.budgetbuddy.domain.Transaction@74420f1c, com.app.budgetbuddy.domain.Transaction@bc4261f, com.app.budgetbuddy.domain.Transaction@25e297e7]), BudgetCategory(id=null, subBudgetId=10, categoryName=Haircut, budgetedAmount=0.0, budgetActual=26.0, isActive=true, startDate=2025-10-15, endDate=2025-10-21, overSpendingAmount=0.0, isOverSpent=false, userId=null, transactions=[com.app.budgetbuddy.domain.Transaction@4f06293]), BudgetCategory(id=null, subBudgetId=10, categoryName=Order Out, budgetedAmount=0.0, budgetActual=48.12, isActive=true, startDate=2025-10-01, endDate=2025-10-07, overSpendingAmount=0.0, isOverSpent=false, userId=null, transactions=[com.app.budgetbuddy.domain.Transaction@31f21daf, com.app.budgetbuddy.domain.Transaction@32c9f1ff, com.app.budgetbuddy.domain.Transaction@10463de, com.app.budgetbuddy.domain.Transaction@5f496b34]), BudgetCategory(id=null, subBudgetId=10, categoryName=Gas, budgetedAmount=0.0, budgetActual=22.0, isActive=true, startDate=2025-10-22, endDate=2025-10-28, overSpendingAmount=0.0, isOverSpent=false, userId=null, transactions=[com.app.budgetbuddy.domain.Transaction@4e29b23c]), BudgetCategory(id=null, subBudgetId=10, categoryName=Electric, budgetedAmount=0.0, budgetActual=120.95, isActive=true, startDate=2025-10-29, endDate=2025-10-31, overSpendingAmount=0.0, isOverSpent=false, userId=null, transactions=[com.app.budgetbuddy.domain.Transaction@328d93d1]), BudgetCategory(id=null, subBudgetId=10, categoryName=Groceries, budgetedAmount=0.0, budgetActual=140.59, isActive=true, startDate=2025-10-08, endDate=2025-10-14, overSpendingAmount=0.0, isOverSpent=false, userId=null, transactions=[com.app.budgetbuddy.domain.Transaction@33ffa48c, com.app.budgetbuddy.domain.Transaction@2d62bbde, com.app.budgetbuddy.domain.Transaction@4159b172, com.app.budgetbuddy.domain.Transaction@50061db8, com.app.budgetbuddy.domain.Transaction@1e9308f0]), BudgetCategory(id=null, subBudgetId=10, categoryName=Other, budgetedAmount=0.0, budgetActual=25.78, isActive=true, startDate=2025-10-01, endDate=2025-10-07, overSpendingAmount=0.0, isOverSpent=false, userId=null, transactions=[com.app.budgetbuddy.domain.Transaction@cff6d5]), BudgetCategory(id=null, subBudgetId=10, categoryName=Subscription, budgetedAmount=0.0, budgetActual=11.71, isActive=true, startDate=2025-10-08, endDate=2025-10-14, overSpendingAmount=0.0, isOverSpent=false, userId=null, transactions=[com.app.budgetbuddy.domain.Transaction@5ec0dd4d]), BudgetCategory(id=null, subBudgetId=10, categoryName=Order Out, budgetedAmount=0.0, budgetActual=34.46, isActive=true, startDate=2025-10-08, endDate=2025-10-14, overSpendingAmount=0.0, isOverSpent=false, userId=null, transactions=[com.app.budgetbuddy.domain.Transaction@7ef71a17, com.app.budgetbuddy.domain.Transaction@34c4a3f, com.app.budgetbuddy.domain.Transaction@2174c31b, com.app.budgetbuddy.domain.Transaction@35701cca]), BudgetCategory(id=null, subBudgetId=10, categoryName=Groceries, budgetedAmount=0.0, budgetActual=136.79, isActive=true, startDate=2025-10-22, endDate=2025-10-28, overSpendingAmount=0.0, isOverSpent=false, userId=null, transactions=[com.app.budgetbuddy.domain.Transaction@6c508f7a, com.app.budgetbuddy.domain.Transaction@23e65667, com.app.budgetbuddy.domain.Transaction@2c8031da, com.app.budgetbuddy.domain.Transaction@506e9d88]), BudgetCategory(id=null, subBudgetId=10, categoryName=Income, budgetedAmount=0.0, budgetActual=2156.07, isActive=true, startDate=2025-10-22, endDate=2025-10-28, overSpendingAmount=0.0, isOverSpent=false, userId=null, transactions=[com.app.budgetbuddy.domain.Transaction@2969cfbc]), BudgetCategory(id=null, subBudgetId=10, categoryName=Gas Bill, budgetedAmount=0.0, budgetActual=14.36, isActive=true, startDate=2025-10-08, endDate=2025-10-14, overSpendingAmount=0.0, isOverSpent=false, userId=null, transactions=[com.app.budgetbuddy.domain.Transaction@a379da5]), BudgetCategory(id=null, subBudgetId=10, categoryName=Groceries, budgetedAmount=0.0, budgetActual=115.06, isActive=true, startDate=2025-10-01, endDate=2025-10-07, overSpendingAmount=0.0, isOverSpent=false, userId=null, transactions=[com.app.budgetbuddy.domain.Transaction@5af6b34e, com.app.budgetbuddy.domain.Transaction@14a29dac, com.app.budgetbuddy.domain.Transaction@75305c50, com.app.budgetbuddy.domain.Transaction@2b16b2a7, com.app.budgetbuddy.domain.Transaction@44150848, com.app.budgetbuddy.domain.Transaction@44daa29b]), BudgetCategory(id=null, subBudgetId=10, categoryName=Payment, budgetedAmount=0.0, budgetActual=40.39, isActive=true, startDate=2025-10-01, endDate=2025-10-07, overSpendingAmount=0.0, isOverSpent=false, userId=null, transactions=[com.app.budgetbuddy.domain.Transaction@24523691, com.app.budgetbuddy.domain.Transaction@3282cbb]), BudgetCategory(id=null, subBudgetId=10, categoryName=Subscription, budgetedAmount=0.0, budgetActual=23.6, isActive=true, startDate=2025-10-15, endDate=2025-10-21, overSpendingAmount=0.0, isOverSpent=false, userId=null, transactions=[com.app.budgetbuddy.domain.Transaction@3a9e0366, com.app.budgetbuddy.domain.Transaction@10c02ef4]), BudgetCategory(id=null, subBudgetId=10, categoryName=Payment, budgetedAmount=0.0, budgetActual=22.8, isActive=true, startDate=2025-10-29, endDate=2025-10-31, overSpendingAmount=0.0, isOverSpent=false, userId=null, transactions=[com.app.budgetbuddy.domain.Transaction@4e75e0c8, com.app.budgetbuddy.domain.Transaction@c7a5049]), BudgetCategory(id=null, subBudgetId=10, categoryName=Order Out, budgetedAmount=0.0, budgetActual=20.29, isActive=true, startDate=2025-10-22, endDate=2025-10-28, overSpendingAmount=0.0, isOverSpent=false, userId=null, transactions=[com.app.budgetbuddy.domain.Transaction@20a58345, com.app.budgetbuddy.domain.Transaction@5fb57f97]), BudgetCategory(id=null, subBudgetId=10, categoryName=Subscription, budgetedAmount=0.0, budgetActual=1.6, isActive=true, startDate=2025-10-22, endDate=2025-10-28, overSpendingAmount=0.0, isOverSpent=false, userId=null, transactions=[com.app.budgetbuddy.domain.Transaction@21accea4]), BudgetCategory(id=null, subBudgetId=10, categoryName=Gas, budgetedAmount=0.0, budgetActual=23.23, isActive=true, startDate=2025-10-15, endDate=2025-10-21, overSpendingAmount=0.0, isOverSpent=false, userId=null, transactions=[com.app.budgetbuddy.domain.Transaction@521a2cdb]), BudgetCategory(id=null, subBudgetId=10, categoryName=Groceries, budgetedAmount=0.0, budgetActual=1.72, isActive=true, startDate=2025-10-29, endDate=2025-10-31, overSpendingAmount=0.0, isOverSpent=false, userId=null, transactions=[com.app.budgetbuddy.domain.Transaction@38adf3a0]), BudgetCategory(id=null, subBudgetId=10, categoryName=Order Out, budgetedAmount=0.0, budgetActual=41.86, isActive=true, startDate=2025-10-15, endDate=2025-10-21, overSpendingAmount=0.0, isOverSpent=false, userId=null, transactions=[com.app.budgetbuddy.domain.Transaction@73119fd1, com.app.budgetbuddy.domain.Transaction@126d3e3e, com.app.budgetbuddy.domain.Transaction@15864b73]), BudgetCategory(id=null, subBudgetId=10, categoryName=Payment, budgetedAmount=0.0, budgetActual=23.84, isActive=true, startDate=2025-10-15, endDate=2025-10-21, overSpendingAmount=0.0, isOverSpent=false, userId=null, transactions=[com.app.budgetbuddy.domain.Transaction@7ba6b793]), BudgetCategory(id=null, subBudgetId=10, categoryName=Subscription, budgetedAmount=0.0, budgetActual=27.92, isActive=true, startDate=2025-10-29, endDate=2025-10-31, overSpendingAmount=0.0, isOverSpent=false, userId=null, transactions=[com.app.budgetbuddy.domain.Transaction@79de4569, com.app.budgetbuddy.domain.Transaction@3391ec07, com.app.budgetbuddy.domain.Transaction@22b7d30f]), BudgetCategory(id=null, subBudgetId=10, categoryName=Groceries, budgetedAmount=0.0, budgetActual=128.03, isActive=true, startDate=2025-10-15, endDate=2025-10-21, overSpendingAmount=0.0, isOverSpent=false, userId=null, transactions=[com.app.budgetbuddy.domain.Transaction@2697fcb7, com.app.budgetbuddy.domain.Transaction@2a491b36, com.app.budgetbuddy.domain.Transaction@4ac2381a, com.app.budgetbuddy.domain.Transaction@4c907d3a, com.app.budgetbuddy.domain.Transaction@55fb425b, com.app.budgetbuddy.domain.Transaction@37897379])]
2026-04-18 10:35:57 INFO  c.a.b.w.BudgetCategoryAsyncService - Budget Categories: [BudgetCategory(id=null, subBudgetId=10, categoryName=Other, budgetedAmount=0.0, budgetActual=23.24, isActive=true, startDate=2025-10-15, endDate=2025-10-21, overSpendingAmount=0.0, isOverSpent=false, userId=null, transactions=[com.app.budgetbuddy.domain.Transaction@45cd68a8]), BudgetCategory(id=null, subBudgetId=10, categoryName=Insurance, budgetedAmount=0.0, budgetActual=80.07, isActive=true, startDate=2025-10-15, endDate=2025-10-21, overSpendingAmount=0.0, isOverSpent=false, userId=null, transactions=[com.app.budgetbuddy.domain.Transaction@73a11f01]), BudgetCategory(id=null, subBudgetId=10, categoryName=Payment, budgetedAmount=0.0, budgetActual=160.0, isActive=true, startDate=2025-10-08, endDate=2025-10-14, overSpendingAmount=0.0, isOverSpent=false, userId=null, transactions=[com.app.budgetbuddy.domain.Transaction@f9b3830]), BudgetCategory(id=null, subBudgetId=10, categoryName=Gas, budgetedAmount=0.0, budgetActual=40.5, isActive=true, startDate=2025-10-08, endDate=2025-10-14, overSpendingAmount=0.0, isOverSpent=false, userId=null, transactions=[com.app.budgetbuddy.domain.Transaction@65a9f013, com.app.budgetbuddy.domain.Transaction@6e5704c2]), BudgetCategory(id=null, subBudgetId=10, categoryName=Utilities, budgetedAmount=0.0, budgetActual=114.18, isActive=true, startDate=2025-10-01, endDate=2025-10-07, overSpendingAmount=0.0, isOverSpent=false, userId=null, transactions=[com.app.budgetbuddy.domain.Transaction@642aea82]), BudgetCategory(id=null, subBudgetId=10, categoryName=Subscription, budgetedAmount=0.0, budgetActual=19.43, isActive=true, startDate=2025-10-01, endDate=2025-10-07, overSpendingAmount=0.0, isOverSpent=false, userId=null, transactions=[com.app.budgetbuddy.domain.Transaction@74420f1c, com.app.budgetbuddy.domain.Transaction@bc4261f, com.app.budgetbuddy.domain.Transaction@25e297e7]), BudgetCategory(id=null, subBudgetId=10, categoryName=Haircut, budgetedAmount=0.0, budgetActual=26.0, isActive=true, startDate=2025-10-15, endDate=2025-10-21, overSpendingAmount=0.0, isOverSpent=false, userId=null, transactions=[com.app.budgetbuddy.domain.Transaction@4f06293]), BudgetCategory(id=null, subBudgetId=10, categoryName=Order Out, budgetedAmount=0.0, budgetActual=48.12, isActive=true, startDate=2025-10-01, endDate=2025-10-07, overSpendingAmount=0.0, isOverSpent=false, userId=null, transactions=[com.app.budgetbuddy.domain.Transaction@31f21daf, com.app.budgetbuddy.domain.Transaction@32c9f1ff, com.app.budgetbuddy.domain.Transaction@10463de, com.app.budgetbuddy.domain.Transaction@5f496b34]), BudgetCategory(id=null, subBudgetId=10, categoryName=Gas, budgetedAmount=0.0, budgetActual=22.0, isActive=true, startDate=2025-10-22, endDate=2025-10-28, overSpendingAmount=0.0, isOverSpent=false, userId=null, transactions=[com.app.budgetbuddy.domain.Transaction@4e29b23c]), BudgetCategory(id=null, subBudgetId=10, categoryName=Electric, budgetedAmount=0.0, budgetActual=120.95, isActive=true, startDate=2025-10-29, endDate=2025-10-31, overSpendingAmount=0.0, isOverSpent=false, userId=null, transactions=[com.app.budgetbuddy.domain.Transaction@328d93d1]), BudgetCategory(id=null, subBudgetId=10, categoryName=Groceries, budgetedAmount=0.0, budgetActual=140.59, isActive=true, startDate=2025-10-08, endDate=2025-10-14, overSpendingAmount=0.0, isOverSpent=false, userId=null, transactions=[com.app.budgetbuddy.domain.Transaction@33ffa48c, com.app.budgetbuddy.domain.Transaction@2d62bbde, com.app.budgetbuddy.domain.Transaction@4159b172, com.app.budgetbuddy.domain.Transaction@50061db8, com.app.budgetbuddy.domain.Transaction@1e9308f0]), BudgetCategory(id=null, subBudgetId=10, categoryName=Other, budgetedAmount=0.0, budgetActual=25.78, isActive=true, startDate=2025-10-01, endDate=2025-10-07, overSpendingAmount=0.0, isOverSpent=false, userId=null, transactions=[com.app.budgetbuddy.domain.Transaction@cff6d5]), BudgetCategory(id=null, subBudgetId=10, categoryName=Subscription, budgetedAmount=0.0, budgetActual=11.71, isActive=true, startDate=2025-10-08, endDate=2025-10-14, overSpendingAmount=0.0, isOverSpent=false, userId=null, transactions=[com.app.budgetbuddy.domain.Transaction@5ec0dd4d]), BudgetCategory(id=null, subBudgetId=10, categoryName=Order Out, budgetedAmount=0.0, budgetActual=34.46, isActive=true, startDate=2025-10-08, endDate=2025-10-14, overSpendingAmount=0.0, isOverSpent=false, userId=null, transactions=[com.app.budgetbuddy.domain.Transaction@7ef71a17, com.app.budgetbuddy.domain.Transaction@34c4a3f, com.app.budgetbuddy.domain.Transaction@2174c31b, com.app.budgetbuddy.domain.Transaction@35701cca]), BudgetCategory(id=null, subBudgetId=10, categoryName=Groceries, budgetedAmount=0.0, budgetActual=136.79, isActive=true, startDate=2025-10-22, endDate=2025-10-28, overSpendingAmount=0.0, isOverSpent=false, userId=null, transactions=[com.app.budgetbuddy.domain.Transaction@6c508f7a, com.app.budgetbuddy.domain.Transaction@23e65667, com.app.budgetbuddy.domain.Transaction@2c8031da, com.app.budgetbuddy.domain.Transaction@506e9d88]), BudgetCategory(id=null, subBudgetId=10, categoryName=Income, budgetedAmount=0.0, budgetActual=2156.07, isActive=true, startDate=2025-10-22, endDate=2025-10-28, overSpendingAmount=0.0, isOverSpent=false, userId=null, transactions=[com.app.budgetbuddy.domain.Transaction@2969cfbc]), BudgetCategory(id=null, subBudgetId=10, categoryName=Gas Bill, budgetedAmount=0.0, budgetActual=14.36, isActive=true, startDate=2025-10-08, endDate=2025-10-14, overSpendingAmount=0.0, isOverSpent=false, userId=null, transactions=[com.app.budgetbuddy.domain.Transaction@a379da5]), BudgetCategory(id=null, subBudgetId=10, categoryName=Groceries, budgetedAmount=0.0, budgetActual=115.06, isActive=true, startDate=2025-10-01, endDate=2025-10-07, overSpendingAmount=0.0, isOverSpent=false, userId=null, transactions=[com.app.budgetbuddy.domain.Transaction@5af6b34e, com.app.budgetbuddy.domain.Transaction@14a29dac, com.app.budgetbuddy.domain.Transaction@75305c50, com.app.budgetbuddy.domain.Transaction@2b16b2a7, com.app.budgetbuddy.domain.Transaction@44150848, com.app.budgetbuddy.domain.Transaction@44daa29b]), BudgetCategory(id=null, subBudgetId=10, categoryName=Payment, budgetedAmount=0.0, budgetActual=40.39, isActive=true, startDate=2025-10-01, endDate=2025-10-07, overSpendingAmount=0.0, isOverSpent=false, userId=null, transactions=[com.app.budgetbuddy.domain.Transaction@24523691, com.app.budgetbuddy.domain.Transaction@3282cbb]), BudgetCategory(id=null, subBudgetId=10, categoryName=Subscription, budgetedAmount=0.0, budgetActual=23.6, isActive=true, startDate=2025-10-15, endDate=2025-10-21, overSpendingAmount=0.0, isOverSpent=false, userId=null, transactions=[com.app.budgetbuddy.domain.Transaction@3a9e0366, com.app.budgetbuddy.domain.Transaction@10c02ef4]), BudgetCategory(id=null, subBudgetId=10, categoryName=Payment, budgetedAmount=0.0, budgetActual=22.8, isActive=true, startDate=2025-10-29, endDate=2025-10-31, overSpendingAmount=0.0, isOverSpent=false, userId=null, transactions=[com.app.budgetbuddy.domain.Transaction@4e75e0c8, com.app.budgetbuddy.domain.Transaction@c7a5049]), BudgetCategory(id=null, subBudgetId=10, categoryName=Order Out, budgetedAmount=0.0, budgetActual=20.29, isActive=true, startDate=2025-10-22, endDate=2025-10-28, overSpendingAmount=0.0, isOverSpent=false, userId=null, transactions=[com.app.budgetbuddy.domain.Transaction@20a58345, com.app.budgetbuddy.domain.Transaction@5fb57f97]), BudgetCategory(id=null, subBudgetId=10, categoryName=Subscription, budgetedAmount=0.0, budgetActual=1.6, isActive=true, startDate=2025-10-22, endDate=2025-10-28, overSpendingAmount=0.0, isOverSpent=false, userId=null, transactions=[com.app.budgetbuddy.domain.Transaction@21accea4]), BudgetCategory(id=null, subBudgetId=10, categoryName=Gas, budgetedAmount=0.0, budgetActual=23.23, isActive=true, startDate=2025-10-15, endDate=2025-10-21, overSpendingAmount=0.0, isOverSpent=false, userId=null, transactions=[com.app.budgetbuddy.domain.Transaction@521a2cdb]), BudgetCategory(id=null, subBudgetId=10, categoryName=Groceries, budgetedAmount=0.0, budgetActual=1.72, isActive=true, startDate=2025-10-29, endDate=2025-10-31, overSpendingAmount=0.0, isOverSpent=false, userId=null, transactions=[com.app.budgetbuddy.domain.Transaction@38adf3a0]), BudgetCategory(id=null, subBudgetId=10, categoryName=Order Out, budgetedAmount=0.0, budgetActual=41.86, isActive=true, startDate=2025-10-15, endDate=2025-10-21, overSpendingAmount=0.0, isOverSpent=false, userId=null, transactions=[com.app.budgetbuddy.domain.Transaction@73119fd1, com.app.budgetbuddy.domain.Transaction@126d3e3e, com.app.budgetbuddy.domain.Transaction@15864b73]), BudgetCategory(id=null, subBudgetId=10, categoryName=Payment, budgetedAmount=0.0, budgetActual=23.84, isActive=true, startDate=2025-10-15, endDate=2025-10-21, overSpendingAmount=0.0, isOverSpent=false, userId=null, transactions=[com.app.budgetbuddy.domain.Transaction@7ba6b793]), BudgetCategory(id=null, subBudgetId=10, categoryName=Subscription, budgetedAmount=0.0, budgetActual=27.92, isActive=true, startDate=2025-10-29, endDate=2025-10-31, overSpendingAmount=0.0, isOverSpent=false, userId=null, transactions=[com.app.budgetbuddy.domain.Transaction@79de4569, com.app.budgetbuddy.domain.Transaction@3391ec07, com.app.budgetbuddy.domain.Transaction@22b7d30f]), BudgetCategory(id=null, subBudgetId=10, categoryName=Groceries, budgetedAmount=0.0, budgetActual=128.03, isActive=true, startDate=2025-10-15, endDate=2025-10-21, overSpendingAmount=0.0, isOverSpent=false, userId=null, transactions=[com.app.budgetbuddy.domain.Transaction@2697fcb7, com.app.budgetbuddy.domain.Transaction@2a491b36, com.app.budgetbuddy.domain.Transaction@4ac2381a, com.app.budgetbuddy.domain.Transaction@4c907d3a, com.app.budgetbuddy.domain.Transaction@55fb425b, com.app.budgetbuddy.domain.Transaction@37897379])]
2026-04-18 10:35:58 WARN  o.s.w.s.m.s.DefaultHandlerExceptionResolver - Ignoring exception, response committed already: org.springframework.http.converter.HttpMessageNotWritableException: Could not write JSON: Document nesting depth (1001) exceeds the maximum allowed (1000, from `StreamWriteConstraints.getMaxNestingDepth()`)
2026-04-18 10:35:58 WARN  o.s.w.s.m.s.DefaultHandlerExceptionResolver - Resolved [org.springframework.http.converter.HttpMessageNotWritableException: Could not write JSON: Document nesting depth (1001) exceeds the maximum allowed (1000, from `StreamWriteConstraints.getMaxNestingDepth()`)]
2026-04-18 10:35:58 INFO  c.a.b.c.BudgetPlannerController - Budget templates: [BPTemplate(id=2, templateType=INCOME_STD, period=BIWEEKLY, bpGoalsDetail=null, bpTemplateDetail=BPTemplateDetail(id=2, templateId=2, layoutGrid=BPLayoutGrid[columns=[BPColumn(columnIndex=0, dateRange=DateRange(startDate=2026-03-11, endDate=2026-03-24), period=INCOME, columnType=ACTUAL, isHeader=false)], rows=[BPGridRow[category=Gas, type=BUDGET, cells=[BPGridCell[columnIndex=0, dateRange=DateRange(startDate=2026-03-11, endDate=2026-03-24), actual=28.85, budgeted=56.43, isBalance=true, isEditable=true]]], BPGridRow[category=Groceries, type=BUDGET, cells=[BPGridCell[columnIndex=0, dateRange=DateRange(startDate=2026-03-11, endDate=2026-03-24), actual=8.29, budgeted=512.90, isBalance=true, isEditable=true]]], BPGridRow[category=Haircut, type=BUDGET, cells=[BPGridCell[columnIndex=0, dateRange=DateRange(startDate=2026-03-11, endDate=2026-03-24), actual=27.00, budgeted=39.50, isBalance=true, isEditable=true]]], BPGridRow[category=Insurance, type=BUDGET, cells=[BPGridCell[columnIndex=0, dateRange=DateRange(startDate=2026-03-11, endDate=2026-03-24), actual=140.20, budgeted=74.76, isBalance=true, isEditable=true]]], BPGridRow[category=Order Out, type=BUDGET, cells=[BPGridCell[columnIndex=0, dateRange=DateRange(startDate=2026-03-11, endDate=2026-03-24), actual=42.04, budgeted=118.99, isBalance=true, isEditable=true]]], BPGridRow[category=Other, type=BUDGET, cells=[BPGridCell[columnIndex=0, dateRange=DateRange(startDate=2026-03-11, endDate=2026-03-24), actual=38.08, budgeted=185.24, isBalance=true, isEditable=true]]], BPGridRow[category=Payment, type=BUDGET, cells=[BPGridCell[columnIndex=0, dateRange=DateRange(startDate=2026-03-11, endDate=2026-03-24), actual=103.66, budgeted=427.71, isBalance=true, isEditable=true]]], BPGridRow[category=Subscription, type=BUDGET, cells=[BPGridCell[columnIndex=0, dateRange=DateRange(startDate=2026-03-11, endDate=2026-03-24), actual=14.99, budgeted=73.07, isBalance=true, isEditable=true]]], BPGridRow[category=Salary, type=INCOME, cells=[BPGridCell[columnIndex=0, dateRange=DateRange(startDate=2026-03-11, endDate=2026-03-24), actual=null, budgeted=0.00, isBalance=true, isEditable=true]]], BPGridRow[category=Expenses, type=EXPENSE, cells=[BPGridCell[columnIndex=0, dateRange=DateRange(startDate=2026-03-11, endDate=2026-03-24), actual=null, budgeted=0.00, isBalance=true, isEditable=true]]], BPGridRow[category=Balance, type=BALANCE, cells=[BPGridCell[columnIndex=0, dateRange=DateRange(startDate=2026-03-11, endDate=2026-03-24), actual=0.00, budgeted=0.00, isBalance=true, isEditable=true]]]]], layoutType=CLASSIC, lastUpdated=null, createdAt=null, enableSync=false), active=true, isSaved=true), BPTemplate(id=1, templateType=MONTHLY_STD, period=MONTHLY, bpGoalsDetail=null, bpTemplateDetail=BPTemplateDetail(id=1, templateId=1, layoutGrid=BPLayoutGrid[columns=[BPColumn(columnIndex=0, dateRange=DateRange(startDate=2025-11-01, endDate=2025-11-30), period=MONTHLY, columnType=ACTUAL, isHeader=false), BPColumn(columnIndex=1, dateRange=DateRange(startDate=2025-12-01, endDate=2025-12-31), period=MONTHLY, columnType=ACTUAL, isHeader=false), BPColumn(columnIndex=2, dateRange=DateRange(startDate=2026-01-01, endDate=2026-01-31), period=MONTHLY, columnType=ACTUAL, isHeader=false), BPColumn(columnIndex=3, dateRange=DateRange(startDate=2026-02-01, endDate=2026-02-28), period=MONTHLY, columnType=ACTUAL, isHeader=false), BPColumn(columnIndex=4, dateRange=DateRange(startDate=2026-03-01, endDate=2026-03-31), period=MONTHLY, columnType=ACTUAL, isHeader=false), BPColumn(columnIndex=5, dateRange=DateRange(startDate=2026-04-01, endDate=2026-04-30), period=MONTHLY, columnType=ACTUAL, isHeader=false)], rows=[BPGridRow[category=Gas, type=BUDGET, cells=[BPGridCell[columnIndex=0, dateRange=DateRange(startDate=2025-11-01, endDate=2025-11-30), actual=104.45, budgeted=0.00, isBalance=true, isEditable=true], BPGridCell[columnIndex=1, dateRange=DateRange(startDate=2025-12-01, endDate=2025-12-31), actual=66.75, budgeted=219.36, isBalance=true, isEditable=true], BPGridCell[columnIndex=2, dateRange=DateRange(startDate=2026-01-01, endDate=2026-01-31), actual=75.21, budgeted=239.68, isBalance=true, isEditable=true], BPGridCell[columnIndex=3, dateRange=DateRange(startDate=2026-02-01, endDate=2026-02-28), actual=76.05, budgeted=230.00, isBalance=true, isEditable=true], BPGridCell[columnIndex=4, dateRange=DateRange(startDate=2026-03-01, endDate=2026-03-31), actual=97.85, budgeted=225.72, isBalance=true, isEditable=true], BPGridCell[columnIndex=5, dateRange=DateRange(startDate=2026-04-01, endDate=2026-04-30), actual=62.66, budgeted=112.86, isBalance=true, isEditable=true]]], BPGridRow[category=Gas Bill, type=BUDGET, cells=[BPGridCell[columnIndex=0, dateRange=DateRange(startDate=2025-11-01, endDate=2025-11-30), actual=16.50, budgeted=0.00, isBalance=true, isEditable=true], BPGridCell[columnIndex=1, dateRange=DateRange(startDate=2025-12-01, endDate=2025-12-31), actual=20.75, budgeted=16.50, isBalance=true, isEditable=true], BPGridCell[columnIndex=2, dateRange=DateRange(startDate=2026-01-01, endDate=2026-01-31), actual=35.11, budgeted=18.63, isBalance=true, isEditable=true], BPGridCell[columnIndex=3, dateRange=DateRange(startDate=2026-02-01, endDate=2026-02-28), actual=52.75, budgeted=24.12, isBalance=true, isEditable=true], BPGridCell[columnIndex=4, dateRange=DateRange(startDate=2026-03-01, endDate=2026-03-31), actual=35.41, budgeted=31.28, isBalance=true, isEditable=true], BPGridCell[columnIndex=5, dateRange=DateRange(startDate=2026-04-01, endDate=2026-04-30), actual=25.19, budgeted=31.28, isBalance=true, isEditable=true]]], BPGridRow[category=Groceries, type=BUDGET, cells=[BPGridCell[columnIndex=0, dateRange=DateRange(startDate=2025-11-01, endDate=2025-11-30), actual=724.01, budgeted=0.00, isBalance=true, isEditable=true], BPGridCell[columnIndex=1, dateRange=DateRange(startDate=2025-12-01, endDate=2025-12-31), actual=573.44, budgeted=2027.24, isBalance=true, isEditable=true], BPGridCell[columnIndex=2, dateRange=DateRange(startDate=2026-01-01, endDate=2026-01-31), actual=905.34, budgeted=2270.55, isBalance=true, isEditable=true], BPGridCell[columnIndex=3, dateRange=DateRange(startDate=2026-02-01, endDate=2026-02-28), actual=497.44, budgeted=2055.92, isBalance=true, isEditable=true], BPGridCell[columnIndex=4, dateRange=DateRange(startDate=2026-03-01, endDate=2026-03-31), actual=411.08, budgeted=2564.50, isBalance=true, isEditable=true], BPGridCell[columnIndex=5, dateRange=DateRange(startDate=2026-04-01, endDate=2026-04-30), actual=316.01, budgeted=1025.80, isBalance=true, isEditable=true]]], BPGridRow[category=Haircut, type=BUDGET, cells=[BPGridCell[columnIndex=0, dateRange=DateRange(startDate=2025-11-01, endDate=2025-11-30), actual=52.00, budgeted=0.00, isBalance=true, isEditable=true], BPGridCell[columnIndex=1, dateRange=DateRange(startDate=2025-12-01, endDate=2025-12-31), actual=52.00, budgeted=104.00, isBalance=true, isEditable=true], BPGridCell[columnIndex=2, dateRange=DateRange(startDate=2026-01-01, endDate=2026-01-31), actual=54.00, budgeted=104.00, isBalance=true, isEditable=true], BPGridCell[columnIndex=4, dateRange=DateRange(startDate=2026-03-01, endDate=2026-03-31), actual=83.00, budgeted=118.50, isBalance=true, isEditable=true]]], BPGridRow[category=Insurance, type=BUDGET, cells=[BPGridCell[columnIndex=0, dateRange=DateRange(startDate=2025-11-01, endDate=2025-11-30), actual=80.07, budgeted=0.00, isBalance=true, isEditable=true], BPGridCell[columnIndex=1, dateRange=DateRange(startDate=2025-12-01, endDate=2025-12-31), actual=77.29, budgeted=80.07, isBalance=true, isEditable=true], BPGridCell[columnIndex=2, dateRange=DateRange(startDate=2026-01-01, endDate=2026-01-31), actual=74.52, budgeted=78.68, isBalance=true, isEditable=true], BPGridCell[columnIndex=3, dateRange=DateRange(startDate=2026-02-01, endDate=2026-02-28), actual=67.14, budgeted=77.29, isBalance=true, isEditable=true], BPGridCell[columnIndex=4, dateRange=DateRange(startDate=2026-03-01, endDate=2026-03-31), actual=140.20, budgeted=74.76, isBalance=true, isEditable=true], BPGridCell[columnIndex=5, dateRange=DateRange(startDate=2026-04-01, endDate=2026-04-30), actual=70.10, budgeted=74.76, isBalance=true, isEditable=true]]], BPGridRow[category=Order Out, type=BUDGET, cells=[BPGridCell[columnIndex=0, dateRange=DateRange(startDate=2025-11-01, endDate=2025-11-30), actual=220.43, budgeted=0.00, isBalance=true, isEditable=true], BPGridCell[columnIndex=1, dateRange=DateRange(startDate=2025-12-01, endDate=2025-12-31), actual=177.05, budgeted=977.85, isBalance=true, isEditable=true], BPGridCell[columnIndex=2, dateRange=DateRange(startDate=2026-01-01, endDate=2026-01-31), actual=216.95, budgeted=504.10, isBalance=true, isEditable=true], BPGridCell[columnIndex=3, dateRange=DateRange(startDate=2026-02-01, endDate=2026-02-28), actual=105.79, budgeted=471.36, isBalance=true, isEditable=true], BPGridCell[columnIndex=4, dateRange=DateRange(startDate=2026-03-01, endDate=2026-03-31), actual=181.64, budgeted=590.42, isBalance=true, isEditable=true], BPGridCell[columnIndex=5, dateRange=DateRange(startDate=2026-04-01, endDate=2026-04-30), actual=84.83, budgeted=355.46, isBalance=true, isEditable=true]]], BPGridRow[category=Other, type=BUDGET, cells=[BPGridCell[columnIndex=0, dateRange=DateRange(startDate=2025-11-01, endDate=2025-11-30), actual=829.84, budgeted=0.00, isBalance=true, isEditable=true], BPGridCell[columnIndex=1, dateRange=DateRange(startDate=2025-12-01, endDate=2025-12-31), actual=344.10, budgeted=637.88, isBalance=true, isEditable=true], BPGridCell[columnIndex=2, dateRange=DateRange(startDate=2026-01-01, endDate=2026-01-31), actual=198.21, budgeted=1444.40, isBalance=true, isEditable=true], BPGridCell[columnIndex=3, dateRange=DateRange(startDate=2026-02-01, endDate=2026-02-28), actual=34.95, budgeted=716.49, isBalance=true, isEditable=true], BPGridCell[columnIndex=4, dateRange=DateRange(startDate=2026-03-01, endDate=2026-03-31), actual=52.68, budgeted=555.72, isBalance=true, isEditable=true], BPGridCell[columnIndex=5, dateRange=DateRange(startDate=2026-04-01, endDate=2026-04-30), actual=109.76, budgeted=528.04, isBalance=true, isEditable=true]]], BPGridRow[category=Payment, type=BUDGET, cells=[BPGridCell[columnIndex=0, dateRange=DateRange(startDate=2025-11-01, endDate=2025-11-30), actual=567.18, budgeted=0.00, isBalance=true, isEditable=true], BPGridCell[columnIndex=1, dateRange=DateRange(startDate=2025-12-01, endDate=2025-12-31), actual=1045.03, budgeted=1359.80, isBalance=true, isEditable=true], BPGridCell[columnIndex=2, dateRange=DateRange(startDate=2026-01-01, endDate=2026-01-31), actual=692.13, budgeted=2508.70, isBalance=true, isEditable=true], BPGridCell[columnIndex=3, dateRange=DateRange(startDate=2026-02-01, endDate=2026-02-28), actual=351.97, budgeted=1803.28, isBalance=true, isEditable=true], BPGridCell[columnIndex=4, dateRange=DateRange(startDate=2026-03-01, endDate=2026-03-31), actual=374.49, budgeted=1283.13, isBalance=true, isEditable=true], BPGridCell[columnIndex=5, dateRange=DateRange(startDate=2026-04-01, endDate=2026-04-30), actual=328.83, budgeted=1283.13, isBalance=true, isEditable=true]]], BPGridRow[category=Rent, type=BUDGET, cells=[BPGridCell[columnIndex=0, dateRange=DateRange(startDate=2025-11-01, endDate=2025-11-30), actual=1927.03, budgeted=0.00, isBalance=true, isEditable=true], BPGridCell[columnIndex=1, dateRange=DateRange(startDate=2025-12-01, endDate=2025-12-31), actual=1927.03, budgeted=2697.84, isBalance=true, isEditable=true], BPGridCell[columnIndex=2, dateRange=DateRange(startDate=2026-01-01, endDate=2026-01-31), actual=1927.03, budgeted=2697.84, isBalance=true, isEditable=true], BPGridCell[columnIndex=3, dateRange=DateRange(startDate=2026-02-01, endDate=2026-02-28), actual=1927.03, budgeted=1229.22, isBalance=true, isEditable=true], BPGridCell[columnIndex=4, dateRange=DateRange(startDate=2026-03-01, endDate=2026-03-31), actual=1927.03, budgeted=1933.60, isBalance=true, isEditable=true], BPGridCell[columnIndex=5, dateRange=DateRange(startDate=2026-04-01, endDate=2026-04-30), actual=1220.03, budgeted=798.19, isBalance=true, isEditable=true]]], BPGridRow[category=Subscription, type=BUDGET, cells=[BPGridCell[columnIndex=0, dateRange=DateRange(startDate=2025-11-01, endDate=2025-11-30), actual=59.55, budgeted=0.00, isBalance=true, isEditable=true], BPGridCell[columnIndex=1, dateRange=DateRange(startDate=2025-12-01, endDate=2025-12-31), actual=95.35, budgeted=160.84, isBalance=true, isEditable=true], BPGridCell[columnIndex=2, dateRange=DateRange(startDate=2026-01-01, endDate=2026-01-31), actual=143.31, budgeted=132.55, isBalance=true, isEditable=true], BPGridCell[columnIndex=3, dateRange=DateRange(startDate=2026-02-01, endDate=2026-02-28), actual=105.19, budgeted=222.44, isBalance=true, isEditable=true], BPGridCell[columnIndex=4, dateRange=DateRange(startDate=2026-03-01, endDate=2026-03-31), actual=170.32, budgeted=292.28, isBalance=true, isEditable=true], BPGridCell[columnIndex=5, dateRange=DateRange(startDate=2026-04-01, endDate=2026-04-30), actual=142.55, budgeted=219.21, isBalance=true, isEditable=true]]], BPGridRow[category=Utilities, type=BUDGET, cells=[BPGridCell[columnIndex=0, dateRange=DateRange(startDate=2025-11-01, endDate=2025-11-30), actual=129.93, budgeted=0.00, isBalance=true, isEditable=true], BPGridCell[columnIndex=1, dateRange=DateRange(startDate=2025-12-01, endDate=2025-12-31), actual=123.60, budgeted=129.93, isBalance=true, isEditable=true], BPGridCell[columnIndex=2, dateRange=DateRange(startDate=2026-01-01, endDate=2026-01-31), actual=127.71, budgeted=126.77, isBalance=true, isEditable=true], BPGridCell[columnIndex=3, dateRange=DateRange(startDate=2026-02-01, endDate=2026-02-28), actual=265.08, budgeted=254.16, isBalance=true, isEditable=true], BPGridCell[columnIndex=4, dateRange=DateRange(startDate=2026-03-01, endDate=2026-03-31), actual=131.26, budgeted=161.58, isBalance=true, isEditable=true]]], BPGridRow[category=Electric, type=BUDGET, cells=[BPGridCell[columnIndex=1, dateRange=DateRange(startDate=2025-12-01, endDate=2025-12-31), actual=61.77, budgeted=0.00, isBalance=true, isEditable=true], BPGridCell[columnIndex=2, dateRange=DateRange(startDate=2026-01-01, endDate=2026-01-31), actual=63.89, budgeted=30.89, isBalance=true, isEditable=true], BPGridCell[columnIndex=3, dateRange=DateRange(startDate=2026-02-01, endDate=2026-02-28), actual=52.77, budgeted=41.89, isBalance=true, isEditable=true], BPGridCell[columnIndex=5, dateRange=DateRange(startDate=2026-04-01, endDate=2026-04-30), actual=74.87, budgeted=44.61, isBalance=true, isEditable=true]]], BPGridRow[category=Trip, type=BUDGET, cells=[BPGridCell[columnIndex=1, dateRange=DateRange(startDate=2025-12-01, endDate=2025-12-31), actual=30.90, budgeted=0.00, isBalance=true, isEditable=true]]], BPGridRow[category=To Go, type=BUDGET, cells=[BPGridCell[columnIndex=2, dateRange=DateRange(startDate=2026-01-01, endDate=2026-01-31), actual=8.43, budgeted=0.00, isBalance=true, isEditable=true], BPGridCell[columnIndex=3, dateRange=DateRange(startDate=2026-02-01, endDate=2026-02-28), actual=8.43, budgeted=1.97, isBalance=true, isEditable=true]]], BPGridRow[category=Salary, type=INCOME, cells=[BPGridCell[columnIndex=0, dateRange=DateRange(startDate=2025-11-01, endDate=2025-11-30), actual=2551.46, budgeted=0.00, isBalance=true, isEditable=true], BPGridCell[columnIndex=1, dateRange=DateRange(startDate=2025-12-01, endDate=2025-12-31), actual=5896.54, budgeted=0.00, isBalance=true, isEditable=true], BPGridCell[columnIndex=2, dateRange=DateRange(startDate=2026-01-01, endDate=2026-01-31), actual=3909.06, budgeted=0.00, isBalance=true, isEditable=true], BPGridCell[columnIndex=3, dateRange=DateRange(startDate=2026-02-01, endDate=2026-02-28), actual=3937.09, budgeted=0.00, isBalance=true, isEditable=true], BPGridCell[columnIndex=4, dateRange=DateRange(startDate=2026-03-01, endDate=2026-03-31), actual=1988.27, budgeted=0.00, isBalance=true, isEditable=true], BPGridCell[columnIndex=5, dateRange=DateRange(startDate=2026-04-01, endDate=2026-04-30), actual=2012.97, budgeted=0.00, isBalance=true, isEditable=true]]], BPGridRow[category=Expenses, type=EXPENSE, cells=[BPGridCell[columnIndex=0, dateRange=DateRange(startDate=2025-11-01, endDate=2025-11-30), actual=4710.99, budgeted=0.00, isBalance=true, isEditable=true], BPGridCell[columnIndex=1, dateRange=DateRange(startDate=2025-12-01, endDate=2025-12-31), actual=4595.06, budgeted=0.00, isBalance=true, isEditable=true], BPGridCell[columnIndex=2, dateRange=DateRange(startDate=2026-01-01, endDate=2026-01-31), actual=4521.84, budgeted=0.00, isBalance=true, isEditable=true], BPGridCell[columnIndex=3, dateRange=DateRange(startDate=2026-02-01, endDate=2026-02-28), actual=3544.59, budgeted=0.00, isBalance=true, isEditable=true], BPGridCell[columnIndex=4, dateRange=DateRange(startDate=2026-03-01, endDate=2026-03-31), actual=3604.96, budgeted=0.00, isBalance=true, isEditable=true], BPGridCell[columnIndex=5, dateRange=DateRange(startDate=2026-04-01, endDate=2026-04-30), actual=2434.83, budgeted=0.00, isBalance=true, isEditable=true]]], BPGridRow[category=Balance, type=BALANCE, cells=[BPGridCell[columnIndex=0, dateRange=DateRange(startDate=2025-11-01, endDate=2025-11-30), actual=-2159.53, budgeted=-2159.53, isBalance=true, isEditable=true], BPGridCell[columnIndex=1, dateRange=DateRange(startDate=2025-12-01, endDate=2025-12-31), actual=1301.48, budgeted=1301.48, isBalance=true, isEditable=true], BPGridCell[columnIndex=2, dateRange=DateRange(startDate=2026-01-01, endDate=2026-01-31), actual=-612.78, budgeted=-612.78, isBalance=true, isEditable=true], BPGridCell[columnIndex=3, dateRange=DateRange(startDate=2026-02-01, endDate=2026-02-28), actual=392.50, budgeted=392.50, isBalance=true, isEditable=true], BPGridCell[columnIndex=4, dateRange=DateRange(startDate=2026-03-01, endDate=2026-03-31), actual=-1616.69, budgeted=-1616.69, isBalance=true, isEditable=true], BPGridCell[columnIndex=5, dateRange=DateRange(startDate=2026-04-01, endDate=2026-04-30), actual=-421.86, budgeted=-421.86, isBalance=true, isEditable=true]]]]], layoutType=CLASSIC, lastUpdated=null, createdAt=null, enableSync=false), active=true, isSaved=true)]
2026-04-18 10:35:58 WARN  o.s.w.s.m.s.DefaultHandlerExceptionResolver - Ignoring exception, response committed already: org.springframework.http.converter.HttpMessageNotWritableException: Could not write JSON: Document nesting depth (1001) exceeds the maximum allowed (1000, from `StreamWriteConstraints.getMaxNestingDepth()`)
2026-04-18 10:35:58 WARN  o.s.w.s.m.s.DefaultHandlerExceptionResolver - Resolved [org.springframework.http.converter.HttpMessageNotWritableException: Could not write JSON: Document nesting depth (1001) exceeds the maximum allowed (1000, from `StreamWriteConstraints.getMaxNestingDepth()`)]
2026-04-18 10:35:58 INFO  c.a.b.c.BudgetPlannerController - Budget templates: [BPTemplate(id=2, templateType=INCOME_STD, period=BIWEEKLY, bpGoalsDetail=null, bpTemplateDetail=BPTemplateDetail(id=2, templateId=2, layoutGrid=BPLayoutGrid[columns=[BPColumn(columnIndex=0, dateRange=DateRange(startDate=2026-03-11, endDate=2026-03-24), period=INCOME, columnType=ACTUAL, isHeader=false)], rows=[BPGridRow[category=Gas, type=BUDGET, cells=[BPGridCell[columnIndex=0, dateRange=DateRange(startDate=2026-03-11, endDate=2026-03-24), actual=28.85, budgeted=56.43, isBalance=true, isEditable=true]]], BPGridRow[category=Groceries, type=BUDGET, cells=[BPGridCell[columnIndex=0, dateRange=DateRange(startDate=2026-03-11, endDate=2026-03-24), actual=8.29, budgeted=512.90, isBalance=true, isEditable=true]]], BPGridRow[category=Haircut, type=BUDGET, cells=[BPGridCell[columnIndex=0, dateRange=DateRange(startDate=2026-03-11, endDate=2026-03-24), actual=27.00, budgeted=39.50, isBalance=true, isEditable=true]]], BPGridRow[category=Insurance, type=BUDGET, cells=[BPGridCell[columnIndex=0, dateRange=DateRange(startDate=2026-03-11, endDate=2026-03-24), actual=140.20, budgeted=74.76, isBalance=true, isEditable=true]]], BPGridRow[category=Order Out, type=BUDGET, cells=[BPGridCell[columnIndex=0, dateRange=DateRange(startDate=2026-03-11, endDate=2026-03-24), actual=42.04, budgeted=118.99, isBalance=true, isEditable=true]]], BPGridRow[category=Other, type=BUDGET, cells=[BPGridCell[columnIndex=0, dateRange=DateRange(startDate=2026-03-11, endDate=2026-03-24), actual=38.08, budgeted=185.24, isBalance=true, isEditable=true]]], BPGridRow[category=Payment, type=BUDGET, cells=[BPGridCell[columnIndex=0, dateRange=DateRange(startDate=2026-03-11, endDate=2026-03-24), actual=103.66, budgeted=427.71, isBalance=true, isEditable=true]]], BPGridRow[category=Subscription, type=BUDGET, cells=[BPGridCell[columnIndex=0, dateRange=DateRange(startDate=2026-03-11, endDate=2026-03-24), actual=14.99, budgeted=73.07, isBalance=true, isEditable=true]]], BPGridRow[category=Salary, type=INCOME, cells=[BPGridCell[columnIndex=0, dateRange=DateRange(startDate=2026-03-11, endDate=2026-03-24), actual=null, budgeted=0.00, isBalance=true, isEditable=true]]], BPGridRow[category=Expenses, type=EXPENSE, cells=[BPGridCell[columnIndex=0, dateRange=DateRange(startDate=2026-03-11, endDate=2026-03-24), actual=null, budgeted=0.00, isBalance=true, isEditable=true]]], BPGridRow[category=Balance, type=BALANCE, cells=[BPGridCell[columnIndex=0, dateRange=DateRange(startDate=2026-03-11, endDate=2026-03-24), actual=0.00, budgeted=0.00, isBalance=true, isEditable=true]]]]], layoutType=CLASSIC, lastUpdated=null, createdAt=null, enableSync=false), active=true, isSaved=true), BPTemplate(id=1, templateType=MONTHLY_STD, period=MONTHLY, bpGoalsDetail=null, bpTemplateDetail=BPTemplateDetail(id=1, templateId=1, layoutGrid=BPLayoutGrid[columns=[BPColumn(columnIndex=0, dateRange=DateRange(startDate=2025-11-01, endDate=2025-11-30), period=MONTHLY, columnType=ACTUAL, isHeader=false), BPColumn(columnIndex=1, dateRange=DateRange(startDate=2025-12-01, endDate=2025-12-31), period=MONTHLY, columnType=ACTUAL, isHeader=false), BPColumn(columnIndex=2, dateRange=DateRange(startDate=2026-01-01, endDate=2026-01-31), period=MONTHLY, columnType=ACTUAL, isHeader=false), BPColumn(columnIndex=3, dateRange=DateRange(startDate=2026-02-01, endDate=2026-02-28), period=MONTHLY, columnType=ACTUAL, isHeader=false), BPColumn(columnIndex=4, dateRange=DateRange(startDate=2026-03-01, endDate=2026-03-31), period=MONTHLY, columnType=ACTUAL, isHeader=false), BPColumn(columnIndex=5, dateRange=DateRange(startDate=2026-04-01, endDate=2026-04-30), period=MONTHLY, columnType=ACTUAL, isHeader=false)], rows=[BPGridRow[category=Gas, type=BUDGET, cells=[BPGridCell[columnIndex=0, dateRange=DateRange(startDate=2025-11-01, endDate=2025-11-30), actual=104.45, budgeted=0.00, isBalance=true, isEditable=true], BPGridCell[columnIndex=1, dateRange=DateRange(startDate=2025-12-01, endDate=2025-12-31), actual=66.75, budgeted=219.36, isBalance=true, isEditable=true], BPGridCell[columnIndex=2, dateRange=DateRange(startDate=2026-01-01, endDate=2026-01-31), actual=75.21, budgeted=239.68, isBalance=true, isEditable=true], BPGridCell[columnIndex=3, dateRange=DateRange(startDate=2026-02-01, endDate=2026-02-28), actual=76.05, budgeted=230.00, isBalance=true, isEditable=true], BPGridCell[columnIndex=4, dateRange=DateRange(startDate=2026-03-01, endDate=2026-03-31), actual=97.85, budgeted=225.72, isBalance=true, isEditable=true], BPGridCell[columnIndex=5, dateRange=DateRange(startDate=2026-04-01, endDate=2026-04-30), actual=62.66, budgeted=112.86, isBalance=true, isEditable=true]]], BPGridRow[category=Gas Bill, type=BUDGET, cells=[BPGridCell[columnIndex=0, dateRange=DateRange(startDate=2025-11-01, endDate=2025-11-30), actual=16.50, budgeted=0.00, isBalance=true, isEditable=true], BPGridCell[columnIndex=1, dateRange=DateRange(startDate=2025-12-01, endDate=2025-12-31), actual=20.75, budgeted=16.50, isBalance=true, isEditable=true], BPGridCell[columnIndex=2, dateRange=DateRange(startDate=2026-01-01, endDate=2026-01-31), actual=35.11, budgeted=18.63, isBalance=true, isEditable=true], BPGridCell[columnIndex=3, dateRange=DateRange(startDate=2026-02-01, endDate=2026-02-28), actual=52.75, budgeted=24.12, isBalance=true, isEditable=true], BPGridCell[columnIndex=4, dateRange=DateRange(startDate=2026-03-01, endDate=2026-03-31), actual=35.41, budgeted=31.28, isBalance=true, isEditable=true], BPGridCell[columnIndex=5, dateRange=DateRange(startDate=2026-04-01, endDate=2026-04-30), actual=25.19, budgeted=31.28, isBalance=true, isEditable=true]]], BPGridRow[category=Groceries, type=BUDGET, cells=[BPGridCell[columnIndex=0, dateRange=DateRange(startDate=2025-11-01, endDate=2025-11-30), actual=724.01, budgeted=0.00, isBalance=true, isEditable=true], BPGridCell[columnIndex=1, dateRange=DateRange(startDate=2025-12-01, endDate=2025-12-31), actual=573.44, budgeted=2027.24, isBalance=true, isEditable=true], BPGridCell[columnIndex=2, dateRange=DateRange(startDate=2026-01-01, endDate=2026-01-31), actual=905.34, budgeted=2270.55, isBalance=true, isEditable=true], BPGridCell[columnIndex=3, dateRange=DateRange(startDate=2026-02-01, endDate=2026-02-28), actual=497.44, budgeted=2055.92, isBalance=true, isEditable=true], BPGridCell[columnIndex=4, dateRange=DateRange(startDate=2026-03-01, endDate=2026-03-31), actual=411.08, budgeted=2564.50, isBalance=true, isEditable=true], BPGridCell[columnIndex=5, dateRange=DateRange(startDate=2026-04-01, endDate=2026-04-30), actual=316.01, budgeted=1025.80, isBalance=true, isEditable=true]]], BPGridRow[category=Haircut, type=BUDGET, cells=[BPGridCell[columnIndex=0, dateRange=DateRange(startDate=2025-11-01, endDate=2025-11-30), actual=52.00, budgeted=0.00, isBalance=true, isEditable=true], BPGridCell[columnIndex=1, dateRange=DateRange(startDate=2025-12-01, endDate=2025-12-31), actual=52.00, budgeted=104.00, isBalance=true, isEditable=true], BPGridCell[columnIndex=2, dateRange=DateRange(startDate=2026-01-01, endDate=2026-01-31), actual=54.00, budgeted=104.00, isBalance=true, isEditable=true], BPGridCell[columnIndex=4, dateRange=DateRange(startDate=2026-03-01, endDate=2026-03-31), actual=83.00, budgeted=118.50, isBalance=true, isEditable=true]]], BPGridRow[category=Insurance, type=BUDGET, cells=[BPGridCell[columnIndex=0, dateRange=DateRange(startDate=2025-11-01, endDate=2025-11-30), actual=80.07, budgeted=0.00, isBalance=true, isEditable=true], BPGridCell[columnIndex=1, dateRange=DateRange(startDate=2025-12-01, endDate=2025-12-31), actual=77.29, budgeted=80.07, isBalance=true, isEditable=true], BPGridCell[columnIndex=2, dateRange=DateRange(startDate=2026-01-01, endDate=2026-01-31), actual=74.52, budgeted=78.68, isBalance=true, isEditable=true], BPGridCell[columnIndex=3, dateRange=DateRange(startDate=2026-02-01, endDate=2026-02-28), actual=67.14, budgeted=77.29, isBalance=true, isEditable=true], BPGridCell[columnIndex=4, dateRange=DateRange(startDate=2026-03-01, endDate=2026-03-31), actual=140.20, budgeted=74.76, isBalance=true, isEditable=true], BPGridCell[columnIndex=5, dateRange=DateRange(startDate=2026-04-01, endDate=2026-04-30), actual=70.10, budgeted=74.76, isBalance=true, isEditable=true]]], BPGridRow[category=Order Out, type=BUDGET, cells=[BPGridCell[columnIndex=0, dateRange=DateRange(startDate=2025-11-01, endDate=2025-11-30), actual=220.43, budgeted=0.00, isBalance=true, isEditable=true], BPGridCell[columnIndex=1, dateRange=DateRange(startDate=2025-12-01, endDate=2025-12-31), actual=177.05, budgeted=977.85, isBalance=true, isEditable=true], BPGridCell[columnIndex=2, dateRange=DateRange(startDate=2026-01-01, endDate=2026-01-31), actual=216.95, budgeted=504.10, isBalance=true, isEditable=true], BPGridCell[columnIndex=3, dateRange=DateRange(startDate=2026-02-01, endDate=2026-02-28), actual=105.79, budgeted=471.36, isBalance=true, isEditable=true], BPGridCell[columnIndex=4, dateRange=DateRange(startDate=2026-03-01, endDate=2026-03-31), actual=181.64, budgeted=590.42, isBalance=true, isEditable=true], BPGridCell[columnIndex=5, dateRange=DateRange(startDate=2026-04-01, endDate=2026-04-30), actual=84.83, budgeted=355.46, isBalance=true, isEditable=true]]], BPGridRow[category=Other, type=BUDGET, cells=[BPGridCell[columnIndex=0, dateRange=DateRange(startDate=2025-11-01, endDate=2025-11-30), actual=829.84, budgeted=0.00, isBalance=true, isEditable=true], BPGridCell[columnIndex=1, dateRange=DateRange(startDate=2025-12-01, endDate=2025-12-31), actual=344.10, budgeted=637.88, isBalance=true, isEditable=true], BPGridCell[columnIndex=2, dateRange=DateRange(startDate=2026-01-01, endDate=2026-01-31), actual=198.21, budgeted=1444.40, isBalance=true, isEditable=true], BPGridCell[columnIndex=3, dateRange=DateRange(startDate=2026-02-01, endDate=2026-02-28), actual=34.95, budgeted=716.49, isBalance=true, isEditable=true], BPGridCell[columnIndex=4, dateRange=DateRange(startDate=2026-03-01, endDate=2026-03-31), actual=52.68, budgeted=555.72, isBalance=true, isEditable=true], BPGridCell[columnIndex=5, dateRange=DateRange(startDate=2026-04-01, endDate=2026-04-30), actual=109.76, budgeted=528.04, isBalance=true, isEditable=true]]], BPGridRow[category=Payment, type=BUDGET, cells=[BPGridCell[columnIndex=0, dateRange=DateRange(startDate=2025-11-01, endDate=2025-11-30), actual=567.18, budgeted=0.00, isBalance=true, isEditable=true], BPGridCell[columnIndex=1, dateRange=DateRange(startDate=2025-12-01, endDate=2025-12-31), actual=1045.03, budgeted=1359.80, isBalance=true, isEditable=true], BPGridCell[columnIndex=2, dateRange=DateRange(startDate=2026-01-01, endDate=2026-01-31), actual=692.13, budgeted=2508.70, isBalance=true, isEditable=true], BPGridCell[columnIndex=3, dateRange=DateRange(startDate=2026-02-01, endDate=2026-02-28), actual=351.97, budgeted=1803.28, isBalance=true, isEditable=true], BPGridCell[columnIndex=4, dateRange=DateRange(startDate=2026-03-01, endDate=2026-03-31), actual=374.49, budgeted=1283.13, isBalance=true, isEditable=true], BPGridCell[columnIndex=5, dateRange=DateRange(startDate=2026-04-01, endDate=2026-04-30), actual=328.83, budgeted=1283.13, isBalance=true, isEditable=true]]], BPGridRow[category=Rent, type=BUDGET, cells=[BPGridCell[columnIndex=0, dateRange=DateRange(startDate=2025-11-01, endDate=2025-11-30), actual=1927.03, budgeted=0.00, isBalance=true, isEditable=true], BPGridCell[columnIndex=1, dateRange=DateRange(startDate=2025-12-01, endDate=2025-12-31), actual=1927.03, budgeted=2697.84, isBalance=true, isEditable=true], BPGridCell[columnIndex=2, dateRange=DateRange(startDate=2026-01-01, endDate=2026-01-31), actual=1927.03, budgeted=2697.84, isBalance=true, isEditable=true], BPGridCell[columnIndex=3, dateRange=DateRange(startDate=2026-02-01, endDate=2026-02-28), actual=1927.03, budgeted=1229.22, isBalance=true, isEditable=true], BPGridCell[columnIndex=4, dateRange=DateRange(startDate=2026-03-01, endDate=2026-03-31), actual=1927.03, budgeted=1933.60, isBalance=true, isEditable=true], BPGridCell[columnIndex=5, dateRange=DateRange(startDate=2026-04-01, endDate=2026-04-30), actual=1220.03, budgeted=798.19, isBalance=true, isEditable=true]]], BPGridRow[category=Subscription, type=BUDGET, cells=[BPGridCell[columnIndex=0, dateRange=DateRange(startDate=2025-11-01, endDate=2025-11-30), actual=59.55, budgeted=0.00, isBalance=true, isEditable=true], BPGridCell[columnIndex=1, dateRange=DateRange(startDate=2025-12-01, endDate=2025-12-31), actual=95.35, budgeted=160.84, isBalance=true, isEditable=true], BPGridCell[columnIndex=2, dateRange=DateRange(startDate=2026-01-01, endDate=2026-01-31), actual=143.31, budgeted=132.55, isBalance=true, isEditable=true], BPGridCell[columnIndex=3, dateRange=DateRange(startDate=2026-02-01, endDate=2026-02-28), actual=105.19, budgeted=222.44, isBalance=true, isEditable=true], BPGridCell[columnIndex=4, dateRange=DateRange(startDate=2026-03-01, endDate=2026-03-31), actual=170.32, budgeted=292.28, isBalance=true, isEditable=true], BPGridCell[columnIndex=5, dateRange=DateRange(startDate=2026-04-01, endDate=2026-04-30), actual=142.55, budgeted=219.21, isBalance=true, isEditable=true]]], BPGridRow[category=Utilities, type=BUDGET, cells=[BPGridCell[columnIndex=0, dateRange=DateRange(startDate=2025-11-01, endDate=2025-11-30), actual=129.93, budgeted=0.00, isBalance=true, isEditable=true], BPGridCell[columnIndex=1, dateRange=DateRange(startDate=2025-12-01, endDate=2025-12-31), actual=123.60, budgeted=129.93, isBalance=true, isEditable=true], BPGridCell[columnIndex=2, dateRange=DateRange(startDate=2026-01-01, endDate=2026-01-31), actual=127.71, budgeted=126.77, isBalance=true, isEditable=true], BPGridCell[columnIndex=3, dateRange=DateRange(startDate=2026-02-01, endDate=2026-02-28), actual=265.08, budgeted=254.16, isBalance=true, isEditable=true], BPGridCell[columnIndex=4, dateRange=DateRange(startDate=2026-03-01, endDate=2026-03-31), actual=131.26, budgeted=161.58, isBalance=true, isEditable=true]]], BPGridRow[category=Electric, type=BUDGET, cells=[BPGridCell[columnIndex=1, dateRange=DateRange(startDate=2025-12-01, endDate=2025-12-31), actual=61.77, budgeted=0.00, isBalance=true, isEditable=true], BPGridCell[columnIndex=2, dateRange=DateRange(startDate=2026-01-01, endDate=2026-01-31), actual=63.89, budgeted=30.89, isBalance=true, isEditable=true], BPGridCell[columnIndex=3, dateRange=DateRange(startDate=2026-02-01, endDate=2026-02-28), actual=52.77, budgeted=41.89, isBalance=true, isEditable=true], BPGridCell[columnIndex=5, dateRange=DateRange(startDate=2026-04-01, endDate=2026-04-30), actual=74.87, budgeted=44.61, isBalance=true, isEditable=true]]], BPGridRow[category=Trip, type=BUDGET, cells=[BPGridCell[columnIndex=1, dateRange=DateRange(startDate=2025-12-01, endDate=2025-12-31), actual=30.90, budgeted=0.00, isBalance=true, isEditable=true]]], BPGridRow[category=To Go, type=BUDGET, cells=[BPGridCell[columnIndex=2, dateRange=DateRange(startDate=2026-01-01, endDate=2026-01-31), actual=8.43, budgeted=0.00, isBalance=true, isEditable=true], BPGridCell[columnIndex=3, dateRange=DateRange(startDate=2026-02-01, endDate=2026-02-28), actual=8.43, budgeted=1.97, isBalance=true, isEditable=true]]], BPGridRow[category=Salary, type=INCOME, cells=[BPGridCell[columnIndex=0, dateRange=DateRange(startDate=2025-11-01, endDate=2025-11-30), actual=2551.46, budgeted=0.00, isBalance=true, isEditable=true], BPGridCell[columnIndex=1, dateRange=DateRange(startDate=2025-12-01, endDate=2025-12-31), actual=5896.54, budgeted=0.00, isBalance=true, isEditable=true], BPGridCell[columnIndex=2, dateRange=DateRange(startDate=2026-01-01, endDate=2026-01-31), actual=3909.06, budgeted=0.00, isBalance=true, isEditable=true], BPGridCell[columnIndex=3, dateRange=DateRange(startDate=2026-02-01, endDate=2026-02-28), actual=3937.09, budgeted=0.00, isBalance=true, isEditable=true], BPGridCell[columnIndex=4, dateRange=DateRange(startDate=2026-03-01, endDate=2026-03-31), actual=1988.27, budgeted=0.00, isBalance=true, isEditable=true], BPGridCell[columnIndex=5, dateRange=DateRange(startDate=2026-04-01, endDate=2026-04-30), actual=2012.97, budgeted=0.00, isBalance=true, isEditable=true]]], BPGridRow[category=Expenses, type=EXPENSE, cells=[BPGridCell[columnIndex=0, dateRange=DateRange(startDate=2025-11-01, endDate=2025-11-30), actual=4710.99, budgeted=0.00, isBalance=true, isEditable=true], BPGridCell[columnIndex=1, dateRange=DateRange(startDate=2025-12-01, endDate=2025-12-31), actual=4595.06, budgeted=0.00, isBalance=true, isEditable=true], BPGridCell[columnIndex=2, dateRange=DateRange(startDate=2026-01-01, endDate=2026-01-31), actual=4521.84, budgeted=0.00, isBalance=true, isEditable=true], BPGridCell[columnIndex=3, dateRange=DateRange(startDate=2026-02-01, endDate=2026-02-28), actual=3544.59, budgeted=0.00, isBalance=true, isEditable=true], BPGridCell[columnIndex=4, dateRange=DateRange(startDate=2026-03-01, endDate=2026-03-31), actual=3604.96, budgeted=0.00, isBalance=true, isEditable=true], BPGridCell[columnIndex=5, dateRange=DateRange(startDate=2026-04-01, endDate=2026-04-30), actual=2434.83, budgeted=0.00, isBalance=true, isEditable=true]]], BPGridRow[category=Balance, type=BALANCE, cells=[BPGridCell[columnIndex=0, dateRange=DateRange(startDate=2025-11-01, endDate=2025-11-30), actual=-2159.53, budgeted=-2159.53, isBalance=true, isEditable=true], BPGridCell[columnIndex=1, dateRange=DateRange(startDate=2025-12-01, endDate=2025-12-31), actual=1301.48, budgeted=1301.48, isBalance=true, isEditable=true], BPGridCell[columnIndex=2, dateRange=DateRange(startDate=2026-01-01, endDate=2026-01-31), actual=-612.78, budgeted=-612.78, isBalance=true, isEditable=true], BPGridCell[columnIndex=3, dateRange=DateRange(startDate=2026-02-01, endDate=2026-02-28), actual=392.50, budgeted=392.50, isBalance=true, isEditable=true], BPGridCell[columnIndex=4, dateRange=DateRange(startDate=2026-03-01, endDate=2026-03-31), actual=-1616.69, budgeted=-1616.69, isBalance=true, isEditable=true], BPGridCell[columnIndex=5, dateRange=DateRange(startDate=2026-04-01, endDate=2026-04-30), actual=-421.86, budgeted=-421.86, isBalance=true, isEditable=true]]]]], layoutType=CLASSIC, lastUpdated=null, createdAt=null, enableSync=false), active=true, isSaved=true)]
2026-04-18 10:35:58 ERROR o.a.c.c.C.[.[.[.[dispatcherServlet] - Servlet.service() for servlet [dispatcherServlet] in context with path [] threw exception [Request processing failed: java.lang.NullPointerException: Cannot invoke "com.app.budgetbuddy.entities.BPTemplateDetailEntity.getId()" because "bpTemplateDetailEntity" is null] with root cause
java.lang.NullPointerException: Cannot invoke "com.app.budgetbuddy.entities.BPTemplateDetailEntity.getId()" because "bpTemplateDetailEntity" is null
	at com.app.budgetbuddy.workbench.converter.BPTemplateDetailEntityToModelConverter.convert(BPTemplateDetailEntityToModelConverter.java:20)
	at com.app.budgetbuddy.services.BPTemplateDetailsServiceImpl.findByTemplateId(BPTemplateDetailsServiceImpl.java:128)
	at java.base/jdk.internal.reflect.DirectMethodHandleAccessor.invoke(DirectMethodHandleAccessor.java:103)
	at java.base/java.lang.reflect.Method.invoke(Method.java:580)
	at org.springframework.aop.support.AopUtils.invokeJoinpointUsingReflection(AopUtils.java:355)
	at org.springframework.aop.framework.ReflectiveMethodInvocation.invokeJoinpoint(ReflectiveMethodInvocation.java:196)
	at org.springframework.aop.framework.ReflectiveMethodInvocation.proceed(ReflectiveMethodInvocation.java:163)
	at org.springframework.aop.framework.CglibAopProxy$CglibMethodInvocation.proceed(CglibAopProxy.java:768)
	at org.springframework.transaction.interceptor.TransactionAspectSupport.invokeWithinTransaction(TransactionAspectSupport.java:379)
	at org.springframework.transaction.interceptor.TransactionInterceptor.invoke(TransactionInterceptor.java:119)
	at org.springframework.aop.framework.ReflectiveMethodInvocation.proceed(ReflectiveMethodInvocation.java:184)
	at org.springframework.aop.framework.CglibAopProxy$CglibMethodInvocation.proceed(CglibAopProxy.java:768)
	at org.springframework.aop.framework.CglibAopProxy$DynamicAdvisedInterceptor.intercept(CglibAopProxy.java:720)
	at com.app.budgetbuddy.services.BPTemplateDetailsServiceImpl$$SpringCGLIB$$0.findByTemplateId(<generated>)
	at com.app.budgetbuddy.workbench.budgetplanner.BPTemplateRunner.updateBPTemplateCategories(BPTemplateRunner.java:51)
	at com.app.budgetbuddy.controllers.BudgetPlannerController.updateBudgetTemplateCategories(BudgetPlannerController.java:36)
	at java.base/jdk.internal.reflect.DirectMethodHandleAccessor.invoke(DirectMethodHandleAccessor.java:103)
	at java.base/java.lang.reflect.Method.invoke(Method.java:580)
	at org.springframework.web.method.support.InvocableHandlerMethod.doInvoke(InvocableHandlerMethod.java:255)
	at org.springframework.web.method.support.InvocableHandlerMethod.invokeForRequest(InvocableHandlerMethod.java:188)
	at org.springframework.web.servlet.mvc.method.annotation.ServletInvocableHandlerMethod.invokeAndHandle(ServletInvocableHandlerMethod.java:118)
	at org.springframework.web.servlet.mvc.method.annotation.RequestMappingHandlerAdapter.invokeHandlerMethod(RequestMappingHandlerAdapter.java:926)
	at org.springframework.web.servlet.mvc.method.annotation.RequestMappingHandlerAdapter.handleInternal(RequestMappingHandlerAdapter.java:831)
	at org.springframework.web.servlet.mvc.method.AbstractHandlerMethodAdapter.handle(AbstractHandlerMethodAdapter.java:87)
	at org.springframework.web.servlet.DispatcherServlet.doDispatch(DispatcherServlet.java:1089)
	at org.springframework.web.servlet.DispatcherServlet.doService(DispatcherServlet.java:979)
	at org.springframework.web.servlet.FrameworkServlet.processRequest(FrameworkServlet.java:1014)
	at org.springframework.web.servlet.FrameworkServlet.doPut(FrameworkServlet.java:925)
	at jakarta.servlet.http.HttpServlet.service(HttpServlet.java:593)
	at org.springframework.web.servlet.FrameworkServlet.service(FrameworkServlet.java:885)
	at jakarta.servlet.http.HttpServlet.service(HttpServlet.java:658)
	at org.apache.catalina.core.ApplicationFilterChain.internalDoFilter(ApplicationFilterChain.java:195)
	at org.apache.catalina.core.ApplicationFilterChain.doFilter(ApplicationFilterChain.java:140)
	at org.apache.tomcat.websocket.server.WsFilter.doFilter(WsFilter.java:51)
	at org.apache.catalina.core.ApplicationFilterChain.internalDoFilter(ApplicationFilterChain.java:164)
	at org.apache.catalina.core.ApplicationFilterChain.doFilter(ApplicationFilterChain.java:140)
	at org.springframework.web.filter.CompositeFilter$VirtualFilterChain.doFilter(CompositeFilter.java:108)
	at org.springframework.security.web.FilterChainProxy.lambda$doFilterInternal$3(FilterChainProxy.java:231)
	at org.springframework.security.web.FilterChainProxy$VirtualFilterChain.doFilter(FilterChainProxy.java:365)
	at org.springframework.security.web.access.intercept.AuthorizationFilter.doFilter(AuthorizationFilter.java:100)
	at org.springframework.security.web.FilterChainProxy$VirtualFilterChain.doFilter(FilterChainProxy.java:374)
	at org.springframework.security.web.access.ExceptionTranslationFilter.doFilter(ExceptionTranslationFilter.java:126)
	at org.springframework.security.web.access.ExceptionTranslationFilter.doFilter(ExceptionTranslationFilter.java:120)
	at org.springframework.security.web.FilterChainProxy$VirtualFilterChain.doFilter(FilterChainProxy.java:374)
	at org.springframework.security.web.session.SessionManagementFilter.doFilter(SessionManagementFilter.java:131)
	at org.springframework.security.web.session.SessionManagementFilter.doFilter(SessionManagementFilter.java:85)
	at org.springframework.security.web.FilterChainProxy$VirtualFilterChain.doFilter(FilterChainProxy.java:374)
	at org.springframework.security.web.authentication.AnonymousAuthenticationFilter.doFilter(AnonymousAuthenticationFilter.java:100)
	at org.springframework.security.web.FilterChainProxy$VirtualFilterChain.doFilter(FilterChainProxy.java:374)
	at org.springframework.security.web.servletapi.SecurityContextHolderAwareRequestFilter.doFilter(SecurityContextHolderAwareRequestFilter.java:179)
	at org.springframework.security.web.FilterChainProxy$VirtualFilterChain.doFilter(FilterChainProxy.java:374)
	at org.springframework.security.web.savedrequest.RequestCacheAwareFilter.doFilter(RequestCacheAwareFilter.java:63)
	at org.springframework.security.web.FilterChainProxy$VirtualFilterChain.doFilter(FilterChainProxy.java:374)
	at org.springframework.security.web.authentication.logout.LogoutFilter.doFilter(LogoutFilter.java:107)
	at org.springframework.security.web.authentication.logout.LogoutFilter.doFilter(LogoutFilter.java:93)
	at org.springframework.security.web.FilterChainProxy$VirtualFilterChain.doFilter(FilterChainProxy.java:374)
	at org.springframework.security.web.header.HeaderWriterFilter.doHeadersAfter(HeaderWriterFilter.java:90)
	at org.springframework.security.web.header.HeaderWriterFilter.doFilterInternal(HeaderWriterFilter.java:75)
	at org.springframework.web.filter.OncePerRequestFilter.doFilter(OncePerRequestFilter.java:116)
	at org.springframework.security.web.FilterChainProxy$VirtualFilterChain.doFilter(FilterChainProxy.java:374)
	at org.springframework.security.web.context.SecurityContextHolderFilter.doFilter(SecurityContextHolderFilter.java:82)
	at org.springframework.security.web.context.SecurityContextHolderFilter.doFilter(SecurityContextHolderFilter.java:69)
	at org.springframework.security.web.FilterChainProxy$VirtualFilterChain.doFilter(FilterChainProxy.java:374)
	at org.springframework.security.web.context.request.async.WebAsyncManagerIntegrationFilter.doFilterInternal(WebAsyncManagerIntegrationFilter.java:62)
	at org.springframework.web.filter.OncePerRequestFilter.doFilter(OncePerRequestFilter.java:116)
	at org.springframework.security.web.FilterChainProxy$VirtualFilterChain.doFilter(FilterChainProxy.java:374)
	at org.springframework.security.web.session.DisableEncodeUrlFilter.doFilterInternal(DisableEncodeUrlFilter.java:42)
	at org.springframework.web.filter.OncePerRequestFilter.doFilter(OncePerRequestFilter.java:116)
	at org.springframework.security.web.FilterChainProxy$VirtualFilterChain.doFilter(FilterChainProxy.java:374)
	at org.springframework.security.web.FilterChainProxy.doFilterInternal(FilterChainProxy.java:233)
	at org.springframework.security.web.FilterChainProxy.doFilter(FilterChainProxy.java:191)
	at org.springframework.web.filter.CompositeFilter$VirtualFilterChain.doFilter(CompositeFilter.java:113)
	at org.springframework.web.servlet.handler.HandlerMappingIntrospector.lambda$createCacheFilter$3(HandlerMappingIntrospector.java:195)
	at org.springframework.web.filter.CompositeFilter$VirtualFilterChain.doFilter(CompositeFilter.java:113)
	at org.springframework.web.filter.CompositeFilter.doFilter(CompositeFilter.java:74)
	at org.springframework.security.config.annotation.web.configuration.WebMvcSecurityConfiguration$CompositeFilterChainProxy.doFilter(WebMvcSecurityConfiguration.java:230)
	at org.springframework.web.filter.DelegatingFilterProxy.invokeDelegate(DelegatingFilterProxy.java:352)
	at org.springframework.web.filter.DelegatingFilterProxy.doFilter(DelegatingFilterProxy.java:268)
	at org.apache.catalina.core.ApplicationFilterChain.internalDoFilter(ApplicationFilterChain.java:164)
	at org.apache.catalina.core.ApplicationFilterChain.doFilter(ApplicationFilterChain.java:140)
	at org.springframework.web.filter.RequestContextFilter.doFilterInternal(RequestContextFilter.java:100)
	at org.springframework.web.filter.OncePerRequestFilter.doFilter(OncePerRequestFilter.java:116)
	at org.apache.catalina.core.ApplicationFilterChain.internalDoFilter(ApplicationFilterChain.java:164)
	at org.apache.catalina.core.ApplicationFilterChain.doFilter(ApplicationFilterChain.java:140)
	at org.springframework.web.filter.FormContentFilter.doFilterInternal(FormContentFilter.java:93)
	at org.springframework.web.filter.OncePerRequestFilter.doFilter(OncePerRequestFilter.java:116)
	at org.apache.catalina.core.ApplicationFilterChain.internalDoFilter(ApplicationFilterChain.java:164)
	at org.apache.catalina.core.ApplicationFilterChain.doFilter(ApplicationFilterChain.java:140)
	at org.springframework.session.web.http.SessionRepositoryFilter.doFilterInternal(SessionRepositoryFilter.java:142)
	at org.springframework.session.web.http.OncePerRequestFilter.doFilter(OncePerRequestFilter.java:82)
	at org.springframework.web.filter.DelegatingFilterProxy.invokeDelegate(DelegatingFilterProxy.java:352)
	at org.springframework.web.filter.DelegatingFilterProxy.doFilter(DelegatingFilterProxy.java:268)
	at org.apache.catalina.core.ApplicationFilterChain.internalDoFilter(ApplicationFilterChain.java:164)
	at org.apache.catalina.core.ApplicationFilterChain.doFilter(ApplicationFilterChain.java:140)
	at org.springframework.web.filter.CharacterEncodingFilter.doFilterInternal(CharacterEncodingFilter.java:201)
	at org.springframework.web.filter.OncePerRequestFilter.doFilter(OncePerRequestFilter.java:116)
	at org.apache.catalina.core.ApplicationFilterChain.internalDoFilter(ApplicationFilterChain.java:164)
	at org.apache.catalina.core.ApplicationFilterChain.doFilter(ApplicationFilterChain.java:140)
	at org.apache.catalina.core.StandardWrapperValve.invoke(StandardWrapperValve.java:167)
	at org.apache.catalina.core.StandardContextValve.invoke(StandardContextValve.java:90)
	at org.apache.catalina.authenticator.AuthenticatorBase.invoke(AuthenticatorBase.java:483)
	at org.apache.catalina.core.StandardHostValve.invoke(StandardHostValve.java:115)
	at org.apache.catalina.valves.ErrorReportValve.invoke(ErrorReportValve.java:93)
	at org.apache.catalina.core.StandardEngineValve.invoke(StandardEngineValve.java:74)
	at org.apache.catalina.connector.CoyoteAdapter.service(CoyoteAdapter.java:344)
	at org.apache.coyote.http11.Http11Processor.service(Http11Processor.java:384)
	at org.apache.coyote.AbstractProcessorLight.process(AbstractProcessorLight.java:63)
	at org.apache.coyote.AbstractProtocol$ConnectionHandler.process(AbstractProtocol.java:904)
	at org.apache.tomcat.util.net.NioEndpoint$SocketProcessor.doRun(NioEndpoint.java:1741)
	at org.apache.tomcat.util.net.SocketProcessorBase.run(SocketProcessorBase.java:52)
	at org.apache.tomcat.util.threads.ThreadPoolExecutor.runWorker(ThreadPoolExecutor.java:1190)
	at org.apache.tomcat.util.threads.ThreadPoolExecutor$Worker.run(ThreadPoolExecutor.java:659)
	at org.apache.tomcat.util.threads.TaskThread$WrappingRunnable.run(TaskThread.java:63)
	at java.base/java.lang.Thread.run(Thread.java:1583)
2026-04-18 10:36:01 INFO  c.a.b.workbench.runner.BudgetRunner - Starting monthly budget process for user 1 between 2025-10-01 and 2025-10-31
2026-04-18 10:36:01 INFO  c.a.b.workbench.runner.BudgetRunner - Found Budget: com.app.budgetbuddy.domain.Budget@7bc0085d
2026-04-18 10:36:01 INFO  c.a.b.w.budget.BudgetScheduleUtil - Retrieving Budget Schedule Ranges: [com.app.budgetbuddy.entities.BudgetScheduleRangeEntity@22aa7f2a, com.app.budgetbuddy.entities.BudgetScheduleRangeEntity@105136b8, com.app.budgetbuddy.entities.BudgetScheduleRangeEntity@4ff57a6c, com.app.budgetbuddy.entities.BudgetScheduleRangeEntity@3b577a0e, com.app.budgetbuddy.entities.BudgetScheduleRangeEntity@1ab4a3ff], size: 5
2026-04-18 10:36:01 INFO  c.a.b.workbench.runner.BudgetRunner - Processing SubBudget ID: 10 with Budget Schedule ID: 10
2026-04-18 10:36:01 INFO  c.a.b.w.b.SubBudgetStatisticsServiceImpl - SubBudget Savings Target: 874.92
2026-04-18 10:36:01 INFO  c.a.b.w.b.SubBudgetStatisticsServiceImpl - Budget Amount: 3096.08
2026-04-18 10:36:01 INFO  c.a.b.w.b.SubBudgetStatisticsServiceImpl - Total Spent: 3407.86
2026-04-18 10:36:01 INFO  c.a.b.w.b.SubBudgetStatisticsServiceImpl - Remaining: -311.78
2026-04-18 10:36:01 INFO  c.a.b.w.b.SubBudgetStatisticsServiceImpl - Savings: 0
2026-04-18 10:36:01 INFO  c.a.b.w.b.SubBudgetHealthScoreImpl - Allocated amount for sub-budget 10 is 3096.08
2026-04-18 10:36:01 INFO  c.a.b.w.b.SubBudgetHealthScoreImpl - Spent on sub-budget 10 is 3179.90
2026-04-18 10:36:01 INFO  c.a.b.w.b.SubBudgetHealthScoreImpl - Spending ratio for sub-budget 10 is 1.03
2026-04-18 10:36:01 INFO  c.a.b.w.b.SubBudgetHealthScoreImpl - Spending ratio for sub-budget 10 is 1.03
2026-04-18 10:36:01 INFO  c.a.b.w.b.SubBudgetHealthScoreImpl - Variance for sub-budget 10 is 83.82
2026-04-18 10:36:01 INFO  c.a.b.w.b.SubBudgetHealthScoreImpl - Savings ratio for sub-budget 10 is -1.72
2026-04-18 10:36:01 INFO  c.a.b.w.b.SubBudgetHealthScoreImpl - Final Score: -123.50
2026-04-18 10:36:01 INFO  c.a.b.w.b.SubBudgetHealthScoreImpl - Health score for sub-budget 10 is 0
2026-04-18 10:36:01 INFO  c.a.b.w.b.SubBudgetStatisticsServiceImpl - SubBudget Stats: BudgetStats(budgetId=10, totalBudget=3096.08, totalSpent=3407.86, remaining=-311.78, totalSaved=0, averageSpendingPerDay=113.60, dateRange=DateRange(startDate=2025-10-01, endDate=2025-10-31), healthScore=0, monthlyProjection=null)
2026-04-18 10:36:01 INFO  c.a.b.workbench.runner.BudgetRunner - Budget Stats for SubBudget 10: [BudgetStats(budgetId=10, totalBudget=3096.08, totalSpent=3407.86, remaining=-311.78, totalSaved=0, averageSpendingPerDay=113.60, dateRange=DateRange(startDate=2025-10-01, endDate=2025-10-31), healthScore=0, monthlyProjection=null)]
2026-04-18 10:36:01 INFO  c.a.b.w.b.BudgetPeriodCategoryHandlerFactory - Getting budget period handler for period: MONTHLY
2026-04-18 10:36:01 INFO  c.a.b.workbench.runner.BudgetRunner - Retrieved 12 budget period categories for SubBudget ID: 10
2026-04-18 10:36:01 INFO  c.a.b.workbench.runner.BudgetRunner - BudgetPeriodCategory: BudgetPeriodCategory(category=Electric, budgeted=0.0, actual=120.95, remaining=0, dateRange=DateRange(startDate=2025-10-01, endDate=2025-10-31), biWeekRanges=null, isOverBudget=true, spendingPercentage=Infinity, budgetStatus=OVER_BUDGET)
2026-04-18 10:36:01 INFO  c.a.b.workbench.runner.BudgetRunner - BudgetPeriodCategory: BudgetPeriodCategory(category=Gas, budgeted=0.0, actual=85.73, remaining=0, dateRange=DateRange(startDate=2025-10-01, endDate=2025-10-31), biWeekRanges=null, isOverBudget=true, spendingPercentage=Infinity, budgetStatus=OVER_BUDGET)
2026-04-18 10:36:01 INFO  c.a.b.workbench.runner.BudgetRunner - BudgetPeriodCategory: BudgetPeriodCategory(category=Gas Bill, budgeted=0.0, actual=14.36, remaining=0, dateRange=DateRange(startDate=2025-10-01, endDate=2025-10-31), biWeekRanges=null, isOverBudget=true, spendingPercentage=Infinity, budgetStatus=OVER_BUDGET)
2026-04-18 10:36:01 INFO  c.a.b.workbench.runner.BudgetRunner - BudgetPeriodCategory: BudgetPeriodCategory(category=Groceries, budgeted=0.0, actual=522.19, remaining=0, dateRange=DateRange(startDate=2025-10-01, endDate=2025-10-31), biWeekRanges=null, isOverBudget=true, spendingPercentage=Infinity, budgetStatus=OVER_BUDGET)
2026-04-18 10:36:01 INFO  c.a.b.workbench.runner.BudgetRunner - BudgetPeriodCategory: BudgetPeriodCategory(category=Haircut, budgeted=0.0, actual=26.0, remaining=0, dateRange=DateRange(startDate=2025-10-01, endDate=2025-10-31), biWeekRanges=null, isOverBudget=true, spendingPercentage=Infinity, budgetStatus=OVER_BUDGET)
2026-04-18 10:36:01 INFO  c.a.b.workbench.runner.BudgetRunner - BudgetPeriodCategory: BudgetPeriodCategory(category=Insurance, budgeted=0.0, actual=80.07, remaining=0, dateRange=DateRange(startDate=2025-10-01, endDate=2025-10-31), biWeekRanges=null, isOverBudget=true, spendingPercentage=Infinity, budgetStatus=OVER_BUDGET)
2026-04-18 10:36:01 INFO  c.a.b.workbench.runner.BudgetRunner - BudgetPeriodCategory: BudgetPeriodCategory(category=Order Out, budgeted=0.0, actual=144.73, remaining=0, dateRange=DateRange(startDate=2025-10-01, endDate=2025-10-31), biWeekRanges=null, isOverBudget=true, spendingPercentage=Infinity, budgetStatus=OVER_BUDGET)
2026-04-18 10:36:01 INFO  c.a.b.workbench.runner.BudgetRunner - BudgetPeriodCategory: BudgetPeriodCategory(category=Other, budgeted=0.0, actual=49.02, remaining=0, dateRange=DateRange(startDate=2025-10-01, endDate=2025-10-31), biWeekRanges=null, isOverBudget=true, spendingPercentage=Infinity, budgetStatus=OVER_BUDGET)
2026-04-18 10:36:01 INFO  c.a.b.workbench.runner.BudgetRunner - BudgetPeriodCategory: BudgetPeriodCategory(category=Payment, budgeted=0.0, actual=247.03, remaining=0, dateRange=DateRange(startDate=2025-10-01, endDate=2025-10-31), biWeekRanges=null, isOverBudget=true, spendingPercentage=Infinity, budgetStatus=OVER_BUDGET)
2026-04-18 10:36:01 INFO  c.a.b.workbench.runner.BudgetRunner - BudgetPeriodCategory: BudgetPeriodCategory(category=Rent, budgeted=0.0, actual=1919.34, remaining=0, dateRange=DateRange(startDate=2025-10-01, endDate=2025-10-31), biWeekRanges=null, isOverBudget=true, spendingPercentage=Infinity, budgetStatus=OVER_BUDGET)
2026-04-18 10:36:01 INFO  c.a.b.workbench.runner.BudgetRunner - BudgetPeriodCategory: BudgetPeriodCategory(category=Subscription, budgeted=0.0, actual=84.26, remaining=0, dateRange=DateRange(startDate=2025-10-01, endDate=2025-10-31), biWeekRanges=null, isOverBudget=true, spendingPercentage=Infinity, budgetStatus=OVER_BUDGET)
2026-04-18 10:36:01 INFO  c.a.b.workbench.runner.BudgetRunner - BudgetPeriodCategory: BudgetPeriodCategory(category=Utilities, budgeted=0.0, actual=114.18, remaining=0, dateRange=DateRange(startDate=2025-10-01, endDate=2025-10-31), biWeekRanges=null, isOverBudget=true, spendingPercentage=Infinity, budgetStatus=OVER_BUDGET)
2026-04-18 10:36:01 INFO  c.a.b.workbench.runner.BudgetRunner - Retrieved 5 top five expenses for SubBudget ID: 10
2026-04-18 10:36:01 INFO  c.a.b.workbench.runner.BudgetRunner - Retrieved Optional[ExpenseCategory(category=Expense, budgetedExpenses=3971.0000000000000000, actualExpenses=3407.86, remainingExpenses=563.1400000000000000, isActive=true, startDate=2025-10-01, endDate=2025-10-31, isVariable=false)] expense categories for SubBudget ID: 10
2026-04-18 10:36:01 INFO  c.a.b.w.b.SubBudgetMonthOverviewServiceImpl - Adjusted start date from 2025-10-01 to 2025-09-28 to include end of previous year
2026-04-18 10:36:01 INFO  c.a.b.w.b.SubBudgetMonthOverviewServiceImpl - SubBudgetIds: [10, 9]
2026-04-18 10:36:01 INFO  c.a.b.w.b.SubBudgetMonthOverviewServiceImpl - Previous sub budget id is 9
2026-04-18 10:36:01 INFO  c.a.b.workbench.runner.BudgetRunner - Retrieved Optional[IncomeCategory(category=Income, budgetedIncome=3971.0000000000000000, actualBudgetedIncome=4356.07, remainingIncome=-385.07, startMonth=null, endMonth=null, isActive=false)] income category for SubBudget ID: 10
2026-04-18 10:36:01 INFO  c.a.b.workbench.runner.BudgetRunner - Retrieved Optional[com.app.budgetbuddy.domain.SavingsCategory@4984d073] savings category for SubBudget ID: 10
2026-04-18 10:36:01 INFO  c.a.b.workbench.runner.BudgetRunner - Budget Runner Result: {subBudget=SubBudget(id=10, subBudgetName=October 2025 - Budget, allocatedAmount=3096.08, subSavingsTarget=874.92, subSavingsAmount=-5309.80, spentOnBudget=3179.90, budget=com.app.budgetbuddy.domain.Budget@210e662d, startDate=2025-10-01, endDate=2025-10-31, year=0, subBudgetGoals=null, budgetSchedule=[BudgetSchedule{budgetScheduleId=10, subBudgetId=10, startDate=2025-10-01, endDate=2025-10-31, scheduleRange=DateRange(startDate=2025-10-01, endDate=2025-10-31), budgetScheduleRanges=[BudgetScheduleRange(id=null, budgetScheduleId=49, spentOnRange=0.000, budgetedAmount=619.220, budgetDateRange=DateRange(startDate=2025-10-29, endDate=2025-10-31), rangeType=Week, isActive=false, startRange=2025-10-29, endRange=2025-10-31, isSingleDate=false), BudgetScheduleRange(id=null, budgetScheduleId=45, spentOnRange=0.000, budgetedAmount=619.220, budgetDateRange=DateRange(startDate=2025-10-01, endDate=2025-10-07), rangeType=Week, isActive=false, startRange=2025-10-01, endRange=2025-10-07, isSingleDate=false), BudgetScheduleRange(id=null, budgetScheduleId=46, spentOnRange=0.000, budgetedAmount=619.220, budgetDateRange=DateRange(startDate=2025-10-08, endDate=2025-10-14), rangeType=Week, isActive=false, startRange=2025-10-08, endRange=2025-10-14, isSingleDate=false), BudgetScheduleRange(id=null, budgetScheduleId=47, spentOnRange=0.000, budgetedAmount=619.220, budgetDateRange=DateRange(startDate=2025-10-15, endDate=2025-10-21), rangeType=Week, isActive=false, startRange=2025-10-15, endRange=2025-10-21, isSingleDate=false), BudgetScheduleRange(id=null, budgetScheduleId=48, spentOnRange=0.000, budgetedAmount=619.220, budgetDateRange=DateRange(startDate=2025-10-22, endDate=2025-10-28), rangeType=Week, isActive=false, startRange=2025-10-22, endRange=2025-10-28, isSingleDate=false)], periodType='MONTHLY', totalPeriods=5, status='ACTIVE', createdDate=null}], controlledBudgetCategory=null, isActive=true), budget=com.app.budgetbuddy.domain.Budget@7bc0085d, isOverBudget=false, budgetScheduleRanges=[BudgetScheduleRange(id=null, budgetScheduleId=49, spentOnRange=0.000, budgetedAmount=619.220, budgetDateRange=DateRange(startDate=2025-10-29, endDate=2025-10-31), rangeType=Week, isActive=false, startRange=2025-10-29, endRange=2025-10-31, isSingleDate=false), BudgetScheduleRange(id=null, budgetScheduleId=45, spentOnRange=0.000, budgetedAmount=619.220, budgetDateRange=DateRange(startDate=2025-10-01, endDate=2025-10-07), rangeType=Week, isActive=false, startRange=2025-10-01, endRange=2025-10-07, isSingleDate=false), BudgetScheduleRange(id=null, budgetScheduleId=46, spentOnRange=0.000, budgetedAmount=619.220, budgetDateRange=DateRange(startDate=2025-10-08, endDate=2025-10-14), rangeType=Week, isActive=false, startRange=2025-10-08, endRange=2025-10-14, isSingleDate=false), BudgetScheduleRange(id=null, budgetScheduleId=47, spentOnRange=0.000, budgetedAmount=619.220, budgetDateRange=DateRange(startDate=2025-10-15, endDate=2025-10-21), rangeType=Week, isActive=false, startRange=2025-10-15, endRange=2025-10-21, isSingleDate=false), BudgetScheduleRange(id=null, budgetScheduleId=48, spentOnRange=0.000, budgetedAmount=619.220, budgetDateRange=DateRange(startDate=2025-10-22, endDate=2025-10-28), rangeType=Week, isActive=false, startRange=2025-10-22, endRange=2025-10-28, isSingleDate=false)], spendingPercentage=0.0000, remainingAmount=37140.96, processDate=2026-04-18T10:36:01.468422900, budgetSchedule=BudgetSchedule{budgetScheduleId=10, subBudgetId=10, startDate=2025-10-01, endDate=2025-10-31, scheduleRange=DateRange(startDate=2025-10-01, endDate=2025-10-31), budgetScheduleRanges=[BudgetScheduleRange(id=null, budgetScheduleId=49, spentOnRange=0.000, budgetedAmount=619.220, budgetDateRange=DateRange(startDate=2025-10-29, endDate=2025-10-31), rangeType=Week, isActive=false, startRange=2025-10-29, endRange=2025-10-31, isSingleDate=false), BudgetScheduleRange(id=null, budgetScheduleId=45, spentOnRange=0.000, budgetedAmount=619.220, budgetDateRange=DateRange(startDate=2025-10-01, endDate=2025-10-07), rangeType=Week, isActive=false, startRange=2025-10-01, endRange=2025-10-07, isSingleDate=false), BudgetScheduleRange(id=null, budgetScheduleId=46, spentOnRange=0.000, budgetedAmount=619.220, budgetDateRange=DateRange(startDate=2025-10-08, endDate=2025-10-14), rangeType=Week, isActive=false, startRange=2025-10-08, endRange=2025-10-14, isSingleDate=false), BudgetScheduleRange(id=null, budgetScheduleId=47, spentOnRange=0.000, budgetedAmount=619.220, budgetDateRange=DateRange(startDate=2025-10-15, endDate=2025-10-21), rangeType=Week, isActive=false, startRange=2025-10-15, endRange=2025-10-21, isSingleDate=false), BudgetScheduleRange(id=null, budgetScheduleId=48, spentOnRange=0.000, budgetedAmount=619.220, budgetDateRange=DateRange(startDate=2025-10-22, endDate=2025-10-28), rangeType=Week, isActive=false, startRange=2025-10-22, endRange=2025-10-28, isSingleDate=false)], periodType='MONTHLY', totalPeriods=5, status='ACTIVE', createdDate=null}}
2026-04-18 10:39:44 ERROR o.a.c.c.C.[.[.[.[dispatcherServlet] - Servlet.service() for servlet [dispatcherServlet] in context with path [] threw exception [Request processing failed: java.lang.NullPointerException: Cannot invoke "com.app.budgetbuddy.entities.BPTemplateDetailEntity.getId()" because "bpTemplateDetailEntity" is null] with root cause
java.lang.NullPointerException: Cannot invoke "com.app.budgetbuddy.entities.BPTemplateDetailEntity.getId()" because "bpTemplateDetailEntity" is null
	at com.app.budgetbuddy.workbench.converter.BPTemplateDetailEntityToModelConverter.convert(BPTemplateDetailEntityToModelConverter.java:20)
	at com.app.budgetbuddy.services.BPTemplateDetailsServiceImpl.findByTemplateId(BPTemplateDetailsServiceImpl.java:128)
	at java.base/jdk.internal.reflect.DirectMethodHandleAccessor.invoke(DirectMethodHandleAccessor.java:103)
	at java.base/java.lang.reflect.Method.invoke(Method.java:580)
	at org.springframework.aop.support.AopUtils.invokeJoinpointUsingReflection(AopUtils.java:355)
	at org.springframework.aop.framework.ReflectiveMethodInvocation.invokeJoinpoint(ReflectiveMethodInvocation.java:196)
	at org.springframework.aop.framework.ReflectiveMethodInvocation.proceed(ReflectiveMethodInvocation.java:163)
	at org.springframework.aop.framework.CglibAopProxy$CglibMethodInvocation.proceed(CglibAopProxy.java:768)
	at org.springframework.transaction.interceptor.TransactionAspectSupport.invokeWithinTransaction(TransactionAspectSupport.java:379)
	at org.springframework.transaction.interceptor.TransactionInterceptor.invoke(TransactionInterceptor.java:119)
	at org.springframework.aop.framework.ReflectiveMethodInvocation.proceed(ReflectiveMethodInvocation.java:184)
	at org.springframework.aop.framework.CglibAopProxy$CglibMethodInvocation.proceed(CglibAopProxy.java:768)
	at org.springframework.aop.framework.CglibAopProxy$DynamicAdvisedInterceptor.intercept(CglibAopProxy.java:720)
	at com.app.budgetbuddy.services.BPTemplateDetailsServiceImpl$$SpringCGLIB$$0.findByTemplateId(<generated>)
	at com.app.budgetbuddy.workbench.budgetplanner.BPTemplateRunner.updateBPTemplateCategories(BPTemplateRunner.java:51)
	at com.app.budgetbuddy.controllers.BudgetPlannerController.updateBudgetTemplateCategories(BudgetPlannerController.java:36)
	at java.base/jdk.internal.reflect.DirectMethodHandleAccessor.invoke(DirectMethodHandleAccessor.java:103)
	at java.base/java.lang.reflect.Method.invoke(Method.java:580)
	at org.springframework.web.method.support.InvocableHandlerMethod.doInvoke(InvocableHandlerMethod.java:255)
	at org.springframework.web.method.support.InvocableHandlerMethod.invokeForRequest(InvocableHandlerMethod.java:188)
	at org.springframework.web.servlet.mvc.method.annotation.ServletInvocableHandlerMethod.invokeAndHandle(ServletInvocableHandlerMethod.java:118)
	at org.springframework.web.servlet.mvc.method.annotation.RequestMappingHandlerAdapter.invokeHandlerMethod(RequestMappingHandlerAdapter.java:926)
	at org.springframework.web.servlet.mvc.method.annotation.RequestMappingHandlerAdapter.handleInternal(RequestMappingHandlerAdapter.java:831)
	at org.springframework.web.servlet.mvc.method.AbstractHandlerMethodAdapter.handle(AbstractHandlerMethodAdapter.java:87)
	at org.springframework.web.servlet.DispatcherServlet.doDispatch(DispatcherServlet.java:1089)
	at org.springframework.web.servlet.DispatcherServlet.doService(DispatcherServlet.java:979)
	at org.springframework.web.servlet.FrameworkServlet.processRequest(FrameworkServlet.java:1014)
	at org.springframework.web.servlet.FrameworkServlet.doPut(FrameworkServlet.java:925)
	at jakarta.servlet.http.HttpServlet.service(HttpServlet.java:593)
	at org.springframework.web.servlet.FrameworkServlet.service(FrameworkServlet.java:885)
	at jakarta.servlet.http.HttpServlet.service(HttpServlet.java:658)
	at org.apache.catalina.core.ApplicationFilterChain.internalDoFilter(ApplicationFilterChain.java:195)
	at org.apache.catalina.core.ApplicationFilterChain.doFilter(ApplicationFilterChain.java:140)
	at org.apache.tomcat.websocket.server.WsFilter.doFilter(WsFilter.java:51)
	at org.apache.catalina.core.ApplicationFilterChain.internalDoFilter(ApplicationFilterChain.java:164)
	at org.apache.catalina.core.ApplicationFilterChain.doFilter(ApplicationFilterChain.java:140)
	at org.springframework.web.filter.CompositeFilter$VirtualFilterChain.doFilter(CompositeFilter.java:108)
	at org.springframework.security.web.FilterChainProxy.lambda$doFilterInternal$3(FilterChainProxy.java:231)
	at org.springframework.security.web.FilterChainProxy$VirtualFilterChain.doFilter(FilterChainProxy.java:365)
	at org.springframework.security.web.access.intercept.AuthorizationFilter.doFilter(AuthorizationFilter.java:100)
	at org.springframework.security.web.FilterChainProxy$VirtualFilterChain.doFilter(FilterChainProxy.java:374)
	at org.springframework.security.web.access.ExceptionTranslationFilter.doFilter(ExceptionTranslationFilter.java:126)
	at org.springframework.security.web.access.ExceptionTranslationFilter.doFilter(ExceptionTranslationFilter.java:120)
	at org.springframework.security.web.FilterChainProxy$VirtualFilterChain.doFilter(FilterChainProxy.java:374)
	at org.springframework.security.web.session.SessionManagementFilter.doFilter(SessionManagementFilter.java:131)
	at org.springframework.security.web.session.SessionManagementFilter.doFilter(SessionManagementFilter.java:85)
	at org.springframework.security.web.FilterChainProxy$VirtualFilterChain.doFilter(FilterChainProxy.java:374)
	at org.springframework.security.web.authentication.AnonymousAuthenticationFilter.doFilter(AnonymousAuthenticationFilter.java:100)
	at org.springframework.security.web.FilterChainProxy$VirtualFilterChain.doFilter(FilterChainProxy.java:374)
	at org.springframework.security.web.servletapi.SecurityContextHolderAwareRequestFilter.doFilter(SecurityContextHolderAwareRequestFilter.java:179)
	at org.springframework.security.web.FilterChainProxy$VirtualFilterChain.doFilter(FilterChainProxy.java:374)
	at org.springframework.security.web.savedrequest.RequestCacheAwareFilter.doFilter(RequestCacheAwareFilter.java:63)
	at org.springframework.security.web.FilterChainProxy$VirtualFilterChain.doFilter(FilterChainProxy.java:374)
	at org.springframework.security.web.authentication.logout.LogoutFilter.doFilter(LogoutFilter.java:107)
	at org.springframework.security.web.authentication.logout.LogoutFilter.doFilter(LogoutFilter.java:93)
	at org.springframework.security.web.FilterChainProxy$VirtualFilterChain.doFilter(FilterChainProxy.java:374)
	at org.springframework.security.web.header.HeaderWriterFilter.doHeadersAfter(HeaderWriterFilter.java:90)
	at org.springframework.security.web.header.HeaderWriterFilter.doFilterInternal(HeaderWriterFilter.java:75)
	at org.springframework.web.filter.OncePerRequestFilter.doFilter(OncePerRequestFilter.java:116)
	at org.springframework.security.web.FilterChainProxy$VirtualFilterChain.doFilter(FilterChainProxy.java:374)
	at org.springframework.security.web.context.SecurityContextHolderFilter.doFilter(SecurityContextHolderFilter.java:82)
	at org.springframework.security.web.context.SecurityContextHolderFilter.doFilter(SecurityContextHolderFilter.java:69)
	at org.springframework.security.web.FilterChainProxy$VirtualFilterChain.doFilter(FilterChainProxy.java:374)
	at org.springframework.security.web.context.request.async.WebAsyncManagerIntegrationFilter.doFilterInternal(WebAsyncManagerIntegrationFilter.java:62)
	at org.springframework.web.filter.OncePerRequestFilter.doFilter(OncePerRequestFilter.java:116)
	at org.springframework.security.web.FilterChainProxy$VirtualFilterChain.doFilter(FilterChainProxy.java:374)
	at org.springframework.security.web.session.DisableEncodeUrlFilter.doFilterInternal(DisableEncodeUrlFilter.java:42)
	at org.springframework.web.filter.OncePerRequestFilter.doFilter(OncePerRequestFilter.java:116)
	at org.springframework.security.web.FilterChainProxy$VirtualFilterChain.doFilter(FilterChainProxy.java:374)
	at org.springframework.security.web.FilterChainProxy.doFilterInternal(FilterChainProxy.java:233)
	at org.springframework.security.web.FilterChainProxy.doFilter(FilterChainProxy.java:191)
	at org.springframework.web.filter.CompositeFilter$VirtualFilterChain.doFilter(CompositeFilter.java:113)
	at org.springframework.web.servlet.handler.HandlerMappingIntrospector.lambda$createCacheFilter$3(HandlerMappingIntrospector.java:195)
	at org.springframework.web.filter.CompositeFilter$VirtualFilterChain.doFilter(CompositeFilter.java:113)
	at org.springframework.web.filter.CompositeFilter.doFilter(CompositeFilter.java:74)
	at org.springframework.security.config.annotation.web.configuration.WebMvcSecurityConfiguration$CompositeFilterChainProxy.doFilter(WebMvcSecurityConfiguration.java:230)
	at org.springframework.web.filter.DelegatingFilterProxy.invokeDelegate(DelegatingFilterProxy.java:352)
	at org.springframework.web.filter.DelegatingFilterProxy.doFilter(DelegatingFilterProxy.java:268)
	at org.apache.catalina.core.ApplicationFilterChain.internalDoFilter(ApplicationFilterChain.java:164)
	at org.apache.catalina.core.ApplicationFilterChain.doFilter(ApplicationFilterChain.java:140)
	at org.springframework.web.filter.RequestContextFilter.doFilterInternal(RequestContextFilter.java:100)
	at org.springframework.web.filter.OncePerRequestFilter.doFilter(OncePerRequestFilter.java:116)
	at org.apache.catalina.core.ApplicationFilterChain.internalDoFilter(ApplicationFilterChain.java:164)
	at org.apache.catalina.core.ApplicationFilterChain.doFilter(ApplicationFilterChain.java:140)
	at org.springframework.web.filter.FormContentFilter.doFilterInternal(FormContentFilter.java:93)
	at org.springframework.web.filter.OncePerRequestFilter.doFilter(OncePerRequestFilter.java:116)
	at org.apache.catalina.core.ApplicationFilterChain.internalDoFilter(ApplicationFilterChain.java:164)
	at org.apache.catalina.core.ApplicationFilterChain.doFilter(ApplicationFilterChain.java:140)
	at org.springframework.session.web.http.SessionRepositoryFilter.doFilterInternal(SessionRepositoryFilter.java:142)
	at org.springframework.session.web.http.OncePerRequestFilter.doFilter(OncePerRequestFilter.java:82)
	at org.springframework.web.filter.DelegatingFilterProxy.invokeDelegate(DelegatingFilterProxy.java:352)
	at org.springframework.web.filter.DelegatingFilterProxy.doFilter(DelegatingFilterProxy.java:268)
	at org.apache.catalina.core.ApplicationFilterChain.internalDoFilter(ApplicationFilterChain.java:164)
	at org.apache.catalina.core.ApplicationFilterChain.doFilter(ApplicationFilterChain.java:140)
	at org.springframework.web.filter.CharacterEncodingFilter.doFilterInternal(CharacterEncodingFilter.java:201)
	at org.springframework.web.filter.OncePerRequestFilter.doFilter(OncePerRequestFilter.java:116)
	at org.apache.catalina.core.ApplicationFilterChain.internalDoFilter(ApplicationFilterChain.java:164)
	at org.apache.catalina.core.ApplicationFilterChain.doFilter(ApplicationFilterChain.java:140)
	at org.apache.catalina.core.StandardWrapperValve.invoke(StandardWrapperValve.java:167)
	at org.apache.catalina.core.StandardContextValve.invoke(StandardContextValve.java:90)
	at org.apache.catalina.authenticator.AuthenticatorBase.invoke(AuthenticatorBase.java:483)
	at org.apache.catalina.core.StandardHostValve.invoke(StandardHostValve.java:115)
	at org.apache.catalina.valves.ErrorReportValve.invoke(ErrorReportValve.java:93)
	at org.apache.catalina.core.StandardEngineValve.invoke(StandardEngineValve.java:74)
	at org.apache.catalina.connector.CoyoteAdapter.service(CoyoteAdapter.java:344)
	at org.apache.coyote.http11.Http11Processor.service(Http11Processor.java:384)
	at org.apache.coyote.AbstractProcessorLight.process(AbstractProcessorLight.java:63)
	at org.apache.coyote.AbstractProtocol$ConnectionHandler.process(AbstractProtocol.java:904)
	at org.apache.tomcat.util.net.NioEndpoint$SocketProcessor.doRun(NioEndpoint.java:1741)
	at org.apache.tomcat.util.net.SocketProcessorBase.run(SocketProcessorBase.java:52)
	at org.apache.tomcat.util.threads.ThreadPoolExecutor.runWorker(ThreadPoolExecutor.java:1190)
	at org.apache.tomcat.util.threads.ThreadPoolExecutor$Worker.run(ThreadPoolExecutor.java:659)
	at org.apache.tomcat.util.threads.TaskThread$WrappingRunnable.run(TaskThread.java:63)
	at java.base/java.lang.Thread.run(Thread.java:1583)
2026-04-18 10:39:46 WARN  o.s.w.s.m.s.DefaultHandlerExceptionResolver - Ignoring exception, response committed already: org.springframework.http.converter.HttpMessageNotWritableException: Could not write JSON: Document nesting depth (1001) exceeds the maximum allowed (1000, from `StreamWriteConstraints.getMaxNestingDepth()`)
2026-04-18 10:39:46 WARN  o.s.w.s.m.s.DefaultHandlerExceptionResolver - Resolved [org.springframework.http.converter.HttpMessageNotWritableException: Could not write JSON: Document nesting depth (1001) exceeds the maximum allowed (1000, from `StreamWriteConstraints.getMaxNestingDepth()`)]
2026-04-18 10:39:46 WARN  o.s.w.s.m.s.DefaultHandlerExceptionResolver - Ignoring exception, response committed already: org.springframework.http.converter.HttpMessageNotWritableException: Could not write JSON: Document nesting depth (1001) exceeds the maximum allowed (1000, from `StreamWriteConstraints.getMaxNestingDepth()`)
2026-04-18 10:39:46 WARN  o.s.w.s.m.s.DefaultHandlerExceptionResolver - Resolved [org.springframework.http.converter.HttpMessageNotWritableException: Could not write JSON: Document nesting depth (1001) exceeds the maximum allowed (1000, from `StreamWriteConstraints.getMaxNestingDepth()`)]
2026-04-18 10:47:58 INFO  o.s.b.d.a.LocalDevToolsAutoConfiguration$RestartingClassPathChangeChangedEventListener - Restarting due to 2 class path changes (0 additions, 2 deletions, 0 modifications)
2026-04-18 10:47:58 INFO  org.quartz.core.QuartzScheduler - Scheduler quartzScheduler_$_NON_CLUSTERED paused.
2026-04-18 10:47:58 INFO  o.a.coyote.http11.Http11NioProtocol - Stopping ProtocolHandler ["http-nio-8080"]
2026-04-18 10:47:58 INFO  o.s.s.quartz.SchedulerFactoryBean - Shutting down Quartz Scheduler
2026-04-18 10:47:58 INFO  org.quartz.core.QuartzScheduler - Scheduler quartzScheduler_$_NON_CLUSTERED shutting down.
2026-04-18 10:47:58 INFO  org.quartz.core.QuartzScheduler - Scheduler quartzScheduler_$_NON_CLUSTERED paused.
2026-04-18 10:47:58 INFO  org.quartz.core.QuartzScheduler - Scheduler quartzScheduler_$_NON_CLUSTERED shutdown complete.
2026-04-18 10:47:58 INFO  o.s.o.j.LocalContainerEntityManagerFactoryBean - Closing JPA EntityManagerFactory for persistence unit 'default'
