2026-04-13 12:09:24 INFO  c.a.b.BudgetBuddyApplication - Starting BudgetBuddyApplication using Java 21.0.9 with PID 19308 (C:\Users\alexk\Documents\BudgetBuddy\target\classes started by alexk in C:\Users\alexk\Documents\BudgetBuddy)
2026-04-13 12:09:24 DEBUG c.a.b.BudgetBuddyApplication - Running with Spring Boot v3.3.3, Spring v6.1.12
2026-04-13 12:09:24 INFO  c.a.b.BudgetBuddyApplication - No active profile set, falling back to 1 default profile: "default"
2026-04-13 12:09:24 INFO  o.s.d.r.c.RepositoryConfigurationDelegate - Multiple Spring Data modules found, entering strict repository configuration mode
2026-04-13 12:09:24 INFO  o.s.d.r.c.RepositoryConfigurationDelegate - Bootstrapping Spring Data JPA repositories in DEFAULT mode.
2026-04-13 12:09:24 INFO  o.s.d.r.c.RepositoryConfigurationDelegate - Finished Spring Data repository scanning in 69 ms. Found 39 JPA repository interfaces.
2026-04-13 12:09:24 INFO  o.s.d.r.c.RepositoryConfigurationDelegate - Multiple Spring Data modules found, entering strict repository configuration mode
2026-04-13 12:09:24 INFO  o.s.d.r.c.RepositoryConfigurationDelegate - Bootstrapping Spring Data Redis repositories in DEFAULT mode.
2026-04-13 12:09:24 INFO  o.s.d.r.c.RepositoryConfigurationExtensionSupport - Spring Data Redis - Could not safely identify store assignment for repository candidate interface com.app.budgetbuddy.repositories.AccountRepository; If you want this repository to be a Redis repository, consider annotating your entities with one of these annotations: org.springframework.data.redis.core.RedisHash (preferred), or consider extending one of the following types with your repository: org.springframework.data.keyvalue.repository.KeyValueRepository
2026-04-13 12:09:24 INFO  o.s.d.r.c.RepositoryConfigurationExtensionSupport - Spring Data Redis - Could not safely identify store assignment for repository candidate interface com.app.budgetbuddy.repositories.BPAccountBalanceRepository; If you want this repository to be a Redis repository, consider annotating your entities with one of these annotations: org.springframework.data.redis.core.RedisHash (preferred), or consider extending one of the following types with your repository: org.springframework.data.keyvalue.repository.KeyValueRepository
2026-04-13 12:09:24 INFO  o.s.d.r.c.RepositoryConfigurationExtensionSupport - Spring Data Redis - Could not safely identify store assignment for repository candidate interface com.app.budgetbuddy.repositories.BPBudgetCategoryRepository; If you want this repository to be a Redis repository, consider annotating your entities with one of these annotations: org.springframework.data.redis.core.RedisHash (preferred), or consider extending one of the following types with your repository: org.springframework.data.keyvalue.repository.KeyValueRepository
2026-04-13 12:09:24 INFO  o.s.d.r.c.RepositoryConfigurationExtensionSupport - Spring Data Redis - Could not safely identify store assignment for repository candidate interface com.app.budgetbuddy.repositories.BPCategoryDetailsRepository; If you want this repository to be a Redis repository, consider annotating your entities with one of these annotations: org.springframework.data.redis.core.RedisHash (preferred), or consider extending one of the following types with your repository: org.springframework.data.keyvalue.repository.KeyValueRepository
2026-04-13 12:09:24 INFO  o.s.d.r.c.RepositoryConfigurationExtensionSupport - Spring Data Redis - Could not safely identify store assignment for repository candidate interface com.app.budgetbuddy.repositories.BPCategoryGroupMemberRepository; If you want this repository to be a Redis repository, consider annotating your entities with one of these annotations: org.springframework.data.redis.core.RedisHash (preferred), or consider extending one of the following types with your repository: org.springframework.data.keyvalue.repository.KeyValueRepository
2026-04-13 12:09:24 INFO  o.s.d.r.c.RepositoryConfigurationExtensionSupport - Spring Data Redis - Could not safely identify store assignment for repository candidate interface com.app.budgetbuddy.repositories.BPCategoryGroupRepository; If you want this repository to be a Redis repository, consider annotating your entities with one of these annotations: org.springframework.data.redis.core.RedisHash (preferred), or consider extending one of the following types with your repository: org.springframework.data.keyvalue.repository.KeyValueRepository
2026-04-13 12:09:24 INFO  o.s.d.r.c.RepositoryConfigurationExtensionSupport - Spring Data Redis - Could not safely identify store assignment for repository candidate interface com.app.budgetbuddy.repositories.BPCellRepository; If you want this repository to be a Redis repository, consider annotating your entities with one of these annotations: org.springframework.data.redis.core.RedisHash (preferred), or consider extending one of the following types with your repository: org.springframework.data.keyvalue.repository.KeyValueRepository
2026-04-13 12:09:24 INFO  o.s.d.r.c.RepositoryConfigurationExtensionSupport - Spring Data Redis - Could not safely identify store assignment for repository candidate interface com.app.budgetbuddy.repositories.BPColumnRepository; If you want this repository to be a Redis repository, consider annotating your entities with one of these annotations: org.springframework.data.redis.core.RedisHash (preferred), or consider extending one of the following types with your repository: org.springframework.data.keyvalue.repository.KeyValueRepository
2026-04-13 12:09:24 INFO  o.s.d.r.c.RepositoryConfigurationExtensionSupport - Spring Data Redis - Could not safely identify store assignment for repository candidate interface com.app.budgetbuddy.repositories.BPRowRepository; If you want this repository to be a Redis repository, consider annotating your entities with one of these annotations: org.springframework.data.redis.core.RedisHash (preferred), or consider extending one of the following types with your repository: org.springframework.data.keyvalue.repository.KeyValueRepository
2026-04-13 12:09:24 INFO  o.s.d.r.c.RepositoryConfigurationExtensionSupport - Spring Data Redis - Could not safely identify store assignment for repository candidate interface com.app.budgetbuddy.repositories.BPTemplateDetailsRepository; If you want this repository to be a Redis repository, consider annotating your entities with one of these annotations: org.springframework.data.redis.core.RedisHash (preferred), or consider extending one of the following types with your repository: org.springframework.data.keyvalue.repository.KeyValueRepository
2026-04-13 12:09:24 INFO  o.s.d.r.c.RepositoryConfigurationExtensionSupport - Spring Data Redis - Could not safely identify store assignment for repository candidate interface com.app.budgetbuddy.repositories.BPTemplateRepository; If you want this repository to be a Redis repository, consider annotating your entities with one of these annotations: org.springframework.data.redis.core.RedisHash (preferred), or consider extending one of the following types with your repository: org.springframework.data.keyvalue.repository.KeyValueRepository
2026-04-13 12:09:24 INFO  o.s.d.r.c.RepositoryConfigurationExtensionSupport - Spring Data Redis - Could not safely identify store assignment for repository candidate interface com.app.budgetbuddy.repositories.BPWeekDetailsRepository; If you want this repository to be a Redis repository, consider annotating your entities with one of these annotations: org.springframework.data.redis.core.RedisHash (preferred), or consider extending one of the following types with your repository: org.springframework.data.keyvalue.repository.KeyValueRepository
2026-04-13 12:09:24 INFO  o.s.d.r.c.RepositoryConfigurationExtensionSupport - Spring Data Redis - Could not safely identify store assignment for repository candidate interface com.app.budgetbuddy.repositories.BudgetCategoryRepository; If you want this repository to be a Redis repository, consider annotating your entities with one of these annotations: org.springframework.data.redis.core.RedisHash (preferred), or consider extending one of the following types with your repository: org.springframework.data.keyvalue.repository.KeyValueRepository
2026-04-13 12:09:24 INFO  o.s.d.r.c.RepositoryConfigurationExtensionSupport - Spring Data Redis - Could not safely identify store assignment for repository candidate interface com.app.budgetbuddy.repositories.BudgetGoalsRepository; If you want this repository to be a Redis repository, consider annotating your entities with one of these annotations: org.springframework.data.redis.core.RedisHash (preferred), or consider extending one of the following types with your repository: org.springframework.data.keyvalue.repository.KeyValueRepository
2026-04-13 12:09:24 INFO  o.s.d.r.c.RepositoryConfigurationExtensionSupport - Spring Data Redis - Could not safely identify store assignment for repository candidate interface com.app.budgetbuddy.repositories.BudgetRepository; If you want this repository to be a Redis repository, consider annotating your entities with one of these annotations: org.springframework.data.redis.core.RedisHash (preferred), or consider extending one of the following types with your repository: org.springframework.data.keyvalue.repository.KeyValueRepository
2026-04-13 12:09:24 INFO  o.s.d.r.c.RepositoryConfigurationExtensionSupport - Spring Data Redis - Could not safely identify store assignment for repository candidate interface com.app.budgetbuddy.repositories.BudgetScheduleRangeRepository; If you want this repository to be a Redis repository, consider annotating your entities with one of these annotations: org.springframework.data.redis.core.RedisHash (preferred), or consider extending one of the following types with your repository: org.springframework.data.keyvalue.repository.KeyValueRepository
2026-04-13 12:09:24 INFO  o.s.d.r.c.RepositoryConfigurationExtensionSupport - Spring Data Redis - Could not safely identify store assignment for repository candidate interface com.app.budgetbuddy.repositories.BudgetScheduleRepository; If you want this repository to be a Redis repository, consider annotating your entities with one of these annotations: org.springframework.data.redis.core.RedisHash (preferred), or consider extending one of the following types with your repository: org.springframework.data.keyvalue.repository.KeyValueRepository
2026-04-13 12:09:24 INFO  o.s.d.r.c.RepositoryConfigurationExtensionSupport - Spring Data Redis - Could not safely identify store assignment for repository candidate interface com.app.budgetbuddy.repositories.BudgetStatisticsRepository; If you want this repository to be a Redis repository, consider annotating your entities with one of these annotations: org.springframework.data.redis.core.RedisHash (preferred), or consider extending one of the following types with your repository: org.springframework.data.keyvalue.repository.KeyValueRepository
2026-04-13 12:09:24 INFO  o.s.d.r.c.RepositoryConfigurationExtensionSupport - Spring Data Redis - Could not safely identify store assignment for repository candidate interface com.app.budgetbuddy.repositories.CategoryRepository; If you want this repository to be a Redis repository, consider annotating your entities with one of these annotations: org.springframework.data.redis.core.RedisHash (preferred), or consider extending one of the following types with your repository: org.springframework.data.keyvalue.repository.KeyValueRepository
2026-04-13 12:09:24 INFO  o.s.d.r.c.RepositoryConfigurationExtensionSupport - Spring Data Redis - Could not safely identify store assignment for repository candidate interface com.app.budgetbuddy.repositories.ControlledSpendingCategoryRepository; If you want this repository to be a Redis repository, consider annotating your entities with one of these annotations: org.springframework.data.redis.core.RedisHash (preferred), or consider extending one of the following types with your repository: org.springframework.data.keyvalue.repository.KeyValueRepository
2026-04-13 12:09:24 INFO  o.s.d.r.c.RepositoryConfigurationExtensionSupport - Spring Data Redis - Could not safely identify store assignment for repository candidate interface com.app.budgetbuddy.repositories.CSVAccountRepository; If you want this repository to be a Redis repository, consider annotating your entities with one of these annotations: org.springframework.data.redis.core.RedisHash (preferred), or consider extending one of the following types with your repository: org.springframework.data.keyvalue.repository.KeyValueRepository
2026-04-13 12:09:24 INFO  o.s.d.r.c.RepositoryConfigurationExtensionSupport - Spring Data Redis - Could not safely identify store assignment for repository candidate interface com.app.budgetbuddy.repositories.CSVTransactionRepository; If you want this repository to be a Redis repository, consider annotating your entities with one of these annotations: org.springframework.data.redis.core.RedisHash (preferred), or consider extending one of the following types with your repository: org.springframework.data.keyvalue.repository.KeyValueRepository
2026-04-13 12:09:24 INFO  o.s.d.r.c.RepositoryConfigurationExtensionSupport - Spring Data Redis - Could not safely identify store assignment for repository candidate interface com.app.budgetbuddy.repositories.GroceryBudgetRepository; If you want this repository to be a Redis repository, consider annotating your entities with one of these annotations: org.springframework.data.redis.core.RedisHash (preferred), or consider extending one of the following types with your repository: org.springframework.data.keyvalue.repository.KeyValueRepository
2026-04-13 12:09:24 INFO  o.s.d.r.c.RepositoryConfigurationExtensionSupport - Spring Data Redis - Could not safely identify store assignment for repository candidate interface com.app.budgetbuddy.repositories.GroceryListRepository; If you want this repository to be a Redis repository, consider annotating your entities with one of these annotations: org.springframework.data.redis.core.RedisHash (preferred), or consider extending one of the following types with your repository: org.springframework.data.keyvalue.repository.KeyValueRepository
2026-04-13 12:09:24 INFO  o.s.d.r.c.RepositoryConfigurationExtensionSupport - Spring Data Redis - Could not safely identify store assignment for repository candidate interface com.app.budgetbuddy.repositories.GroceryReceiptRepository; If you want this repository to be a Redis repository, consider annotating your entities with one of these annotations: org.springframework.data.redis.core.RedisHash (preferred), or consider extending one of the following types with your repository: org.springframework.data.keyvalue.repository.KeyValueRepository
2026-04-13 12:09:24 INFO  o.s.d.r.c.RepositoryConfigurationExtensionSupport - Spring Data Redis - Could not safely identify store assignment for repository candidate interface com.app.budgetbuddy.repositories.PlaidCategoriesRepository; If you want this repository to be a Redis repository, consider annotating your entities with one of these annotations: org.springframework.data.redis.core.RedisHash (preferred), or consider extending one of the following types with your repository: org.springframework.data.keyvalue.repository.KeyValueRepository
2026-04-13 12:09:24 INFO  o.s.d.r.c.RepositoryConfigurationExtensionSupport - Spring Data Redis - Could not safely identify store assignment for repository candidate interface com.app.budgetbuddy.repositories.PlaidCursorRepository; If you want this repository to be a Redis repository, consider annotating your entities with one of these annotations: org.springframework.data.redis.core.RedisHash (preferred), or consider extending one of the following types with your repository: org.springframework.data.keyvalue.repository.KeyValueRepository
2026-04-13 12:09:24 INFO  o.s.d.r.c.RepositoryConfigurationExtensionSupport - Spring Data Redis - Could not safely identify store assignment for repository candidate interface com.app.budgetbuddy.repositories.PlaidLinkRepository; If you want this repository to be a Redis repository, consider annotating your entities with one of these annotations: org.springframework.data.redis.core.RedisHash (preferred), or consider extending one of the following types with your repository: org.springframework.data.keyvalue.repository.KeyValueRepository
2026-04-13 12:09:24 INFO  o.s.d.r.c.RepositoryConfigurationExtensionSupport - Spring Data Redis - Could not safely identify store assignment for repository candidate interface com.app.budgetbuddy.repositories.PreCalculationCategoryRepository; If you want this repository to be a Redis repository, consider annotating your entities with one of these annotations: org.springframework.data.redis.core.RedisHash (preferred), or consider extending one of the following types with your repository: org.springframework.data.keyvalue.repository.KeyValueRepository
2026-04-13 12:09:24 INFO  o.s.d.r.c.RepositoryConfigurationExtensionSupport - Spring Data Redis - Could not safely identify store assignment for repository candidate interface com.app.budgetbuddy.repositories.RecurringTransactionsRepository; If you want this repository to be a Redis repository, consider annotating your entities with one of these annotations: org.springframework.data.redis.core.RedisHash (preferred), or consider extending one of the following types with your repository: org.springframework.data.keyvalue.repository.KeyValueRepository
2026-04-13 12:09:24 INFO  o.s.d.r.c.RepositoryConfigurationExtensionSupport - Spring Data Redis - Could not safely identify store assignment for repository candidate interface com.app.budgetbuddy.repositories.SubBudgetGoalsRepository; If you want this repository to be a Redis repository, consider annotating your entities with one of these annotations: org.springframework.data.redis.core.RedisHash (preferred), or consider extending one of the following types with your repository: org.springframework.data.keyvalue.repository.KeyValueRepository
2026-04-13 12:09:24 INFO  o.s.d.r.c.RepositoryConfigurationExtensionSupport - Spring Data Redis - Could not safely identify store assignment for repository candidate interface com.app.budgetbuddy.repositories.SubBudgetRepository; If you want this repository to be a Redis repository, consider annotating your entities with one of these annotations: org.springframework.data.redis.core.RedisHash (preferred), or consider extending one of the following types with your repository: org.springframework.data.keyvalue.repository.KeyValueRepository
2026-04-13 12:09:24 INFO  o.s.d.r.c.RepositoryConfigurationExtensionSupport - Spring Data Redis - Could not safely identify store assignment for repository candidate interface com.app.budgetbuddy.repositories.SystemCategoryRulesRepository; If you want this repository to be a Redis repository, consider annotating your entities with one of these annotations: org.springframework.data.redis.core.RedisHash (preferred), or consider extending one of the following types with your repository: org.springframework.data.keyvalue.repository.KeyValueRepository
2026-04-13 12:09:24 INFO  o.s.d.r.c.RepositoryConfigurationExtensionSupport - Spring Data Redis - Could not safely identify store assignment for repository candidate interface com.app.budgetbuddy.repositories.TransactionCategoryRepository; If you want this repository to be a Redis repository, consider annotating your entities with one of these annotations: org.springframework.data.redis.core.RedisHash (preferred), or consider extending one of the following types with your repository: org.springframework.data.keyvalue.repository.KeyValueRepository
2026-04-13 12:09:24 INFO  o.s.d.r.c.RepositoryConfigurationExtensionSupport - Spring Data Redis - Could not safely identify store assignment for repository candidate interface com.app.budgetbuddy.repositories.TransactionRepository; If you want this repository to be a Redis repository, consider annotating your entities with one of these annotations: org.springframework.data.redis.core.RedisHash (preferred), or consider extending one of the following types with your repository: org.springframework.data.keyvalue.repository.KeyValueRepository
2026-04-13 12:09:24 INFO  o.s.d.r.c.RepositoryConfigurationExtensionSupport - Spring Data Redis - Could not safely identify store assignment for repository candidate interface com.app.budgetbuddy.repositories.TransactionRuleRepository; If you want this repository to be a Redis repository, consider annotating your entities with one of these annotations: org.springframework.data.redis.core.RedisHash (preferred), or consider extending one of the following types with your repository: org.springframework.data.keyvalue.repository.KeyValueRepository
2026-04-13 12:09:24 INFO  o.s.d.r.c.RepositoryConfigurationExtensionSupport - Spring Data Redis - Could not safely identify store assignment for repository candidate interface com.app.budgetbuddy.repositories.UserCategoryRepository; If you want this repository to be a Redis repository, consider annotating your entities with one of these annotations: org.springframework.data.redis.core.RedisHash (preferred), or consider extending one of the following types with your repository: org.springframework.data.keyvalue.repository.KeyValueRepository
2026-04-13 12:09:24 INFO  o.s.d.r.c.RepositoryConfigurationExtensionSupport - Spring Data Redis - Could not safely identify store assignment for repository candidate interface com.app.budgetbuddy.repositories.UserLogRepository; If you want this repository to be a Redis repository, consider annotating your entities with one of these annotations: org.springframework.data.redis.core.RedisHash (preferred), or consider extending one of the following types with your repository: org.springframework.data.keyvalue.repository.KeyValueRepository
2026-04-13 12:09:24 INFO  o.s.d.r.c.RepositoryConfigurationExtensionSupport - Spring Data Redis - Could not safely identify store assignment for repository candidate interface com.app.budgetbuddy.repositories.UserRepository; If you want this repository to be a Redis repository, consider annotating your entities with one of these annotations: org.springframework.data.redis.core.RedisHash (preferred), or consider extending one of the following types with your repository: org.springframework.data.keyvalue.repository.KeyValueRepository
2026-04-13 12:09:24 INFO  o.s.d.r.c.RepositoryConfigurationDelegate - Finished Spring Data repository scanning in 38 ms. Found 0 Redis repository interfaces.
2026-04-13 12:09:24 INFO  o.s.b.w.e.tomcat.TomcatWebServer - Tomcat initialized with port 8080 (http)
2026-04-13 12:09:24 INFO  o.a.coyote.http11.Http11NioProtocol - Initializing ProtocolHandler ["http-nio-8080"]
2026-04-13 12:09:24 INFO  o.a.catalina.core.StandardService - Starting service [Tomcat]
2026-04-13 12:09:24 INFO  o.a.catalina.core.StandardEngine - Starting Servlet engine: [Apache Tomcat/10.1.28]
2026-04-13 12:09:24 INFO  o.a.c.c.C.[Tomcat].[localhost].[/] - Initializing Spring embedded WebApplicationContext
2026-04-13 12:09:24 INFO  o.s.b.w.s.c.ServletWebServerApplicationContext - Root WebApplicationContext: initialization completed in 534 ms
2026-04-13 12:09:24 INFO  o.h.jpa.internal.util.LogHelper - HHH000204: Processing PersistenceUnitInfo [name: default]
2026-04-13 12:09:24 INFO  o.h.c.i.RegionFactoryInitiator - HHH000026: Second-level cache disabled
2026-04-13 12:09:25 INFO  o.s.o.j.p.SpringPersistenceUnitInfo - No LoadTimeWeaver setup: ignoring JPA class transformer
2026-04-13 12:09:25 WARN  org.hibernate.orm.deprecation - HHH90000025: PostgreSQLDialect does not need to be specified explicitly using 'hibernate.dialect' (remove the property setting and it will be selected by default)
2026-04-13 12:09:25 DEBUG o.h.t.d.sql.spi.DdlTypeRegistry - addDescriptor(2003, org.hibernate.type.descriptor.sql.internal.ArrayDdlTypeImpl@7f5df977) replaced previous registration(org.hibernate.type.descriptor.sql.internal.ArrayDdlTypeImpl@6bde65a)
2026-04-13 12:09:25 DEBUG o.h.t.d.sql.spi.DdlTypeRegistry - addDescriptor(6, org.hibernate.type.descriptor.sql.internal.CapacityDependentDdlType@5bd53fce) replaced previous registration(org.hibernate.type.descriptor.sql.internal.DdlTypeImpl@205497b1)
2026-04-13 12:09:25 INFO  o.h.e.t.j.p.i.JtaPlatformInitiator - HHH000489: No JTA platform available (set 'hibernate.transaction.jta.platform' to enable JTA platform integration)
2026-04-13 12:09:25 INFO  o.s.o.j.LocalContainerEntityManagerFactoryBean - Initialized JPA EntityManagerFactory for persistence unit 'default'
2026-04-13 12:09:26 WARN  o.s.b.a.o.j.JpaBaseConfiguration$JpaWebConfiguration - spring.jpa.open-in-view is enabled by default. Therefore, database queries may be performed during view rendering. Explicitly configure spring.jpa.open-in-view to disable this warning
2026-04-13 12:09:26 INFO  o.s.s.c.a.a.c.InitializeAuthenticationProviderBeanManagerConfigurer$InitializeAuthenticationProviderManagerConfigurer - Global AuthenticationManager configured with AuthenticationProvider bean with name authenticationService
2026-04-13 12:09:26 WARN  o.s.s.c.a.a.c.InitializeUserDetailsBeanManagerConfigurer$InitializeUserDetailsManagerConfigurer - Global AuthenticationManager configured with an AuthenticationProvider bean. UserDetailsService beans will not be used for username/password login. Consider removing the AuthenticationProvider bean. Alternatively, consider using the UserDetailsService in a manually instantiated DaoAuthenticationProvider.
2026-04-13 12:09:26 INFO  org.quartz.impl.StdSchedulerFactory - Using default implementation for ThreadExecutor
2026-04-13 12:09:26 INFO  o.quartz.core.SchedulerSignalerImpl - Initialized Scheduler Signaller of type: class org.quartz.core.SchedulerSignalerImpl
2026-04-13 12:09:26 INFO  org.quartz.core.QuartzScheduler - Quartz Scheduler v.2.3.2 created.
2026-04-13 12:09:26 INFO  org.quartz.simpl.RAMJobStore - RAMJobStore initialized.
2026-04-13 12:09:26 INFO  org.quartz.core.QuartzScheduler - Scheduler meta-data: Quartz Scheduler (v2.3.2) 'quartzScheduler' with instanceId 'NON_CLUSTERED'
  Scheduler class: 'org.quartz.core.QuartzScheduler' - running locally.
  NOT STARTED.
  Currently in standby mode.
  Number of jobs executed: 0
  Using thread pool 'org.quartz.simpl.SimpleThreadPool' - with 10 threads.
  Using job-store 'org.quartz.simpl.RAMJobStore' - which does not support persistence. and is not clustered.

2026-04-13 12:09:26 INFO  org.quartz.impl.StdSchedulerFactory - Quartz scheduler 'quartzScheduler' initialized from an externally provided properties instance.
2026-04-13 12:09:26 INFO  org.quartz.impl.StdSchedulerFactory - Quartz scheduler version: 2.3.2
2026-04-13 12:09:26 INFO  org.quartz.core.QuartzScheduler - JobFactory set to: org.springframework.scheduling.quartz.SpringBeanJobFactory@1e5084e7
2026-04-13 12:09:26 INFO  o.s.b.d.a.OptionalLiveReloadServer - LiveReload server is running on port 35729
2026-04-13 12:09:26 INFO  o.a.coyote.http11.Http11NioProtocol - Starting ProtocolHandler ["http-nio-8080"]
2026-04-13 12:09:26 INFO  o.s.b.w.e.tomcat.TomcatWebServer - Tomcat started on port 8080 (http) with context path '/'
2026-04-13 12:09:26 INFO  o.s.s.quartz.SchedulerFactoryBean - Starting Quartz Scheduler now
2026-04-13 12:09:26 INFO  org.quartz.core.QuartzScheduler - Scheduler quartzScheduler_$_NON_CLUSTERED started.
2026-04-13 12:09:26 INFO  c.a.b.BudgetBuddyApplication - Started BudgetBuddyApplication in 1.834 seconds (process running for 1981.971)
2026-04-13 12:09:26 INFO  o.s.b.d.a.ConditionEvaluationDeltaLoggingListener - Condition evaluation unchanged
2026-04-13 12:23:34 INFO  o.a.c.c.C.[Tomcat].[localhost].[/] - Initializing Spring DispatcherServlet 'dispatcherServlet'
2026-04-13 12:23:34 INFO  o.s.web.servlet.DispatcherServlet - Initializing Servlet 'dispatcherServlet'
2026-04-13 12:23:34 INFO  o.s.web.servlet.DispatcherServlet - Completed initialization in 2 ms
2026-04-13 12:23:34 WARN  o.s.w.s.m.s.DefaultHandlerExceptionResolver - Ignoring exception, response committed already: org.springframework.http.converter.HttpMessageNotWritableException: Could not write JSON: Document nesting depth (1001) exceeds the maximum allowed (1000, from `StreamWriteConstraints.getMaxNestingDepth()`)
2026-04-13 12:23:34 WARN  o.s.w.s.m.s.DefaultHandlerExceptionResolver - Resolved [org.springframework.http.converter.HttpMessageNotWritableException: Could not write JSON: Document nesting depth (1001) exceeds the maximum allowed (1000, from `StreamWriteConstraints.getMaxNestingDepth()`)]
2026-04-13 12:23:34 INFO  c.a.b.w.budget.BudgetScheduleUtil - Retrieving Budget Schedule Ranges: [com.app.budgetbuddy.entities.BudgetScheduleRangeEntity@740117c1, com.app.budgetbuddy.entities.BudgetScheduleRangeEntity@7c4f798d, com.app.budgetbuddy.entities.BudgetScheduleRangeEntity@67464bc4, com.app.budgetbuddy.entities.BudgetScheduleRangeEntity@49a42911, com.app.budgetbuddy.entities.BudgetScheduleRangeEntity@2a22f74b], size: 5
2026-04-13 12:23:34 INFO  c.a.b.w.budget.BudgetScheduleUtil - Retrieving Budget Schedule Ranges: [com.app.budgetbuddy.entities.BudgetScheduleRangeEntity@68966376, com.app.budgetbuddy.entities.BudgetScheduleRangeEntity@2b0e9d0d, com.app.budgetbuddy.entities.BudgetScheduleRangeEntity@3f459d7, com.app.budgetbuddy.entities.BudgetScheduleRangeEntity@5f7e98ba, com.app.budgetbuddy.entities.BudgetScheduleRangeEntity@28e4af39], size: 5
2026-04-13 12:23:34 INFO  c.a.b.w.budget.BudgetScheduleUtil - Retrieving Budget Schedule Ranges: [com.app.budgetbuddy.entities.BudgetScheduleRangeEntity@4b4c54d8, com.app.budgetbuddy.entities.BudgetScheduleRangeEntity@512b3a6c, com.app.budgetbuddy.entities.BudgetScheduleRangeEntity@15169cbf, com.app.budgetbuddy.entities.BudgetScheduleRangeEntity@3435d908, com.app.budgetbuddy.entities.BudgetScheduleRangeEntity@5250909f], size: 5
2026-04-13 12:23:34 INFO  c.a.b.w.budget.BudgetScheduleUtil - Retrieving Budget Schedule Ranges: [com.app.budgetbuddy.entities.BudgetScheduleRangeEntity@6e103f02, com.app.budgetbuddy.entities.BudgetScheduleRangeEntity@96c1368, com.app.budgetbuddy.entities.BudgetScheduleRangeEntity@6834d2f1, com.app.budgetbuddy.entities.BudgetScheduleRangeEntity@7f420e1], size: 4
2026-04-13 12:23:34 INFO  c.a.b.w.budget.BudgetScheduleUtil - Retrieving Budget Schedule Ranges: [com.app.budgetbuddy.entities.BudgetScheduleRangeEntity@3ae58887, com.app.budgetbuddy.entities.BudgetScheduleRangeEntity@11e1cf58, com.app.budgetbuddy.entities.BudgetScheduleRangeEntity@4335cc8c, com.app.budgetbuddy.entities.BudgetScheduleRangeEntity@4ca504fe, com.app.budgetbuddy.entities.BudgetScheduleRangeEntity@27a5074b], size: 5
2026-04-13 12:23:34 INFO  c.a.b.w.budget.BudgetScheduleUtil - Retrieving Budget Schedule Ranges: [com.app.budgetbuddy.entities.BudgetScheduleRangeEntity@7459bfae, com.app.budgetbuddy.entities.BudgetScheduleRangeEntity@71a7315d, com.app.budgetbuddy.entities.BudgetScheduleRangeEntity@f8006ca, com.app.budgetbuddy.entities.BudgetScheduleRangeEntity@1517ad1c, com.app.budgetbuddy.entities.BudgetScheduleRangeEntity@4765f3be], size: 5
2026-04-13 12:23:34 WARN  o.s.w.s.m.s.DefaultHandlerExceptionResolver - Ignoring exception, response committed already: org.springframework.http.converter.HttpMessageNotWritableException: Could not write JSON: Document nesting depth (1001) exceeds the maximum allowed (1000, from `StreamWriteConstraints.getMaxNestingDepth()`)
2026-04-13 12:23:34 WARN  o.s.w.s.m.s.DefaultHandlerExceptionResolver - Resolved [org.springframework.http.converter.HttpMessageNotWritableException: Could not write JSON: Document nesting depth (1001) exceeds the maximum allowed (1000, from `StreamWriteConstraints.getMaxNestingDepth()`)]
2026-04-13 12:23:34 INFO  c.a.b.w.b.BPCategoryRowBuilderService - Total income: 4387.81
2026-04-13 12:23:34 INFO  c.a.b.w.b.BPCategoryRowBuilderService - Incomes: [BPCategory(name=Salary, type=INCOME, budgetCategoryId=null, range=DateRange(startDate=2025-11-01, endDate=2025-11-30), actual=4387.81, budgeted=0, lastAmount=null, isGroupHeader=false, columnIndex=0, isActive=true, isOverBudget=false)]
2026-04-13 12:23:34 INFO  c.a.b.w.b.BPCategoryRowBuilderService - Expenses: [BPCategory(name=Expenses, type=EXPENSE, budgetCategoryId=null, range=DateRange(startDate=2025-11-01, endDate=2025-11-30), actual=2721.88, budgeted=0, lastAmount=null, isGroupHeader=false, columnIndex=0, isActive=true, isOverBudget=false)]
2026-04-13 12:23:34 INFO  c.a.b.w.b.BPCategoryRowBuilderService - Columns: [BPColumn(columnIndex=0, dateRange=DateRange(startDate=2025-11-01, endDate=2025-11-30), period=MONTHLY, columnType=ACTUAL, isHeader=false)]
2026-04-13 12:23:34 INFO  c.a.b.w.b.BPCategoryRowBuilderService - Total income: 5896.54
2026-04-13 12:23:34 INFO  c.a.b.w.b.BPCategoryRowBuilderService - Incomes: [BPCategory(name=Salary, type=INCOME, budgetCategoryId=null, range=DateRange(startDate=2025-12-01, endDate=2025-12-31), actual=5896.54, budgeted=0, lastAmount=null, isGroupHeader=false, columnIndex=0, isActive=true, isOverBudget=false)]
2026-04-13 12:23:34 INFO  c.a.b.w.b.BPCategoryRowBuilderService - Expenses: [BPCategory(name=Expenses, type=EXPENSE, budgetCategoryId=null, range=DateRange(startDate=2025-12-01, endDate=2025-12-31), actual=3090.88, budgeted=0, lastAmount=null, isGroupHeader=false, columnIndex=0, isActive=true, isOverBudget=false)]
2026-04-13 12:23:34 INFO  c.a.b.w.b.BPCategoryRowBuilderService - Columns: [BPColumn(columnIndex=0, dateRange=DateRange(startDate=2025-12-01, endDate=2025-12-31), period=MONTHLY, columnType=ACTUAL, isHeader=false)]
2026-04-13 12:23:34 INFO  c.a.b.w.b.BPCategoryRowBuilderService - Total income: 3909.06
2026-04-13 12:23:34 INFO  c.a.b.w.b.BPCategoryRowBuilderService - Incomes: [BPCategory(name=Salary, type=INCOME, budgetCategoryId=null, range=DateRange(startDate=2026-01-01, endDate=2026-01-31), actual=3909.06, budgeted=0, lastAmount=null, isGroupHeader=false, columnIndex=0, isActive=true, isOverBudget=false)]
2026-04-13 12:23:34 INFO  c.a.b.w.b.BPCategoryRowBuilderService - Expenses: [BPCategory(name=Expenses, type=EXPENSE, budgetCategoryId=null, range=DateRange(startDate=2026-01-01, endDate=2026-01-31), actual=2412.01, budgeted=0, lastAmount=null, isGroupHeader=false, columnIndex=0, isActive=true, isOverBudget=false)]
2026-04-13 12:23:34 INFO  c.a.b.w.b.BPCategoryRowBuilderService - Columns: [BPColumn(columnIndex=0, dateRange=DateRange(startDate=2026-01-01, endDate=2026-01-31), period=MONTHLY, columnType=ACTUAL, isHeader=false)]
2026-04-13 12:23:34 INFO  c.a.b.w.b.BPCategoryRowBuilderService - Total income: 3937.09
2026-04-13 12:23:34 INFO  c.a.b.w.b.BPCategoryRowBuilderService - Incomes: [BPCategory(name=Salary, type=INCOME, budgetCategoryId=null, range=DateRange(startDate=2026-02-01, endDate=2026-02-28), actual=3937.09, budgeted=0, lastAmount=null, isGroupHeader=false, columnIndex=0, isActive=true, isOverBudget=false)]
2026-04-13 12:23:34 INFO  c.a.b.w.b.BPCategoryRowBuilderService - Expenses: [BPCategory(name=Expenses, type=EXPENSE, budgetCategoryId=null, range=DateRange(startDate=2026-02-01, endDate=2026-02-28), actual=3544.59, budgeted=0, lastAmount=null, isGroupHeader=false, columnIndex=0, isActive=true, isOverBudget=false)]
2026-04-13 12:23:34 INFO  c.a.b.w.b.BPCategoryRowBuilderService - Columns: [BPColumn(columnIndex=0, dateRange=DateRange(startDate=2026-02-01, endDate=2026-02-28), period=MONTHLY, columnType=ACTUAL, isHeader=false)]
2026-04-13 12:23:34 INFO  c.a.b.w.b.BPCategoryRowBuilderService - Total income: 1988.27
2026-04-13 12:23:34 INFO  c.a.b.w.b.BPCategoryRowBuilderService - Incomes: [BPCategory(name=Salary, type=INCOME, budgetCategoryId=null, range=DateRange(startDate=2026-03-01, endDate=2026-03-31), actual=1988.27, budgeted=0, lastAmount=null, isGroupHeader=false, columnIndex=0, isActive=true, isOverBudget=false)]
2026-04-13 12:23:34 INFO  c.a.b.w.b.BPCategoryRowBuilderService - Expenses: [BPCategory(name=Expenses, type=EXPENSE, budgetCategoryId=null, range=DateRange(startDate=2026-03-01, endDate=2026-03-31), actual=2983.82, budgeted=0, lastAmount=null, isGroupHeader=false, columnIndex=0, isActive=true, isOverBudget=false)]
2026-04-13 12:23:34 INFO  c.a.b.w.b.BPCategoryRowBuilderService - Columns: [BPColumn(columnIndex=0, dateRange=DateRange(startDate=2026-03-01, endDate=2026-03-31), period=MONTHLY, columnType=ACTUAL, isHeader=false)]
2026-04-13 12:23:35 INFO  c.a.b.w.b.BPCategoryRowBuilderService - Total income: 2012.97
2026-04-13 12:23:35 INFO  c.a.b.w.b.BPCategoryRowBuilderService - Incomes: [BPCategory(name=Salary, type=INCOME, budgetCategoryId=null, range=DateRange(startDate=2026-04-01, endDate=2026-04-30), actual=2012.97, budgeted=0, lastAmount=null, isGroupHeader=false, columnIndex=0, isActive=true, isOverBudget=false)]
2026-04-13 12:23:35 INFO  c.a.b.w.b.BPCategoryRowBuilderService - Expenses: [BPCategory(name=Expenses, type=EXPENSE, budgetCategoryId=null, range=DateRange(startDate=2026-04-01, endDate=2026-04-30), actual=1930.72, budgeted=0, lastAmount=null, isGroupHeader=false, columnIndex=0, isActive=true, isOverBudget=false)]
2026-04-13 12:23:35 INFO  c.a.b.w.b.BPCategoryRowBuilderService - Columns: [BPColumn(columnIndex=0, dateRange=DateRange(startDate=2026-04-01, endDate=2026-04-30), period=MONTHLY, columnType=ACTUAL, isHeader=false)]
2026-04-13 12:24:58 WARN  o.s.w.s.m.s.DefaultHandlerExceptionResolver - Ignoring exception, response committed already: org.springframework.http.converter.HttpMessageNotWritableException: Could not write JSON: Document nesting depth (1001) exceeds the maximum allowed (1000, from `StreamWriteConstraints.getMaxNestingDepth()`)
2026-04-13 12:24:58 WARN  o.s.w.s.m.s.DefaultHandlerExceptionResolver - Resolved [org.springframework.http.converter.HttpMessageNotWritableException: Could not write JSON: Document nesting depth (1001) exceeds the maximum allowed (1000, from `StreamWriteConstraints.getMaxNestingDepth()`)]
2026-04-13 12:24:58 INFO  c.a.b.services.BudgetServiceImpl - UserID: 1
2026-04-13 12:24:58 INFO  c.a.b.services.BudgetServiceImpl - Year: 2026
2026-04-13 12:24:58 INFO  c.a.b.services.BudgetServiceImpl - Budget exists for year 2026: true
2026-04-13 12:24:58 INFO  c.a.b.controllers.BudgetController - Budget exists: true
2026-04-13 12:24:58 WARN  o.s.w.s.m.s.DefaultHandlerExceptionResolver - Ignoring exception, response committed already: org.springframework.http.converter.HttpMessageNotWritableException: Could not write JSON: Document nesting depth (1001) exceeds the maximum allowed (1000, from `StreamWriteConstraints.getMaxNestingDepth()`)
2026-04-13 12:24:58 WARN  o.s.w.s.m.s.DefaultHandlerExceptionResolver - Resolved [org.springframework.http.converter.HttpMessageNotWritableException: Could not write JSON: Document nesting depth (1001) exceeds the maximum allowed (1000, from `StreamWriteConstraints.getMaxNestingDepth()`)]
2026-04-13 12:24:58 INFO  c.a.b.c.TransactionCategoryController - Found 0 new transaction categories
2026-04-13 12:24:58 INFO  c.a.b.services.BudgetServiceImpl - UserID: 1
2026-04-13 12:24:58 INFO  c.a.b.services.BudgetServiceImpl - Year: 2026
2026-04-13 12:24:58 INFO  c.a.b.services.BudgetServiceImpl - Budget exists for year 2026: true
2026-04-13 12:24:58 INFO  c.a.b.controllers.BudgetController - Budget exists: true
2026-04-13 12:24:58 INFO  c.a.b.c.TransactionCategoryController - Found 0 new transaction categories
2026-04-13 12:24:58 INFO  c.a.b.c.TransactionCategoryController - Found 0 new transaction categories
2026-04-13 12:24:58 INFO  c.a.b.workbench.runner.BudgetRunner - Starting monthly budget process for user 1 between 2026-04-01 and 2026-04-30
2026-04-13 12:24:58 INFO  c.a.b.c.TransactionCategoryController - Found 0 new transaction categories
2026-04-13 12:24:58 INFO  c.a.b.workbench.runner.BudgetRunner - Found Budget: com.app.budgetbuddy.domain.Budget@7dc6127e
2026-04-13 12:24:58 INFO  c.a.b.w.budget.BudgetScheduleUtil - Retrieving Budget Schedule Ranges: [com.app.budgetbuddy.entities.BudgetScheduleRangeEntity@75ad03ff, com.app.budgetbuddy.entities.BudgetScheduleRangeEntity@254f221d, com.app.budgetbuddy.entities.BudgetScheduleRangeEntity@2477e2e2, com.app.budgetbuddy.entities.BudgetScheduleRangeEntity@90252b, com.app.budgetbuddy.entities.BudgetScheduleRangeEntity@fb986e4], size: 5
2026-04-13 12:24:58 INFO  c.a.b.workbench.runner.BudgetRunner - Processing SubBudget ID: 16 with Budget Schedule ID: 16
2026-04-13 12:24:58 INFO  c.a.b.w.b.SubBudgetStatisticsServiceImpl - SubBudget Savings Target: 875.00
2026-04-13 12:24:58 INFO  c.a.b.w.b.SubBudgetStatisticsServiceImpl - Budget Amount: 3095.08
2026-04-13 12:24:58 INFO  c.a.b.w.b.SubBudgetStatisticsServiceImpl - Total Spent: 2069.79
2026-04-13 12:24:58 INFO  c.a.b.w.b.SubBudgetStatisticsServiceImpl - Remaining: 1025.29
2026-04-13 12:24:58 INFO  c.a.b.w.b.SubBudgetStatisticsServiceImpl - Savings: 1025.29
2026-04-13 12:24:58 INFO  c.a.b.w.b.SubBudgetHealthScoreImpl - Allocated amount for sub-budget 16 is 3095.08
2026-04-13 12:24:58 INFO  c.a.b.w.b.SubBudgetHealthScoreImpl - Spent on sub-budget 16 is 18.26
2026-04-13 12:24:58 INFO  c.a.b.w.b.SubBudgetHealthScoreImpl - Spending ratio for sub-budget 16 is 0.01
2026-04-13 12:24:58 INFO  c.a.b.w.b.SubBudgetHealthScoreImpl - Spending ratio for sub-budget 16 is 0.01
2026-04-13 12:24:58 INFO  c.a.b.w.b.SubBudgetHealthScoreImpl - Variance for sub-budget 16 is 3076.82
2026-04-13 12:24:58 INFO  c.a.b.w.b.SubBudgetHealthScoreImpl - Savings ratio for sub-budget 16 is 0.03
2026-04-13 12:24:58 INFO  c.a.b.w.b.SubBudgetHealthScoreImpl - Final Score: 102.50
2026-04-13 12:24:58 INFO  c.a.b.w.b.SubBudgetHealthScoreImpl - Health score for sub-budget 16 is 100
2026-04-13 12:24:58 INFO  c.a.b.w.b.SubBudgetStatisticsServiceImpl - SubBudget Stats: BudgetStats(budgetId=16, totalBudget=3095.08, totalSpent=2069.79, remaining=1025.29, totalSaved=1025.29, averageSpendingPerDay=71.37, dateRange=DateRange(startDate=2026-04-01, endDate=2026-04-30), healthScore=100, monthlyProjection=null)
2026-04-13 12:24:58 INFO  c.a.b.workbench.runner.BudgetRunner - Budget Stats for SubBudget 16: [BudgetStats(budgetId=16, totalBudget=3095.08, totalSpent=2069.79, remaining=1025.29, totalSaved=1025.29, averageSpendingPerDay=71.37, dateRange=DateRange(startDate=2026-04-01, endDate=2026-04-30), healthScore=100, monthlyProjection=null)]
2026-04-13 12:24:58 INFO  c.a.b.w.b.BudgetPeriodCategoryHandlerFactory - Getting budget period handler for period: MONTHLY
2026-04-13 12:24:58 INFO  c.a.b.workbench.runner.BudgetRunner - Retrieved 8 budget period categories for SubBudget ID: 16
2026-04-13 12:24:58 INFO  c.a.b.workbench.runner.BudgetRunner - BudgetPeriodCategory: BudgetPeriodCategory(category=Electric, budgeted=44.61, actual=74.87, remaining=0, dateRange=DateRange(startDate=2026-04-01, endDate=2026-04-30), biWeekRanges=null, isOverBudget=true, spendingPercentage=1.6783232459089892, budgetStatus=OVER_BUDGET)
2026-04-13 12:24:58 INFO  c.a.b.workbench.runner.BudgetRunner - BudgetPeriodCategory: BudgetPeriodCategory(category=Gas, budgeted=56.43, actual=24.63, remaining=31.80, dateRange=DateRange(startDate=2026-04-01, endDate=2026-04-30), biWeekRanges=null, isOverBudget=false, spendingPercentage=0.43646996278575223, budgetStatus=UNDER_UTILIZED)
2026-04-13 12:24:58 INFO  c.a.b.workbench.runner.BudgetRunner - BudgetPeriodCategory: BudgetPeriodCategory(category=Groceries, budgeted=512.9, actual=261.12, remaining=251.78, dateRange=DateRange(startDate=2026-04-01, endDate=2026-04-30), biWeekRanges=null, isOverBudget=false, spendingPercentage=0.5091050887112498, budgetStatus=UNDER_UTILIZED)
2026-04-13 12:24:58 INFO  c.a.b.workbench.runner.BudgetRunner - BudgetPeriodCategory: BudgetPeriodCategory(category=Order Out, budgeted=117.48, actual=77.47, remaining=40.01, dateRange=DateRange(startDate=2026-04-01, endDate=2026-04-30), biWeekRanges=null, isOverBudget=false, spendingPercentage=0.65943139257746, budgetStatus=UNDER_UTILIZED)
2026-04-13 12:24:58 INFO  c.a.b.workbench.runner.BudgetRunner - BudgetPeriodCategory: BudgetPeriodCategory(category=Other, budgeted=185.24, actual=135.4, remaining=49.84, dateRange=DateRange(startDate=2026-04-01, endDate=2026-04-30), biWeekRanges=null, isOverBudget=false, spendingPercentage=0.7309436406823581, budgetStatus=UNDER_UTILIZED)
2026-04-13 12:24:58 INFO  c.a.b.workbench.runner.BudgetRunner - BudgetPeriodCategory: BudgetPeriodCategory(category=Payment, budgeted=427.71, actual=62.15, remaining=365.56, dateRange=DateRange(startDate=2026-04-01, endDate=2026-04-30), biWeekRanges=null, isOverBudget=false, spendingPercentage=0.14530873722849594, budgetStatus=UNDER_UTILIZED)
2026-04-13 12:24:58 INFO  c.a.b.workbench.runner.BudgetRunner - BudgetPeriodCategory: BudgetPeriodCategory(category=Rent, budgeted=798.19, actual=1220.03, remaining=0, dateRange=DateRange(startDate=2026-04-01, endDate=2026-04-30), biWeekRanges=null, isOverBudget=true, spendingPercentage=1.528495721570052, budgetStatus=OVER_BUDGET)
2026-04-13 12:24:58 INFO  c.a.b.workbench.runner.BudgetRunner - BudgetPeriodCategory: BudgetPeriodCategory(category=Subscription, budgeted=73.07, actual=75.05, remaining=0, dateRange=DateRange(startDate=2026-04-01, endDate=2026-04-30), biWeekRanges=null, isOverBudget=true, spendingPercentage=1.0270973039551117, budgetStatus=OVER_BUDGET)
2026-04-13 12:24:58 INFO  c.a.b.workbench.runner.BudgetRunner - Retrieved 5 top five expenses for SubBudget ID: 16
2026-04-13 12:24:58 INFO  c.a.b.workbench.runner.BudgetRunner - Retrieved Optional[ExpenseCategory(category=Expense, budgetedExpenses=3095.0800000000000000, actualExpenses=1930.72, remainingExpenses=1164.3600000000000000, isActive=true, startDate=2026-04-01, endDate=2026-04-30, isVariable=false)] expense categories for SubBudget ID: 16
2026-04-13 12:24:58 INFO  c.a.b.w.b.SubBudgetMonthOverviewServiceImpl - Adjusted start date from 2026-04-01 to 2026-03-29 to include end of previous year
2026-04-13 12:24:58 INFO  c.a.b.w.b.SubBudgetMonthOverviewServiceImpl - SubBudgetIds: [16, 15]
2026-04-13 12:24:58 INFO  c.a.b.w.b.SubBudgetMonthOverviewServiceImpl - Previous sub budget id is 15
2026-04-13 12:24:58 INFO  c.a.b.workbench.runner.BudgetRunner - Retrieved Optional[IncomeCategory(category=Income, budgetedIncome=3971.0000000000000000, actualBudgetedIncome=2012.97, remainingIncome=1958.03, startMonth=null, endMonth=null, isActive=false)] income category for SubBudget ID: 16
2026-04-13 12:24:58 INFO  c.a.b.workbench.runner.BudgetRunner - Retrieved Optional[com.app.budgetbuddy.domain.SavingsCategory@dae5823] savings category for SubBudget ID: 16
2026-04-13 12:24:58 INFO  c.a.b.workbench.runner.BudgetRunner - Budget Runner Result: {budgetSchedule=BudgetSchedule{budgetScheduleId=16, subBudgetId=16, startDate=2026-04-01, endDate=2026-04-30, scheduleRange=DateRange(startDate=2026-04-01, endDate=2026-04-30), budgetScheduleRanges=[BudgetScheduleRange(id=null, budgetScheduleId=77, spentOnRange=0.000, budgetedAmount=619.020, budgetDateRange=DateRange(startDate=2026-04-22, endDate=2026-04-28), rangeType=Week, isActive=false, startRange=2026-04-22, endRange=2026-04-28, isSingleDate=false), BudgetScheduleRange(id=null, budgetScheduleId=75, spentOnRange=0.000, budgetedAmount=619.020, budgetDateRange=DateRange(startDate=2026-04-08, endDate=2026-04-14), rangeType=Week, isActive=false, startRange=2026-04-08, endRange=2026-04-14, isSingleDate=false), BudgetScheduleRange(id=null, budgetScheduleId=76, spentOnRange=0.000, budgetedAmount=619.020, budgetDateRange=DateRange(startDate=2026-04-15, endDate=2026-04-21), rangeType=Week, isActive=false, startRange=2026-04-15, endRange=2026-04-21, isSingleDate=false), BudgetScheduleRange(id=null, budgetScheduleId=78, spentOnRange=0.000, budgetedAmount=619.020, budgetDateRange=DateRange(startDate=2026-04-29, endDate=2026-04-30), rangeType=Week, isActive=false, startRange=2026-04-29, endRange=2026-04-30, isSingleDate=false), BudgetScheduleRange(id=null, budgetScheduleId=74, spentOnRange=0.000, budgetedAmount=619.020, budgetDateRange=DateRange(startDate=2026-04-01, endDate=2026-04-07), rangeType=Week, isActive=false, startRange=2026-04-01, endRange=2026-04-07, isSingleDate=false)], periodType='MONTHLY', totalPeriods=5, status='ACTIVE', createdDate=null}, processDate=2026-04-13T12:24:58.400288, remainingAmount=37140.96, spendingPercentage=0.0000, budgetScheduleRanges=[BudgetScheduleRange(id=null, budgetScheduleId=77, spentOnRange=0.000, budgetedAmount=619.020, budgetDateRange=DateRange(startDate=2026-04-22, endDate=2026-04-28), rangeType=Week, isActive=false, startRange=2026-04-22, endRange=2026-04-28, isSingleDate=false), BudgetScheduleRange(id=null, budgetScheduleId=75, spentOnRange=0.000, budgetedAmount=619.020, budgetDateRange=DateRange(startDate=2026-04-08, endDate=2026-04-14), rangeType=Week, isActive=false, startRange=2026-04-08, endRange=2026-04-14, isSingleDate=false), BudgetScheduleRange(id=null, budgetScheduleId=76, spentOnRange=0.000, budgetedAmount=619.020, budgetDateRange=DateRange(startDate=2026-04-15, endDate=2026-04-21), rangeType=Week, isActive=false, startRange=2026-04-15, endRange=2026-04-21, isSingleDate=false), BudgetScheduleRange(id=null, budgetScheduleId=78, spentOnRange=0.000, budgetedAmount=619.020, budgetDateRange=DateRange(startDate=2026-04-29, endDate=2026-04-30), rangeType=Week, isActive=false, startRange=2026-04-29, endRange=2026-04-30, isSingleDate=false), BudgetScheduleRange(id=null, budgetScheduleId=74, spentOnRange=0.000, budgetedAmount=619.020, budgetDateRange=DateRange(startDate=2026-04-01, endDate=2026-04-07), rangeType=Week, isActive=false, startRange=2026-04-01, endRange=2026-04-07, isSingleDate=false)], isOverBudget=false, budget=com.app.budgetbuddy.domain.Budget@7dc6127e, subBudget=SubBudget(id=16, subBudgetName=April 2026 - Budget, allocatedAmount=3095.08, subSavingsTarget=875.00, subSavingsAmount=99.22, spentOnBudget=18.26, budget=com.app.budgetbuddy.domain.Budget@77d0e829, startDate=2026-04-01, endDate=2026-04-30, year=0, subBudgetGoals=null, budgetSchedule=[BudgetSchedule{budgetScheduleId=16, subBudgetId=16, startDate=2026-04-01, endDate=2026-04-30, scheduleRange=DateRange(startDate=2026-04-01, endDate=2026-04-30), budgetScheduleRanges=[BudgetScheduleRange(id=null, budgetScheduleId=77, spentOnRange=0.000, budgetedAmount=619.020, budgetDateRange=DateRange(startDate=2026-04-22, endDate=2026-04-28), rangeType=Week, isActive=false, startRange=2026-04-22, endRange=2026-04-28, isSingleDate=false), BudgetScheduleRange(id=null, budgetScheduleId=75, spentOnRange=0.000, budgetedAmount=619.020, budgetDateRange=DateRange(startDate=2026-04-08, endDate=2026-04-14), rangeType=Week, isActive=false, startRange=2026-04-08, endRange=2026-04-14, isSingleDate=false), BudgetScheduleRange(id=null, budgetScheduleId=76, spentOnRange=0.000, budgetedAmount=619.020, budgetDateRange=DateRange(startDate=2026-04-15, endDate=2026-04-21), rangeType=Week, isActive=false, startRange=2026-04-15, endRange=2026-04-21, isSingleDate=false), BudgetScheduleRange(id=null, budgetScheduleId=78, spentOnRange=0.000, budgetedAmount=619.020, budgetDateRange=DateRange(startDate=2026-04-29, endDate=2026-04-30), rangeType=Week, isActive=false, startRange=2026-04-29, endRange=2026-04-30, isSingleDate=false), BudgetScheduleRange(id=null, budgetScheduleId=74, spentOnRange=0.000, budgetedAmount=619.020, budgetDateRange=DateRange(startDate=2026-04-01, endDate=2026-04-07), rangeType=Week, isActive=false, startRange=2026-04-01, endRange=2026-04-07, isSingleDate=false)], periodType='MONTHLY', totalPeriods=5, status='ACTIVE', createdDate=null}], controlledBudgetCategory=null, isActive=true)}
2026-04-13 12:24:58 INFO  c.a.b.workbench.runner.BudgetRunner - Starting monthly budget process for user 1 between 2026-04-01 and 2026-04-30
2026-04-13 12:24:58 INFO  c.a.b.workbench.runner.BudgetRunner - Found Budget: com.app.budgetbuddy.domain.Budget@3481f0b5
2026-04-13 12:24:58 INFO  c.a.b.w.budget.BudgetScheduleUtil - Retrieving Budget Schedule Ranges: [com.app.budgetbuddy.entities.BudgetScheduleRangeEntity@62ebd6cf, com.app.budgetbuddy.entities.BudgetScheduleRangeEntity@21eb8ead, com.app.budgetbuddy.entities.BudgetScheduleRangeEntity@612d57d7, com.app.budgetbuddy.entities.BudgetScheduleRangeEntity@1c4e2c15, com.app.budgetbuddy.entities.BudgetScheduleRangeEntity@4fedc1d2], size: 5
2026-04-13 12:24:58 INFO  c.a.b.workbench.runner.BudgetRunner - Processing SubBudget ID: 16 with Budget Schedule ID: 16
2026-04-13 12:24:58 INFO  c.a.b.w.b.SubBudgetStatisticsServiceImpl - SubBudget Savings Target: 875.00
2026-04-13 12:24:58 INFO  c.a.b.w.b.SubBudgetStatisticsServiceImpl - Budget Amount: 3095.08
2026-04-13 12:24:58 INFO  c.a.b.w.b.SubBudgetStatisticsServiceImpl - Total Spent: 2069.79
2026-04-13 12:24:58 INFO  c.a.b.w.b.SubBudgetStatisticsServiceImpl - Remaining: 1025.29
2026-04-13 12:24:58 INFO  c.a.b.w.b.SubBudgetStatisticsServiceImpl - Savings: 1025.29
2026-04-13 12:24:58 INFO  c.a.b.w.b.SubBudgetHealthScoreImpl - Allocated amount for sub-budget 16 is 3095.08
2026-04-13 12:24:58 INFO  c.a.b.w.b.SubBudgetHealthScoreImpl - Spent on sub-budget 16 is 18.26
2026-04-13 12:24:58 INFO  c.a.b.w.b.SubBudgetHealthScoreImpl - Spending ratio for sub-budget 16 is 0.01
2026-04-13 12:24:58 INFO  c.a.b.w.b.SubBudgetHealthScoreImpl - Spending ratio for sub-budget 16 is 0.01
2026-04-13 12:24:58 INFO  c.a.b.w.b.SubBudgetHealthScoreImpl - Variance for sub-budget 16 is 3076.82
2026-04-13 12:24:58 INFO  c.a.b.w.b.SubBudgetHealthScoreImpl - Savings ratio for sub-budget 16 is 0.03
2026-04-13 12:24:58 INFO  c.a.b.w.b.SubBudgetHealthScoreImpl - Final Score: 102.50
2026-04-13 12:24:58 INFO  c.a.b.w.b.SubBudgetHealthScoreImpl - Health score for sub-budget 16 is 100
2026-04-13 12:24:58 INFO  c.a.b.w.b.SubBudgetStatisticsServiceImpl - SubBudget Stats: BudgetStats(budgetId=16, totalBudget=3095.08, totalSpent=2069.79, remaining=1025.29, totalSaved=1025.29, averageSpendingPerDay=71.37, dateRange=DateRange(startDate=2026-04-01, endDate=2026-04-30), healthScore=100, monthlyProjection=null)
2026-04-13 12:24:58 INFO  c.a.b.workbench.runner.BudgetRunner - Budget Stats for SubBudget 16: [BudgetStats(budgetId=16, totalBudget=3095.08, totalSpent=2069.79, remaining=1025.29, totalSaved=1025.29, averageSpendingPerDay=71.37, dateRange=DateRange(startDate=2026-04-01, endDate=2026-04-30), healthScore=100, monthlyProjection=null)]
2026-04-13 12:24:58 INFO  c.a.b.w.b.BudgetPeriodCategoryHandlerFactory - Getting budget period handler for period: MONTHLY
2026-04-13 12:24:58 INFO  c.a.b.workbench.runner.BudgetRunner - Retrieved 8 budget period categories for SubBudget ID: 16
2026-04-13 12:24:58 INFO  c.a.b.workbench.runner.BudgetRunner - BudgetPeriodCategory: BudgetPeriodCategory(category=Electric, budgeted=44.61, actual=74.87, remaining=0, dateRange=DateRange(startDate=2026-04-01, endDate=2026-04-30), biWeekRanges=null, isOverBudget=true, spendingPercentage=1.6783232459089892, budgetStatus=OVER_BUDGET)
2026-04-13 12:24:58 INFO  c.a.b.workbench.runner.BudgetRunner - BudgetPeriodCategory: BudgetPeriodCategory(category=Gas, budgeted=56.43, actual=24.63, remaining=31.80, dateRange=DateRange(startDate=2026-04-01, endDate=2026-04-30), biWeekRanges=null, isOverBudget=false, spendingPercentage=0.43646996278575223, budgetStatus=UNDER_UTILIZED)
2026-04-13 12:24:58 INFO  c.a.b.workbench.runner.BudgetRunner - BudgetPeriodCategory: BudgetPeriodCategory(category=Groceries, budgeted=512.9, actual=261.12, remaining=251.78, dateRange=DateRange(startDate=2026-04-01, endDate=2026-04-30), biWeekRanges=null, isOverBudget=false, spendingPercentage=0.5091050887112498, budgetStatus=UNDER_UTILIZED)
2026-04-13 12:24:58 INFO  c.a.b.workbench.runner.BudgetRunner - BudgetPeriodCategory: BudgetPeriodCategory(category=Order Out, budgeted=117.48, actual=77.47, remaining=40.01, dateRange=DateRange(startDate=2026-04-01, endDate=2026-04-30), biWeekRanges=null, isOverBudget=false, spendingPercentage=0.65943139257746, budgetStatus=UNDER_UTILIZED)
2026-04-13 12:24:58 INFO  c.a.b.workbench.runner.BudgetRunner - BudgetPeriodCategory: BudgetPeriodCategory(category=Other, budgeted=185.24, actual=135.4, remaining=49.84, dateRange=DateRange(startDate=2026-04-01, endDate=2026-04-30), biWeekRanges=null, isOverBudget=false, spendingPercentage=0.7309436406823581, budgetStatus=UNDER_UTILIZED)
2026-04-13 12:24:58 INFO  c.a.b.workbench.runner.BudgetRunner - BudgetPeriodCategory: BudgetPeriodCategory(category=Payment, budgeted=427.71, actual=62.15, remaining=365.56, dateRange=DateRange(startDate=2026-04-01, endDate=2026-04-30), biWeekRanges=null, isOverBudget=false, spendingPercentage=0.14530873722849594, budgetStatus=UNDER_UTILIZED)
2026-04-13 12:24:58 INFO  c.a.b.workbench.runner.BudgetRunner - BudgetPeriodCategory: BudgetPeriodCategory(category=Rent, budgeted=798.19, actual=1220.03, remaining=0, dateRange=DateRange(startDate=2026-04-01, endDate=2026-04-30), biWeekRanges=null, isOverBudget=true, spendingPercentage=1.528495721570052, budgetStatus=OVER_BUDGET)
2026-04-13 12:24:58 INFO  c.a.b.workbench.runner.BudgetRunner - BudgetPeriodCategory: BudgetPeriodCategory(category=Subscription, budgeted=73.07, actual=75.05, remaining=0, dateRange=DateRange(startDate=2026-04-01, endDate=2026-04-30), biWeekRanges=null, isOverBudget=true, spendingPercentage=1.0270973039551117, budgetStatus=OVER_BUDGET)
2026-04-13 12:24:58 INFO  c.a.b.workbench.runner.BudgetRunner - Retrieved 5 top five expenses for SubBudget ID: 16
2026-04-13 12:24:58 INFO  c.a.b.workbench.runner.BudgetRunner - Retrieved Optional[ExpenseCategory(category=Expense, budgetedExpenses=3095.0800000000000000, actualExpenses=1930.72, remainingExpenses=1164.3600000000000000, isActive=true, startDate=2026-04-01, endDate=2026-04-30, isVariable=false)] expense categories for SubBudget ID: 16
2026-04-13 12:24:58 INFO  c.a.b.w.b.SubBudgetMonthOverviewServiceImpl - Adjusted start date from 2026-04-01 to 2026-03-29 to include end of previous year
2026-04-13 12:24:58 INFO  c.a.b.w.b.SubBudgetMonthOverviewServiceImpl - SubBudgetIds: [16, 15]
2026-04-13 12:24:58 INFO  c.a.b.w.b.SubBudgetMonthOverviewServiceImpl - Previous sub budget id is 15
2026-04-13 12:24:58 INFO  c.a.b.workbench.runner.BudgetRunner - Retrieved Optional[IncomeCategory(category=Income, budgetedIncome=3971.0000000000000000, actualBudgetedIncome=2012.97, remainingIncome=1958.03, startMonth=null, endMonth=null, isActive=false)] income category for SubBudget ID: 16
2026-04-13 12:24:58 INFO  c.a.b.workbench.runner.BudgetRunner - Retrieved Optional[com.app.budgetbuddy.domain.SavingsCategory@3ffc765f] savings category for SubBudget ID: 16
2026-04-13 12:24:58 INFO  c.a.b.workbench.runner.BudgetRunner - Budget Runner Result: {budgetSchedule=BudgetSchedule{budgetScheduleId=16, subBudgetId=16, startDate=2026-04-01, endDate=2026-04-30, scheduleRange=DateRange(startDate=2026-04-01, endDate=2026-04-30), budgetScheduleRanges=[BudgetScheduleRange(id=null, budgetScheduleId=77, spentOnRange=0.000, budgetedAmount=619.020, budgetDateRange=DateRange(startDate=2026-04-22, endDate=2026-04-28), rangeType=Week, isActive=false, startRange=2026-04-22, endRange=2026-04-28, isSingleDate=false), BudgetScheduleRange(id=null, budgetScheduleId=75, spentOnRange=0.000, budgetedAmount=619.020, budgetDateRange=DateRange(startDate=2026-04-08, endDate=2026-04-14), rangeType=Week, isActive=false, startRange=2026-04-08, endRange=2026-04-14, isSingleDate=false), BudgetScheduleRange(id=null, budgetScheduleId=76, spentOnRange=0.000, budgetedAmount=619.020, budgetDateRange=DateRange(startDate=2026-04-15, endDate=2026-04-21), rangeType=Week, isActive=false, startRange=2026-04-15, endRange=2026-04-21, isSingleDate=false), BudgetScheduleRange(id=null, budgetScheduleId=78, spentOnRange=0.000, budgetedAmount=619.020, budgetDateRange=DateRange(startDate=2026-04-29, endDate=2026-04-30), rangeType=Week, isActive=false, startRange=2026-04-29, endRange=2026-04-30, isSingleDate=false), BudgetScheduleRange(id=null, budgetScheduleId=74, spentOnRange=0.000, budgetedAmount=619.020, budgetDateRange=DateRange(startDate=2026-04-01, endDate=2026-04-07), rangeType=Week, isActive=false, startRange=2026-04-01, endRange=2026-04-07, isSingleDate=false)], periodType='MONTHLY', totalPeriods=5, status='ACTIVE', createdDate=null}, processDate=2026-04-13T12:24:58.479290100, remainingAmount=37140.96, spendingPercentage=0.0000, budgetScheduleRanges=[BudgetScheduleRange(id=null, budgetScheduleId=77, spentOnRange=0.000, budgetedAmount=619.020, budgetDateRange=DateRange(startDate=2026-04-22, endDate=2026-04-28), rangeType=Week, isActive=false, startRange=2026-04-22, endRange=2026-04-28, isSingleDate=false), BudgetScheduleRange(id=null, budgetScheduleId=75, spentOnRange=0.000, budgetedAmount=619.020, budgetDateRange=DateRange(startDate=2026-04-08, endDate=2026-04-14), rangeType=Week, isActive=false, startRange=2026-04-08, endRange=2026-04-14, isSingleDate=false), BudgetScheduleRange(id=null, budgetScheduleId=76, spentOnRange=0.000, budgetedAmount=619.020, budgetDateRange=DateRange(startDate=2026-04-15, endDate=2026-04-21), rangeType=Week, isActive=false, startRange=2026-04-15, endRange=2026-04-21, isSingleDate=false), BudgetScheduleRange(id=null, budgetScheduleId=78, spentOnRange=0.000, budgetedAmount=619.020, budgetDateRange=DateRange(startDate=2026-04-29, endDate=2026-04-30), rangeType=Week, isActive=false, startRange=2026-04-29, endRange=2026-04-30, isSingleDate=false), BudgetScheduleRange(id=null, budgetScheduleId=74, spentOnRange=0.000, budgetedAmount=619.020, budgetDateRange=DateRange(startDate=2026-04-01, endDate=2026-04-07), rangeType=Week, isActive=false, startRange=2026-04-01, endRange=2026-04-07, isSingleDate=false)], isOverBudget=false, budget=com.app.budgetbuddy.domain.Budget@3481f0b5, subBudget=SubBudget(id=16, subBudgetName=April 2026 - Budget, allocatedAmount=3095.08, subSavingsTarget=875.00, subSavingsAmount=99.22, spentOnBudget=18.26, budget=com.app.budgetbuddy.domain.Budget@7c7bf19, startDate=2026-04-01, endDate=2026-04-30, year=0, subBudgetGoals=null, budgetSchedule=[BudgetSchedule{budgetScheduleId=16, subBudgetId=16, startDate=2026-04-01, endDate=2026-04-30, scheduleRange=DateRange(startDate=2026-04-01, endDate=2026-04-30), budgetScheduleRanges=[BudgetScheduleRange(id=null, budgetScheduleId=77, spentOnRange=0.000, budgetedAmount=619.020, budgetDateRange=DateRange(startDate=2026-04-22, endDate=2026-04-28), rangeType=Week, isActive=false, startRange=2026-04-22, endRange=2026-04-28, isSingleDate=false), BudgetScheduleRange(id=null, budgetScheduleId=75, spentOnRange=0.000, budgetedAmount=619.020, budgetDateRange=DateRange(startDate=2026-04-08, endDate=2026-04-14), rangeType=Week, isActive=false, startRange=2026-04-08, endRange=2026-04-14, isSingleDate=false), BudgetScheduleRange(id=null, budgetScheduleId=76, spentOnRange=0.000, budgetedAmount=619.020, budgetDateRange=DateRange(startDate=2026-04-15, endDate=2026-04-21), rangeType=Week, isActive=false, startRange=2026-04-15, endRange=2026-04-21, isSingleDate=false), BudgetScheduleRange(id=null, budgetScheduleId=78, spentOnRange=0.000, budgetedAmount=619.020, budgetDateRange=DateRange(startDate=2026-04-29, endDate=2026-04-30), rangeType=Week, isActive=false, startRange=2026-04-29, endRange=2026-04-30, isSingleDate=false), BudgetScheduleRange(id=null, budgetScheduleId=74, spentOnRange=0.000, budgetedAmount=619.020, budgetDateRange=DateRange(startDate=2026-04-01, endDate=2026-04-07), rangeType=Week, isActive=false, startRange=2026-04-01, endRange=2026-04-07, isSingleDate=false)], periodType='MONTHLY', totalPeriods=5, status='ACTIVE', createdDate=null}], controlledBudgetCategory=null, isActive=true)}
2026-04-13 12:24:58 INFO  c.a.b.w.budget.BudgetScheduleUtil - Retrieving Budget Schedule Ranges: [com.app.budgetbuddy.entities.BudgetScheduleRangeEntity@1de924ed, com.app.budgetbuddy.entities.BudgetScheduleRangeEntity@4c1cf559, com.app.budgetbuddy.entities.BudgetScheduleRangeEntity@7c5d4a76, com.app.budgetbuddy.entities.BudgetScheduleRangeEntity@4143cabf, com.app.budgetbuddy.entities.BudgetScheduleRangeEntity@422003dd], size: 5
2026-04-13 12:24:58 INFO  c.a.b.w.budget.BudgetPeriodQueries - Getting budget period query data for userId: 1
2026-04-13 12:24:58 INFO  c.a.b.w.b.BudgetPeriodCategoryHandlerFactory - Getting budget period handler for period: MONTHLY
2026-04-13 12:24:58 INFO  c.a.b.w.budget.BudgetScheduleUtil - Retrieving Budget Schedule Ranges: [com.app.budgetbuddy.entities.BudgetScheduleRangeEntity@58caa218, com.app.budgetbuddy.entities.BudgetScheduleRangeEntity@61e00994, com.app.budgetbuddy.entities.BudgetScheduleRangeEntity@688d0f08, com.app.budgetbuddy.entities.BudgetScheduleRangeEntity@5ad47bf3, com.app.budgetbuddy.entities.BudgetScheduleRangeEntity@21385e2f], size: 5
2026-04-13 12:24:58 INFO  c.a.b.w.budget.BudgetPeriodQueries - Getting budget period query data for userId: 1
2026-04-13 12:24:58 INFO  c.a.b.w.b.BudgetPeriodCategoryHandlerFactory - Getting budget period handler for period: MONTHLY
2026-04-13 12:24:58 WARN  o.s.w.s.m.s.DefaultHandlerExceptionResolver - Ignoring exception, response committed already: org.springframework.http.converter.HttpMessageNotWritableException: Could not write JSON: Document nesting depth (1001) exceeds the maximum allowed (1000, from `StreamWriteConstraints.getMaxNestingDepth()`)
2026-04-13 12:24:58 WARN  o.s.w.s.m.s.DefaultHandlerExceptionResolver - Resolved [org.springframework.http.converter.HttpMessageNotWritableException: Could not write JSON: Document nesting depth (1001) exceeds the maximum allowed (1000, from `StreamWriteConstraints.getMaxNestingDepth()`)]
2026-04-13 12:24:58 INFO  c.a.b.w.budget.BudgetScheduleUtil - Retrieving Budget Schedule Ranges: [com.app.budgetbuddy.entities.BudgetScheduleRangeEntity@18a2bc75, com.app.budgetbuddy.entities.BudgetScheduleRangeEntity@6cd91c83, com.app.budgetbuddy.entities.BudgetScheduleRangeEntity@60e526df, com.app.budgetbuddy.entities.BudgetScheduleRangeEntity@6d75cc0e, com.app.budgetbuddy.entities.BudgetScheduleRangeEntity@496ce827], size: 5
2026-04-13 12:24:58 INFO  c.a.b.w.budget.BudgetScheduleUtil - Retrieving Budget Schedule Ranges: [com.app.budgetbuddy.entities.BudgetScheduleRangeEntity@49504386, com.app.budgetbuddy.entities.BudgetScheduleRangeEntity@5cd7fd3f, com.app.budgetbuddy.entities.BudgetScheduleRangeEntity@8306da, com.app.budgetbuddy.entities.BudgetScheduleRangeEntity@612e8784, com.app.budgetbuddy.entities.BudgetScheduleRangeEntity@5f2ce870], size: 5
2026-04-13 12:24:58 INFO  c.a.b.w.budget.BudgetScheduleUtil - Retrieving Budget Schedule Ranges: [com.app.budgetbuddy.entities.BudgetScheduleRangeEntity@60869b07, com.app.budgetbuddy.entities.BudgetScheduleRangeEntity@25ec6d9f, com.app.budgetbuddy.entities.BudgetScheduleRangeEntity@4055ee26, com.app.budgetbuddy.entities.BudgetScheduleRangeEntity@54077530, com.app.budgetbuddy.entities.BudgetScheduleRangeEntity@2f94bde9], size: 5
2026-04-13 12:24:58 INFO  c.a.b.w.budget.BudgetScheduleUtil - Retrieving Budget Schedule Ranges: [com.app.budgetbuddy.entities.BudgetScheduleRangeEntity@ef86779, com.app.budgetbuddy.entities.BudgetScheduleRangeEntity@351195a2, com.app.budgetbuddy.entities.BudgetScheduleRangeEntity@2631b3d9, com.app.budgetbuddy.entities.BudgetScheduleRangeEntity@39adb4d1], size: 4
2026-04-13 12:24:58 INFO  c.a.b.w.budget.BudgetScheduleUtil - Retrieving Budget Schedule Ranges: [com.app.budgetbuddy.entities.BudgetScheduleRangeEntity@208ed68e, com.app.budgetbuddy.entities.BudgetScheduleRangeEntity@46df59ad, com.app.budgetbuddy.entities.BudgetScheduleRangeEntity@4a42d1b1, com.app.budgetbuddy.entities.BudgetScheduleRangeEntity@5cd74c0e, com.app.budgetbuddy.entities.BudgetScheduleRangeEntity@1b09aa56], size: 5
2026-04-13 12:24:58 INFO  c.a.b.w.budget.BudgetScheduleUtil - Retrieving Budget Schedule Ranges: [com.app.budgetbuddy.entities.BudgetScheduleRangeEntity@605d0c39, com.app.budgetbuddy.entities.BudgetScheduleRangeEntity@628f88db, com.app.budgetbuddy.entities.BudgetScheduleRangeEntity@721f9a4, com.app.budgetbuddy.entities.BudgetScheduleRangeEntity@2b1e7a8, com.app.budgetbuddy.entities.BudgetScheduleRangeEntity@5d8b03d1], size: 5
2026-04-13 12:24:58 INFO  c.a.b.w.b.BPCategoryRowBuilderService - Total income: 4387.81
2026-04-13 12:24:58 INFO  c.a.b.w.b.BPCategoryRowBuilderService - Incomes: [BPCategory(name=Salary, type=INCOME, budgetCategoryId=null, range=DateRange(startDate=2025-11-01, endDate=2025-11-30), actual=4387.81, budgeted=0, lastAmount=null, isGroupHeader=false, columnIndex=0, isActive=true, isOverBudget=false)]
2026-04-13 12:24:58 INFO  c.a.b.w.b.BPCategoryRowBuilderService - Expenses: [BPCategory(name=Expenses, type=EXPENSE, budgetCategoryId=null, range=DateRange(startDate=2025-11-01, endDate=2025-11-30), actual=2721.88, budgeted=0, lastAmount=null, isGroupHeader=false, columnIndex=0, isActive=true, isOverBudget=false)]
2026-04-13 12:24:58 INFO  c.a.b.w.b.BPCategoryRowBuilderService - Columns: [BPColumn(columnIndex=0, dateRange=DateRange(startDate=2025-11-01, endDate=2025-11-30), period=MONTHLY, columnType=ACTUAL, isHeader=false)]
2026-04-13 12:24:58 INFO  c.a.b.w.b.BPCategoryRowBuilderService - Total income: 5896.54
2026-04-13 12:24:58 INFO  c.a.b.w.b.BPCategoryRowBuilderService - Incomes: [BPCategory(name=Salary, type=INCOME, budgetCategoryId=null, range=DateRange(startDate=2025-12-01, endDate=2025-12-31), actual=5896.54, budgeted=0, lastAmount=null, isGroupHeader=false, columnIndex=0, isActive=true, isOverBudget=false)]
2026-04-13 12:24:58 INFO  c.a.b.w.b.BPCategoryRowBuilderService - Expenses: [BPCategory(name=Expenses, type=EXPENSE, budgetCategoryId=null, range=DateRange(startDate=2025-12-01, endDate=2025-12-31), actual=3090.88, budgeted=0, lastAmount=null, isGroupHeader=false, columnIndex=0, isActive=true, isOverBudget=false)]
2026-04-13 12:24:58 INFO  c.a.b.w.b.BPCategoryRowBuilderService - Columns: [BPColumn(columnIndex=0, dateRange=DateRange(startDate=2025-12-01, endDate=2025-12-31), period=MONTHLY, columnType=ACTUAL, isHeader=false)]
2026-04-13 12:24:58 INFO  c.a.b.w.b.BPCategoryRowBuilderService - Total income: 3909.06
2026-04-13 12:24:58 INFO  c.a.b.w.b.BPCategoryRowBuilderService - Incomes: [BPCategory(name=Salary, type=INCOME, budgetCategoryId=null, range=DateRange(startDate=2026-01-01, endDate=2026-01-31), actual=3909.06, budgeted=0, lastAmount=null, isGroupHeader=false, columnIndex=0, isActive=true, isOverBudget=false)]
2026-04-13 12:24:58 INFO  c.a.b.w.b.BPCategoryRowBuilderService - Expenses: [BPCategory(name=Expenses, type=EXPENSE, budgetCategoryId=null, range=DateRange(startDate=2026-01-01, endDate=2026-01-31), actual=2412.01, budgeted=0, lastAmount=null, isGroupHeader=false, columnIndex=0, isActive=true, isOverBudget=false)]
2026-04-13 12:24:58 INFO  c.a.b.w.b.BPCategoryRowBuilderService - Columns: [BPColumn(columnIndex=0, dateRange=DateRange(startDate=2026-01-01, endDate=2026-01-31), period=MONTHLY, columnType=ACTUAL, isHeader=false)]
2026-04-13 12:24:58 INFO  c.a.b.w.b.BPCategoryRowBuilderService - Total income: 3937.09
2026-04-13 12:24:58 INFO  c.a.b.w.b.BPCategoryRowBuilderService - Incomes: [BPCategory(name=Salary, type=INCOME, budgetCategoryId=null, range=DateRange(startDate=2026-02-01, endDate=2026-02-28), actual=3937.09, budgeted=0, lastAmount=null, isGroupHeader=false, columnIndex=0, isActive=true, isOverBudget=false)]
2026-04-13 12:24:58 INFO  c.a.b.w.b.BPCategoryRowBuilderService - Expenses: [BPCategory(name=Expenses, type=EXPENSE, budgetCategoryId=null, range=DateRange(startDate=2026-02-01, endDate=2026-02-28), actual=3544.59, budgeted=0, lastAmount=null, isGroupHeader=false, columnIndex=0, isActive=true, isOverBudget=false)]
2026-04-13 12:24:58 INFO  c.a.b.w.b.BPCategoryRowBuilderService - Columns: [BPColumn(columnIndex=0, dateRange=DateRange(startDate=2026-02-01, endDate=2026-02-28), period=MONTHLY, columnType=ACTUAL, isHeader=false)]
2026-04-13 12:24:58 INFO  c.a.b.w.b.BPCategoryRowBuilderService - Total income: 1988.27
2026-04-13 12:24:58 INFO  c.a.b.w.b.BPCategoryRowBuilderService - Incomes: [BPCategory(name=Salary, type=INCOME, budgetCategoryId=null, range=DateRange(startDate=2026-03-01, endDate=2026-03-31), actual=1988.27, budgeted=0, lastAmount=null, isGroupHeader=false, columnIndex=0, isActive=true, isOverBudget=false)]
2026-04-13 12:24:58 INFO  c.a.b.w.b.BPCategoryRowBuilderService - Expenses: [BPCategory(name=Expenses, type=EXPENSE, budgetCategoryId=null, range=DateRange(startDate=2026-03-01, endDate=2026-03-31), actual=2983.82, budgeted=0, lastAmount=null, isGroupHeader=false, columnIndex=0, isActive=true, isOverBudget=false)]
2026-04-13 12:24:58 INFO  c.a.b.w.b.BPCategoryRowBuilderService - Columns: [BPColumn(columnIndex=0, dateRange=DateRange(startDate=2026-03-01, endDate=2026-03-31), period=MONTHLY, columnType=ACTUAL, isHeader=false)]
2026-04-13 12:24:58 WARN  o.s.w.s.m.s.DefaultHandlerExceptionResolver - Ignoring exception, response committed already: org.springframework.http.converter.HttpMessageNotWritableException: Could not write JSON: Document nesting depth (1001) exceeds the maximum allowed (1000, from `StreamWriteConstraints.getMaxNestingDepth()`)
2026-04-13 12:24:58 WARN  o.s.w.s.m.s.DefaultHandlerExceptionResolver - Resolved [org.springframework.http.converter.HttpMessageNotWritableException: Could not write JSON: Document nesting depth (1001) exceeds the maximum allowed (1000, from `StreamWriteConstraints.getMaxNestingDepth()`)]
2026-04-13 12:24:58 INFO  c.a.b.w.b.BPCategoryRowBuilderService - Total income: 2012.97
2026-04-13 12:24:58 INFO  c.a.b.w.b.BPCategoryRowBuilderService - Incomes: [BPCategory(name=Salary, type=INCOME, budgetCategoryId=null, range=DateRange(startDate=2026-04-01, endDate=2026-04-30), actual=2012.97, budgeted=0, lastAmount=null, isGroupHeader=false, columnIndex=0, isActive=true, isOverBudget=false)]
2026-04-13 12:24:58 INFO  c.a.b.w.b.BPCategoryRowBuilderService - Expenses: [BPCategory(name=Expenses, type=EXPENSE, budgetCategoryId=null, range=DateRange(startDate=2026-04-01, endDate=2026-04-30), actual=1930.72, budgeted=0, lastAmount=null, isGroupHeader=false, columnIndex=0, isActive=true, isOverBudget=false)]
2026-04-13 12:24:58 INFO  c.a.b.w.b.BPCategoryRowBuilderService - Columns: [BPColumn(columnIndex=0, dateRange=DateRange(startDate=2026-04-01, endDate=2026-04-30), period=MONTHLY, columnType=ACTUAL, isHeader=false)]
2026-04-13 12:27:25 INFO  c.a.b.w.budget.BudgetScheduleUtil - Retrieving Budget Schedule Ranges: [com.app.budgetbuddy.entities.BudgetScheduleRangeEntity@3f555ad7, com.app.budgetbuddy.entities.BudgetScheduleRangeEntity@339dba0e, com.app.budgetbuddy.entities.BudgetScheduleRangeEntity@1384ef12, com.app.budgetbuddy.entities.BudgetScheduleRangeEntity@289555a8, com.app.budgetbuddy.entities.BudgetScheduleRangeEntity@3d6f6080], size: 5
2026-04-13 12:27:25 INFO  c.a.b.w.budget.BudgetScheduleUtil - Retrieving Budget Schedule Ranges: [com.app.budgetbuddy.entities.BudgetScheduleRangeEntity@21dfeceb, com.app.budgetbuddy.entities.BudgetScheduleRangeEntity@53cfd0b7, com.app.budgetbuddy.entities.BudgetScheduleRangeEntity@5cbf2cf6, com.app.budgetbuddy.entities.BudgetScheduleRangeEntity@71580002, com.app.budgetbuddy.entities.BudgetScheduleRangeEntity@6810d6cf], size: 5
2026-04-13 12:27:25 INFO  c.a.b.w.budget.BudgetScheduleUtil - Retrieving Budget Schedule Ranges: [com.app.budgetbuddy.entities.BudgetScheduleRangeEntity@773fd46d, com.app.budgetbuddy.entities.BudgetScheduleRangeEntity@14598c2d, com.app.budgetbuddy.entities.BudgetScheduleRangeEntity@52ff2f98, com.app.budgetbuddy.entities.BudgetScheduleRangeEntity@c694133, com.app.budgetbuddy.entities.BudgetScheduleRangeEntity@61429db], size: 5
2026-04-13 12:27:25 INFO  c.a.b.w.budget.BudgetScheduleUtil - Retrieving Budget Schedule Ranges: [com.app.budgetbuddy.entities.BudgetScheduleRangeEntity@3c932022, com.app.budgetbuddy.entities.BudgetScheduleRangeEntity@6f20eb02, com.app.budgetbuddy.entities.BudgetScheduleRangeEntity@6b147c3d, com.app.budgetbuddy.entities.BudgetScheduleRangeEntity@6385725e], size: 4
2026-04-13 12:27:25 INFO  c.a.b.w.budget.BudgetScheduleUtil - Retrieving Budget Schedule Ranges: [com.app.budgetbuddy.entities.BudgetScheduleRangeEntity@3274de25, com.app.budgetbuddy.entities.BudgetScheduleRangeEntity@68e2ba8b, com.app.budgetbuddy.entities.BudgetScheduleRangeEntity@7227f07e, com.app.budgetbuddy.entities.BudgetScheduleRangeEntity@9e6b9cc, com.app.budgetbuddy.entities.BudgetScheduleRangeEntity@66b68f7b], size: 5
2026-04-13 12:27:25 INFO  c.a.b.w.budget.BudgetScheduleUtil - Retrieving Budget Schedule Ranges: [com.app.budgetbuddy.entities.BudgetScheduleRangeEntity@4fcfb43e, com.app.budgetbuddy.entities.BudgetScheduleRangeEntity@7dbef07c, com.app.budgetbuddy.entities.BudgetScheduleRangeEntity@3f636a5, com.app.budgetbuddy.entities.BudgetScheduleRangeEntity@3890611a, com.app.budgetbuddy.entities.BudgetScheduleRangeEntity@5a431a28], size: 5
2026-04-13 12:27:25 INFO  c.a.b.w.b.BPCategoryRowBuilderService - Total income: 4387.81
2026-04-13 12:27:25 INFO  c.a.b.w.b.BPCategoryRowBuilderService - Incomes: [BPCategory(name=Salary, type=INCOME, budgetCategoryId=null, range=DateRange(startDate=2025-11-01, endDate=2025-11-30), actual=4387.81, budgeted=0, lastAmount=null, isGroupHeader=false, columnIndex=0, isActive=true, isOverBudget=false)]
2026-04-13 12:27:25 INFO  c.a.b.w.b.BPCategoryRowBuilderService - Expenses: [BPCategory(name=Expenses, type=EXPENSE, budgetCategoryId=null, range=DateRange(startDate=2025-11-01, endDate=2025-11-30), actual=2721.88, budgeted=0, lastAmount=null, isGroupHeader=false, columnIndex=0, isActive=true, isOverBudget=false)]
2026-04-13 12:27:25 INFO  c.a.b.w.b.BPCategoryRowBuilderService - Columns: [BPColumn(columnIndex=0, dateRange=DateRange(startDate=2025-11-01, endDate=2025-11-30), period=MONTHLY, columnType=ACTUAL, isHeader=false)]
2026-04-13 12:27:25 INFO  c.a.b.w.b.BPCategoryRowBuilderService - Total income: 5896.54
2026-04-13 12:27:25 INFO  c.a.b.w.b.BPCategoryRowBuilderService - Incomes: [BPCategory(name=Salary, type=INCOME, budgetCategoryId=null, range=DateRange(startDate=2025-12-01, endDate=2025-12-31), actual=5896.54, budgeted=0, lastAmount=null, isGroupHeader=false, columnIndex=0, isActive=true, isOverBudget=false)]
2026-04-13 12:27:25 INFO  c.a.b.w.b.BPCategoryRowBuilderService - Expenses: [BPCategory(name=Expenses, type=EXPENSE, budgetCategoryId=null, range=DateRange(startDate=2025-12-01, endDate=2025-12-31), actual=3090.88, budgeted=0, lastAmount=null, isGroupHeader=false, columnIndex=0, isActive=true, isOverBudget=false)]
2026-04-13 12:27:25 INFO  c.a.b.w.b.BPCategoryRowBuilderService - Columns: [BPColumn(columnIndex=0, dateRange=DateRange(startDate=2025-12-01, endDate=2025-12-31), period=MONTHLY, columnType=ACTUAL, isHeader=false)]
2026-04-13 12:27:25 INFO  c.a.b.w.b.BPCategoryRowBuilderService - Total income: 3909.06
2026-04-13 12:27:25 INFO  c.a.b.w.b.BPCategoryRowBuilderService - Incomes: [BPCategory(name=Salary, type=INCOME, budgetCategoryId=null, range=DateRange(startDate=2026-01-01, endDate=2026-01-31), actual=3909.06, budgeted=0, lastAmount=null, isGroupHeader=false, columnIndex=0, isActive=true, isOverBudget=false)]
2026-04-13 12:27:25 INFO  c.a.b.w.b.BPCategoryRowBuilderService - Expenses: [BPCategory(name=Expenses, type=EXPENSE, budgetCategoryId=null, range=DateRange(startDate=2026-01-01, endDate=2026-01-31), actual=2412.01, budgeted=0, lastAmount=null, isGroupHeader=false, columnIndex=0, isActive=true, isOverBudget=false)]
2026-04-13 12:27:25 INFO  c.a.b.w.b.BPCategoryRowBuilderService - Columns: [BPColumn(columnIndex=0, dateRange=DateRange(startDate=2026-01-01, endDate=2026-01-31), period=MONTHLY, columnType=ACTUAL, isHeader=false)]
2026-04-13 12:27:25 INFO  c.a.b.w.b.BPCategoryRowBuilderService - Total income: 3937.09
2026-04-13 12:27:25 INFO  c.a.b.w.b.BPCategoryRowBuilderService - Incomes: [BPCategory(name=Salary, type=INCOME, budgetCategoryId=null, range=DateRange(startDate=2026-02-01, endDate=2026-02-28), actual=3937.09, budgeted=0, lastAmount=null, isGroupHeader=false, columnIndex=0, isActive=true, isOverBudget=false)]
2026-04-13 12:27:25 INFO  c.a.b.w.b.BPCategoryRowBuilderService - Expenses: [BPCategory(name=Expenses, type=EXPENSE, budgetCategoryId=null, range=DateRange(startDate=2026-02-01, endDate=2026-02-28), actual=3544.59, budgeted=0, lastAmount=null, isGroupHeader=false, columnIndex=0, isActive=true, isOverBudget=false)]
2026-04-13 12:27:25 INFO  c.a.b.w.b.BPCategoryRowBuilderService - Columns: [BPColumn(columnIndex=0, dateRange=DateRange(startDate=2026-02-01, endDate=2026-02-28), period=MONTHLY, columnType=ACTUAL, isHeader=false)]
2026-04-13 12:27:25 INFO  c.a.b.w.b.BPCategoryRowBuilderService - Total income: 1988.27
2026-04-13 12:27:25 INFO  c.a.b.w.b.BPCategoryRowBuilderService - Incomes: [BPCategory(name=Salary, type=INCOME, budgetCategoryId=null, range=DateRange(startDate=2026-03-01, endDate=2026-03-31), actual=1988.27, budgeted=0, lastAmount=null, isGroupHeader=false, columnIndex=0, isActive=true, isOverBudget=false)]
2026-04-13 12:27:25 INFO  c.a.b.w.b.BPCategoryRowBuilderService - Expenses: [BPCategory(name=Expenses, type=EXPENSE, budgetCategoryId=null, range=DateRange(startDate=2026-03-01, endDate=2026-03-31), actual=2983.82, budgeted=0, lastAmount=null, isGroupHeader=false, columnIndex=0, isActive=true, isOverBudget=false)]
2026-04-13 12:27:25 INFO  c.a.b.w.b.BPCategoryRowBuilderService - Columns: [BPColumn(columnIndex=0, dateRange=DateRange(startDate=2026-03-01, endDate=2026-03-31), period=MONTHLY, columnType=ACTUAL, isHeader=false)]
2026-04-13 12:27:25 INFO  c.a.b.w.b.BPCategoryRowBuilderService - Total income: 2012.97
2026-04-13 12:27:25 INFO  c.a.b.w.b.BPCategoryRowBuilderService - Incomes: [BPCategory(name=Salary, type=INCOME, budgetCategoryId=null, range=DateRange(startDate=2026-04-01, endDate=2026-04-30), actual=2012.97, budgeted=0, lastAmount=null, isGroupHeader=false, columnIndex=0, isActive=true, isOverBudget=false)]
2026-04-13 12:27:25 INFO  c.a.b.w.b.BPCategoryRowBuilderService - Expenses: [BPCategory(name=Expenses, type=EXPENSE, budgetCategoryId=null, range=DateRange(startDate=2026-04-01, endDate=2026-04-30), actual=1930.72, budgeted=0, lastAmount=null, isGroupHeader=false, columnIndex=0, isActive=true, isOverBudget=false)]
2026-04-13 12:27:25 INFO  c.a.b.w.b.BPCategoryRowBuilderService - Columns: [BPColumn(columnIndex=0, dateRange=DateRange(startDate=2026-04-01, endDate=2026-04-30), period=MONTHLY, columnType=ACTUAL, isHeader=false)]
2026-04-13 12:27:33 INFO  c.a.b.w.budget.BudgetScheduleUtil - Retrieving Budget Schedule Ranges: [com.app.budgetbuddy.entities.BudgetScheduleRangeEntity@671bbe0a, com.app.budgetbuddy.entities.BudgetScheduleRangeEntity@105bbe2c, com.app.budgetbuddy.entities.BudgetScheduleRangeEntity@3d6b1d30, com.app.budgetbuddy.entities.BudgetScheduleRangeEntity@2afccfa7, com.app.budgetbuddy.entities.BudgetScheduleRangeEntity@46c9b176], size: 5
2026-04-13 12:27:33 INFO  c.a.b.w.budget.BudgetScheduleUtil - Retrieving Budget Schedule Ranges: [com.app.budgetbuddy.entities.BudgetScheduleRangeEntity@226ed32c, com.app.budgetbuddy.entities.BudgetScheduleRangeEntity@3320e8b5, com.app.budgetbuddy.entities.BudgetScheduleRangeEntity@5cc8648e, com.app.budgetbuddy.entities.BudgetScheduleRangeEntity@67b42eed, com.app.budgetbuddy.entities.BudgetScheduleRangeEntity@43da50a4], size: 5
2026-04-13 12:27:33 INFO  c.a.b.w.budget.BudgetScheduleUtil - Retrieving Budget Schedule Ranges: [com.app.budgetbuddy.entities.BudgetScheduleRangeEntity@1d07402b, com.app.budgetbuddy.entities.BudgetScheduleRangeEntity@741a2ab6, com.app.budgetbuddy.entities.BudgetScheduleRangeEntity@524da070, com.app.budgetbuddy.entities.BudgetScheduleRangeEntity@4beb5a65, com.app.budgetbuddy.entities.BudgetScheduleRangeEntity@61ca1ed5], size: 5
2026-04-13 12:27:33 INFO  c.a.b.w.budget.BudgetScheduleUtil - Retrieving Budget Schedule Ranges: [com.app.budgetbuddy.entities.BudgetScheduleRangeEntity@7ac52d05, com.app.budgetbuddy.entities.BudgetScheduleRangeEntity@3d6bda2c, com.app.budgetbuddy.entities.BudgetScheduleRangeEntity@6f56c0bd, com.app.budgetbuddy.entities.BudgetScheduleRangeEntity@2cc722d8], size: 4
2026-04-13 12:27:33 INFO  c.a.b.w.budget.BudgetScheduleUtil - Retrieving Budget Schedule Ranges: [com.app.budgetbuddy.entities.BudgetScheduleRangeEntity@1dd224f, com.app.budgetbuddy.entities.BudgetScheduleRangeEntity@3a10b6a4, com.app.budgetbuddy.entities.BudgetScheduleRangeEntity@d921e6e, com.app.budgetbuddy.entities.BudgetScheduleRangeEntity@1e71c85c, com.app.budgetbuddy.entities.BudgetScheduleRangeEntity@6ba0780e], size: 5
2026-04-13 12:27:33 INFO  c.a.b.w.budget.BudgetScheduleUtil - Retrieving Budget Schedule Ranges: [com.app.budgetbuddy.entities.BudgetScheduleRangeEntity@26387078, com.app.budgetbuddy.entities.BudgetScheduleRangeEntity@49be448d, com.app.budgetbuddy.entities.BudgetScheduleRangeEntity@2b8786f0, com.app.budgetbuddy.entities.BudgetScheduleRangeEntity@3afb0401, com.app.budgetbuddy.entities.BudgetScheduleRangeEntity@6b20dc9b], size: 5
2026-04-13 12:27:33 INFO  c.a.b.w.b.BPCategoryRowBuilderService - Total income: 4387.81
2026-04-13 12:27:33 INFO  c.a.b.w.b.BPCategoryRowBuilderService - Incomes: [BPCategory(name=Salary, type=INCOME, budgetCategoryId=null, range=DateRange(startDate=2025-11-01, endDate=2025-11-30), actual=4387.81, budgeted=0, lastAmount=null, isGroupHeader=false, columnIndex=0, isActive=true, isOverBudget=false)]
2026-04-13 12:27:33 INFO  c.a.b.w.b.BPCategoryRowBuilderService - Expenses: [BPCategory(name=Expenses, type=EXPENSE, budgetCategoryId=null, range=DateRange(startDate=2025-11-01, endDate=2025-11-30), actual=2721.88, budgeted=0, lastAmount=null, isGroupHeader=false, columnIndex=0, isActive=true, isOverBudget=false)]
2026-04-13 12:27:33 INFO  c.a.b.w.b.BPCategoryRowBuilderService - Columns: [BPColumn(columnIndex=0, dateRange=DateRange(startDate=2025-11-01, endDate=2025-11-30), period=MONTHLY, columnType=ACTUAL, isHeader=false)]
2026-04-13 12:27:33 INFO  c.a.b.w.b.BPCategoryRowBuilderService - Total income: 5896.54
2026-04-13 12:27:33 INFO  c.a.b.w.b.BPCategoryRowBuilderService - Incomes: [BPCategory(name=Salary, type=INCOME, budgetCategoryId=null, range=DateRange(startDate=2025-12-01, endDate=2025-12-31), actual=5896.54, budgeted=0, lastAmount=null, isGroupHeader=false, columnIndex=0, isActive=true, isOverBudget=false)]
2026-04-13 12:27:33 INFO  c.a.b.w.b.BPCategoryRowBuilderService - Expenses: [BPCategory(name=Expenses, type=EXPENSE, budgetCategoryId=null, range=DateRange(startDate=2025-12-01, endDate=2025-12-31), actual=3090.88, budgeted=0, lastAmount=null, isGroupHeader=false, columnIndex=0, isActive=true, isOverBudget=false)]
2026-04-13 12:27:33 INFO  c.a.b.w.b.BPCategoryRowBuilderService - Columns: [BPColumn(columnIndex=0, dateRange=DateRange(startDate=2025-12-01, endDate=2025-12-31), period=MONTHLY, columnType=ACTUAL, isHeader=false)]
2026-04-13 12:27:33 INFO  c.a.b.w.b.BPCategoryRowBuilderService - Total income: 3909.06
2026-04-13 12:27:33 INFO  c.a.b.w.b.BPCategoryRowBuilderService - Incomes: [BPCategory(name=Salary, type=INCOME, budgetCategoryId=null, range=DateRange(startDate=2026-01-01, endDate=2026-01-31), actual=3909.06, budgeted=0, lastAmount=null, isGroupHeader=false, columnIndex=0, isActive=true, isOverBudget=false)]
2026-04-13 12:27:33 INFO  c.a.b.w.b.BPCategoryRowBuilderService - Expenses: [BPCategory(name=Expenses, type=EXPENSE, budgetCategoryId=null, range=DateRange(startDate=2026-01-01, endDate=2026-01-31), actual=2412.01, budgeted=0, lastAmount=null, isGroupHeader=false, columnIndex=0, isActive=true, isOverBudget=false)]
2026-04-13 12:27:33 INFO  c.a.b.w.b.BPCategoryRowBuilderService - Columns: [BPColumn(columnIndex=0, dateRange=DateRange(startDate=2026-01-01, endDate=2026-01-31), period=MONTHLY, columnType=ACTUAL, isHeader=false)]
2026-04-13 12:27:33 INFO  c.a.b.w.b.BPCategoryRowBuilderService - Total income: 3937.09
2026-04-13 12:27:33 INFO  c.a.b.w.b.BPCategoryRowBuilderService - Incomes: [BPCategory(name=Salary, type=INCOME, budgetCategoryId=null, range=DateRange(startDate=2026-02-01, endDate=2026-02-28), actual=3937.09, budgeted=0, lastAmount=null, isGroupHeader=false, columnIndex=0, isActive=true, isOverBudget=false)]
2026-04-13 12:27:33 INFO  c.a.b.w.b.BPCategoryRowBuilderService - Expenses: [BPCategory(name=Expenses, type=EXPENSE, budgetCategoryId=null, range=DateRange(startDate=2026-02-01, endDate=2026-02-28), actual=3544.59, budgeted=0, lastAmount=null, isGroupHeader=false, columnIndex=0, isActive=true, isOverBudget=false)]
2026-04-13 12:27:33 INFO  c.a.b.w.b.BPCategoryRowBuilderService - Columns: [BPColumn(columnIndex=0, dateRange=DateRange(startDate=2026-02-01, endDate=2026-02-28), period=MONTHLY, columnType=ACTUAL, isHeader=false)]
2026-04-13 12:27:33 INFO  c.a.b.w.b.BPCategoryRowBuilderService - Total income: 1988.27
2026-04-13 12:27:33 INFO  c.a.b.w.b.BPCategoryRowBuilderService - Incomes: [BPCategory(name=Salary, type=INCOME, budgetCategoryId=null, range=DateRange(startDate=2026-03-01, endDate=2026-03-31), actual=1988.27, budgeted=0, lastAmount=null, isGroupHeader=false, columnIndex=0, isActive=true, isOverBudget=false)]
2026-04-13 12:27:33 INFO  c.a.b.w.b.BPCategoryRowBuilderService - Expenses: [BPCategory(name=Expenses, type=EXPENSE, budgetCategoryId=null, range=DateRange(startDate=2026-03-01, endDate=2026-03-31), actual=2983.82, budgeted=0, lastAmount=null, isGroupHeader=false, columnIndex=0, isActive=true, isOverBudget=false)]
2026-04-13 12:27:33 INFO  c.a.b.w.b.BPCategoryRowBuilderService - Columns: [BPColumn(columnIndex=0, dateRange=DateRange(startDate=2026-03-01, endDate=2026-03-31), period=MONTHLY, columnType=ACTUAL, isHeader=false)]
2026-04-13 12:27:33 INFO  c.a.b.w.b.BPCategoryRowBuilderService - Total income: 2012.97
2026-04-13 12:27:33 INFO  c.a.b.w.b.BPCategoryRowBuilderService - Incomes: [BPCategory(name=Salary, type=INCOME, budgetCategoryId=null, range=DateRange(startDate=2026-04-01, endDate=2026-04-30), actual=2012.97, budgeted=0, lastAmount=null, isGroupHeader=false, columnIndex=0, isActive=true, isOverBudget=false)]
2026-04-13 12:27:33 INFO  c.a.b.w.b.BPCategoryRowBuilderService - Expenses: [BPCategory(name=Expenses, type=EXPENSE, budgetCategoryId=null, range=DateRange(startDate=2026-04-01, endDate=2026-04-30), actual=1930.72, budgeted=0, lastAmount=null, isGroupHeader=false, columnIndex=0, isActive=true, isOverBudget=false)]
2026-04-13 12:27:33 INFO  c.a.b.w.b.BPCategoryRowBuilderService - Columns: [BPColumn(columnIndex=0, dateRange=DateRange(startDate=2026-04-01, endDate=2026-04-30), period=MONTHLY, columnType=ACTUAL, isHeader=false)]
2026-04-13 12:27:40 INFO  c.a.b.w.budget.BudgetScheduleUtil - Retrieving Budget Schedule Ranges: [com.app.budgetbuddy.entities.BudgetScheduleRangeEntity@5a1d2d2, com.app.budgetbuddy.entities.BudgetScheduleRangeEntity@58b15e46, com.app.budgetbuddy.entities.BudgetScheduleRangeEntity@6057eb20, com.app.budgetbuddy.entities.BudgetScheduleRangeEntity@391b9560, com.app.budgetbuddy.entities.BudgetScheduleRangeEntity@57b0ff4e], size: 5
2026-04-13 12:27:40 INFO  c.a.b.w.budget.BudgetScheduleUtil - Retrieving Budget Schedule Ranges: [com.app.budgetbuddy.entities.BudgetScheduleRangeEntity@657ae6e9, com.app.budgetbuddy.entities.BudgetScheduleRangeEntity@7e45370, com.app.budgetbuddy.entities.BudgetScheduleRangeEntity@6608b65f, com.app.budgetbuddy.entities.BudgetScheduleRangeEntity@5ffed859, com.app.budgetbuddy.entities.BudgetScheduleRangeEntity@4020524e], size: 5
2026-04-13 12:27:40 INFO  c.a.b.w.budget.BudgetScheduleUtil - Retrieving Budget Schedule Ranges: [com.app.budgetbuddy.entities.BudgetScheduleRangeEntity@3bb7a3, com.app.budgetbuddy.entities.BudgetScheduleRangeEntity@15df5567, com.app.budgetbuddy.entities.BudgetScheduleRangeEntity@4665dc9d, com.app.budgetbuddy.entities.BudgetScheduleRangeEntity@21ad4216, com.app.budgetbuddy.entities.BudgetScheduleRangeEntity@5847ed0b], size: 5
2026-04-13 12:27:40 INFO  c.a.b.w.budget.BudgetScheduleUtil - Retrieving Budget Schedule Ranges: [com.app.budgetbuddy.entities.BudgetScheduleRangeEntity@4a5d967c, com.app.budgetbuddy.entities.BudgetScheduleRangeEntity@6bc5c8d3, com.app.budgetbuddy.entities.BudgetScheduleRangeEntity@3ea88c8f, com.app.budgetbuddy.entities.BudgetScheduleRangeEntity@65aaa55], size: 4
2026-04-13 12:27:40 INFO  c.a.b.w.budget.BudgetScheduleUtil - Retrieving Budget Schedule Ranges: [com.app.budgetbuddy.entities.BudgetScheduleRangeEntity@7adba2be, com.app.budgetbuddy.entities.BudgetScheduleRangeEntity@190294da, com.app.budgetbuddy.entities.BudgetScheduleRangeEntity@771dfef7, com.app.budgetbuddy.entities.BudgetScheduleRangeEntity@6180574b, com.app.budgetbuddy.entities.BudgetScheduleRangeEntity@4bdafeb6], size: 5
2026-04-13 12:27:40 INFO  c.a.b.w.budget.BudgetScheduleUtil - Retrieving Budget Schedule Ranges: [com.app.budgetbuddy.entities.BudgetScheduleRangeEntity@d668cf6, com.app.budgetbuddy.entities.BudgetScheduleRangeEntity@3a4e4fdd, com.app.budgetbuddy.entities.BudgetScheduleRangeEntity@24bf6516, com.app.budgetbuddy.entities.BudgetScheduleRangeEntity@120c8c06, com.app.budgetbuddy.entities.BudgetScheduleRangeEntity@4cd4982e], size: 5
2026-04-13 12:27:40 INFO  c.a.b.w.b.BPCategoryRowBuilderService - Total income: 4387.81
2026-04-13 12:27:40 INFO  c.a.b.w.b.BPCategoryRowBuilderService - Incomes: [BPCategory(name=Salary, type=INCOME, budgetCategoryId=null, range=DateRange(startDate=2025-11-01, endDate=2025-11-30), actual=4387.81, budgeted=0, lastAmount=null, isGroupHeader=false, columnIndex=0, isActive=true, isOverBudget=false)]
2026-04-13 12:27:40 INFO  c.a.b.w.b.BPCategoryRowBuilderService - Expenses: [BPCategory(name=Expenses, type=EXPENSE, budgetCategoryId=null, range=DateRange(startDate=2025-11-01, endDate=2025-11-30), actual=2721.88, budgeted=0, lastAmount=null, isGroupHeader=false, columnIndex=0, isActive=true, isOverBudget=false)]
2026-04-13 12:27:40 INFO  c.a.b.w.b.BPCategoryRowBuilderService - Columns: [BPColumn(columnIndex=0, dateRange=DateRange(startDate=2025-11-01, endDate=2025-11-30), period=MONTHLY, columnType=ACTUAL, isHeader=false)]
2026-04-13 12:27:40 INFO  c.a.b.w.b.BPCategoryRowBuilderService - Total income: 5896.54
2026-04-13 12:27:40 INFO  c.a.b.w.b.BPCategoryRowBuilderService - Incomes: [BPCategory(name=Salary, type=INCOME, budgetCategoryId=null, range=DateRange(startDate=2025-12-01, endDate=2025-12-31), actual=5896.54, budgeted=0, lastAmount=null, isGroupHeader=false, columnIndex=0, isActive=true, isOverBudget=false)]
2026-04-13 12:27:40 INFO  c.a.b.w.b.BPCategoryRowBuilderService - Expenses: [BPCategory(name=Expenses, type=EXPENSE, budgetCategoryId=null, range=DateRange(startDate=2025-12-01, endDate=2025-12-31), actual=3090.88, budgeted=0, lastAmount=null, isGroupHeader=false, columnIndex=0, isActive=true, isOverBudget=false)]
2026-04-13 12:27:40 INFO  c.a.b.w.b.BPCategoryRowBuilderService - Columns: [BPColumn(columnIndex=0, dateRange=DateRange(startDate=2025-12-01, endDate=2025-12-31), period=MONTHLY, columnType=ACTUAL, isHeader=false)]
2026-04-13 12:27:40 INFO  c.a.b.w.b.BPCategoryRowBuilderService - Total income: 3909.06
2026-04-13 12:27:40 INFO  c.a.b.w.b.BPCategoryRowBuilderService - Incomes: [BPCategory(name=Salary, type=INCOME, budgetCategoryId=null, range=DateRange(startDate=2026-01-01, endDate=2026-01-31), actual=3909.06, budgeted=0, lastAmount=null, isGroupHeader=false, columnIndex=0, isActive=true, isOverBudget=false)]
2026-04-13 12:27:40 INFO  c.a.b.w.b.BPCategoryRowBuilderService - Expenses: [BPCategory(name=Expenses, type=EXPENSE, budgetCategoryId=null, range=DateRange(startDate=2026-01-01, endDate=2026-01-31), actual=2412.01, budgeted=0, lastAmount=null, isGroupHeader=false, columnIndex=0, isActive=true, isOverBudget=false)]
2026-04-13 12:27:40 INFO  c.a.b.w.b.BPCategoryRowBuilderService - Columns: [BPColumn(columnIndex=0, dateRange=DateRange(startDate=2026-01-01, endDate=2026-01-31), period=MONTHLY, columnType=ACTUAL, isHeader=false)]
2026-04-13 12:27:40 INFO  c.a.b.w.b.BPCategoryRowBuilderService - Total income: 3937.09
2026-04-13 12:27:40 INFO  c.a.b.w.b.BPCategoryRowBuilderService - Incomes: [BPCategory(name=Salary, type=INCOME, budgetCategoryId=null, range=DateRange(startDate=2026-02-01, endDate=2026-02-28), actual=3937.09, budgeted=0, lastAmount=null, isGroupHeader=false, columnIndex=0, isActive=true, isOverBudget=false)]
2026-04-13 12:27:40 INFO  c.a.b.w.b.BPCategoryRowBuilderService - Expenses: [BPCategory(name=Expenses, type=EXPENSE, budgetCategoryId=null, range=DateRange(startDate=2026-02-01, endDate=2026-02-28), actual=3544.59, budgeted=0, lastAmount=null, isGroupHeader=false, columnIndex=0, isActive=true, isOverBudget=false)]
2026-04-13 12:27:40 INFO  c.a.b.w.b.BPCategoryRowBuilderService - Columns: [BPColumn(columnIndex=0, dateRange=DateRange(startDate=2026-02-01, endDate=2026-02-28), period=MONTHLY, columnType=ACTUAL, isHeader=false)]
2026-04-13 12:27:40 INFO  c.a.b.w.b.BPCategoryRowBuilderService - Total income: 1988.27
2026-04-13 12:27:40 INFO  c.a.b.w.b.BPCategoryRowBuilderService - Incomes: [BPCategory(name=Salary, type=INCOME, budgetCategoryId=null, range=DateRange(startDate=2026-03-01, endDate=2026-03-31), actual=1988.27, budgeted=0, lastAmount=null, isGroupHeader=false, columnIndex=0, isActive=true, isOverBudget=false)]
2026-04-13 12:27:40 INFO  c.a.b.w.b.BPCategoryRowBuilderService - Expenses: [BPCategory(name=Expenses, type=EXPENSE, budgetCategoryId=null, range=DateRange(startDate=2026-03-01, endDate=2026-03-31), actual=2983.82, budgeted=0, lastAmount=null, isGroupHeader=false, columnIndex=0, isActive=true, isOverBudget=false)]
2026-04-13 12:27:40 INFO  c.a.b.w.b.BPCategoryRowBuilderService - Columns: [BPColumn(columnIndex=0, dateRange=DateRange(startDate=2026-03-01, endDate=2026-03-31), period=MONTHLY, columnType=ACTUAL, isHeader=false)]
2026-04-13 12:27:40 INFO  c.a.b.w.b.BPCategoryRowBuilderService - Total income: 2012.97
2026-04-13 12:27:40 INFO  c.a.b.w.b.BPCategoryRowBuilderService - Incomes: [BPCategory(name=Salary, type=INCOME, budgetCategoryId=null, range=DateRange(startDate=2026-04-01, endDate=2026-04-30), actual=2012.97, budgeted=0, lastAmount=null, isGroupHeader=false, columnIndex=0, isActive=true, isOverBudget=false)]
2026-04-13 12:27:40 INFO  c.a.b.w.b.BPCategoryRowBuilderService - Expenses: [BPCategory(name=Expenses, type=EXPENSE, budgetCategoryId=null, range=DateRange(startDate=2026-04-01, endDate=2026-04-30), actual=1930.72, budgeted=0, lastAmount=null, isGroupHeader=false, columnIndex=0, isActive=true, isOverBudget=false)]
2026-04-13 12:27:40 INFO  c.a.b.w.b.BPCategoryRowBuilderService - Columns: [BPColumn(columnIndex=0, dateRange=DateRange(startDate=2026-04-01, endDate=2026-04-30), period=MONTHLY, columnType=ACTUAL, isHeader=false)]
2026-04-13 12:27:45 WARN  o.s.w.s.m.s.DefaultHandlerExceptionResolver - Ignoring exception, response committed already: org.springframework.http.converter.HttpMessageNotWritableException: Could not write JSON: Document nesting depth (1001) exceeds the maximum allowed (1000, from `StreamWriteConstraints.getMaxNestingDepth()`)
2026-04-13 12:27:45 WARN  o.s.w.s.m.s.DefaultHandlerExceptionResolver - Resolved [org.springframework.http.converter.HttpMessageNotWritableException: Could not write JSON: Document nesting depth (1001) exceeds the maximum allowed (1000, from `StreamWriteConstraints.getMaxNestingDepth()`)]
2026-04-13 12:27:45 WARN  o.s.w.s.m.s.DefaultHandlerExceptionResolver - Ignoring exception, response committed already: org.springframework.http.converter.HttpMessageNotWritableException: Could not write JSON: Document nesting depth (1001) exceeds the maximum allowed (1000, from `StreamWriteConstraints.getMaxNestingDepth()`)
2026-04-13 12:27:45 WARN  o.s.w.s.m.s.DefaultHandlerExceptionResolver - Resolved [org.springframework.http.converter.HttpMessageNotWritableException: Could not write JSON: Document nesting depth (1001) exceeds the maximum allowed (1000, from `StreamWriteConstraints.getMaxNestingDepth()`)]
2026-04-13 12:27:46 WARN  o.s.w.s.m.s.DefaultHandlerExceptionResolver - Ignoring exception, response committed already: org.springframework.http.converter.HttpMessageNotWritableException: Could not write JSON: Document nesting depth (1001) exceeds the maximum allowed (1000, from `StreamWriteConstraints.getMaxNestingDepth()`)
2026-04-13 12:27:46 WARN  o.s.w.s.m.s.DefaultHandlerExceptionResolver - Resolved [org.springframework.http.converter.HttpMessageNotWritableException: Could not write JSON: Document nesting depth (1001) exceeds the maximum allowed (1000, from `StreamWriteConstraints.getMaxNestingDepth()`)]
2026-04-13 12:27:46 INFO  c.a.b.w.budget.BudgetScheduleUtil - Retrieving Budget Schedule Ranges: [com.app.budgetbuddy.entities.BudgetScheduleRangeEntity@56829203, com.app.budgetbuddy.entities.BudgetScheduleRangeEntity@5f118b07, com.app.budgetbuddy.entities.BudgetScheduleRangeEntity@35996e91, com.app.budgetbuddy.entities.BudgetScheduleRangeEntity@60015c68, com.app.budgetbuddy.entities.BudgetScheduleRangeEntity@7c43428f], size: 5
2026-04-13 12:27:46 INFO  c.a.b.w.budget.BudgetScheduleUtil - Retrieving Budget Schedule Ranges: [com.app.budgetbuddy.entities.BudgetScheduleRangeEntity@604471c1, com.app.budgetbuddy.entities.BudgetScheduleRangeEntity@74592bef, com.app.budgetbuddy.entities.BudgetScheduleRangeEntity@3f6286fa, com.app.budgetbuddy.entities.BudgetScheduleRangeEntity@8b4ad7e, com.app.budgetbuddy.entities.BudgetScheduleRangeEntity@37509ebd], size: 5
2026-04-13 12:27:46 INFO  c.a.b.w.budget.BudgetScheduleUtil - Retrieving Budget Schedule Ranges: [com.app.budgetbuddy.entities.BudgetScheduleRangeEntity@2f9880c8, com.app.budgetbuddy.entities.BudgetScheduleRangeEntity@27ab49dd, com.app.budgetbuddy.entities.BudgetScheduleRangeEntity@309c23a7, com.app.budgetbuddy.entities.BudgetScheduleRangeEntity@59be2af5, com.app.budgetbuddy.entities.BudgetScheduleRangeEntity@196df7b1], size: 5
2026-04-13 12:27:46 INFO  c.a.b.w.budget.BudgetScheduleUtil - Retrieving Budget Schedule Ranges: [com.app.budgetbuddy.entities.BudgetScheduleRangeEntity@1bc8fce8, com.app.budgetbuddy.entities.BudgetScheduleRangeEntity@3667b0b7, com.app.budgetbuddy.entities.BudgetScheduleRangeEntity@7636a634, com.app.budgetbuddy.entities.BudgetScheduleRangeEntity@7acb7c56], size: 4
2026-04-13 12:27:46 INFO  c.a.b.w.budget.BudgetScheduleUtil - Retrieving Budget Schedule Ranges: [com.app.budgetbuddy.entities.BudgetScheduleRangeEntity@f12adf0, com.app.budgetbuddy.entities.BudgetScheduleRangeEntity@166a89be, com.app.budgetbuddy.entities.BudgetScheduleRangeEntity@62e3fcf5, com.app.budgetbuddy.entities.BudgetScheduleRangeEntity@6d900198, com.app.budgetbuddy.entities.BudgetScheduleRangeEntity@5c1cc995], size: 5
2026-04-13 12:27:46 INFO  c.a.b.w.budget.BudgetScheduleUtil - Retrieving Budget Schedule Ranges: [com.app.budgetbuddy.entities.BudgetScheduleRangeEntity@28b1c511, com.app.budgetbuddy.entities.BudgetScheduleRangeEntity@77dda5c8, com.app.budgetbuddy.entities.BudgetScheduleRangeEntity@7135b1a3, com.app.budgetbuddy.entities.BudgetScheduleRangeEntity@631b8385, com.app.budgetbuddy.entities.BudgetScheduleRangeEntity@3fff9570], size: 5
2026-04-13 12:27:46 INFO  c.a.b.w.b.BPCategoryRowBuilderService - Total income: 4387.81
2026-04-13 12:27:46 INFO  c.a.b.w.b.BPCategoryRowBuilderService - Incomes: [BPCategory(name=Salary, type=INCOME, budgetCategoryId=null, range=DateRange(startDate=2025-11-01, endDate=2025-11-30), actual=4387.81, budgeted=0, lastAmount=null, isGroupHeader=false, columnIndex=0, isActive=true, isOverBudget=false)]
2026-04-13 12:27:46 INFO  c.a.b.w.b.BPCategoryRowBuilderService - Expenses: [BPCategory(name=Expenses, type=EXPENSE, budgetCategoryId=null, range=DateRange(startDate=2025-11-01, endDate=2025-11-30), actual=2721.88, budgeted=0, lastAmount=null, isGroupHeader=false, columnIndex=0, isActive=true, isOverBudget=false)]
2026-04-13 12:27:46 INFO  c.a.b.w.b.BPCategoryRowBuilderService - Columns: [BPColumn(columnIndex=0, dateRange=DateRange(startDate=2025-11-01, endDate=2025-11-30), period=MONTHLY, columnType=ACTUAL, isHeader=false)]
2026-04-13 12:27:46 INFO  c.a.b.w.b.BPCategoryRowBuilderService - Total income: 5896.54
2026-04-13 12:27:46 INFO  c.a.b.w.b.BPCategoryRowBuilderService - Incomes: [BPCategory(name=Salary, type=INCOME, budgetCategoryId=null, range=DateRange(startDate=2025-12-01, endDate=2025-12-31), actual=5896.54, budgeted=0, lastAmount=null, isGroupHeader=false, columnIndex=0, isActive=true, isOverBudget=false)]
2026-04-13 12:27:46 INFO  c.a.b.w.b.BPCategoryRowBuilderService - Expenses: [BPCategory(name=Expenses, type=EXPENSE, budgetCategoryId=null, range=DateRange(startDate=2025-12-01, endDate=2025-12-31), actual=3090.88, budgeted=0, lastAmount=null, isGroupHeader=false, columnIndex=0, isActive=true, isOverBudget=false)]
2026-04-13 12:27:46 INFO  c.a.b.w.b.BPCategoryRowBuilderService - Columns: [BPColumn(columnIndex=0, dateRange=DateRange(startDate=2025-12-01, endDate=2025-12-31), period=MONTHLY, columnType=ACTUAL, isHeader=false)]
2026-04-13 12:27:46 INFO  c.a.b.w.b.BPCategoryRowBuilderService - Total income: 3909.06
2026-04-13 12:27:46 INFO  c.a.b.w.b.BPCategoryRowBuilderService - Incomes: [BPCategory(name=Salary, type=INCOME, budgetCategoryId=null, range=DateRange(startDate=2026-01-01, endDate=2026-01-31), actual=3909.06, budgeted=0, lastAmount=null, isGroupHeader=false, columnIndex=0, isActive=true, isOverBudget=false)]
2026-04-13 12:27:46 INFO  c.a.b.w.b.BPCategoryRowBuilderService - Expenses: [BPCategory(name=Expenses, type=EXPENSE, budgetCategoryId=null, range=DateRange(startDate=2026-01-01, endDate=2026-01-31), actual=2412.01, budgeted=0, lastAmount=null, isGroupHeader=false, columnIndex=0, isActive=true, isOverBudget=false)]
2026-04-13 12:27:46 INFO  c.a.b.w.b.BPCategoryRowBuilderService - Columns: [BPColumn(columnIndex=0, dateRange=DateRange(startDate=2026-01-01, endDate=2026-01-31), period=MONTHLY, columnType=ACTUAL, isHeader=false)]
2026-04-13 12:27:46 WARN  o.s.w.s.m.s.DefaultHandlerExceptionResolver - Ignoring exception, response committed already: org.springframework.http.converter.HttpMessageNotWritableException: Could not write JSON: Document nesting depth (1001) exceeds the maximum allowed (1000, from `StreamWriteConstraints.getMaxNestingDepth()`)
2026-04-13 12:27:46 WARN  o.s.w.s.m.s.DefaultHandlerExceptionResolver - Resolved [org.springframework.http.converter.HttpMessageNotWritableException: Could not write JSON: Document nesting depth (1001) exceeds the maximum allowed (1000, from `StreamWriteConstraints.getMaxNestingDepth()`)]
2026-04-13 12:27:46 INFO  c.a.b.w.b.BPCategoryRowBuilderService - Total income: 3937.09
2026-04-13 12:27:46 INFO  c.a.b.w.b.BPCategoryRowBuilderService - Incomes: [BPCategory(name=Salary, type=INCOME, budgetCategoryId=null, range=DateRange(startDate=2026-02-01, endDate=2026-02-28), actual=3937.09, budgeted=0, lastAmount=null, isGroupHeader=false, columnIndex=0, isActive=true, isOverBudget=false)]
2026-04-13 12:27:46 INFO  c.a.b.w.b.BPCategoryRowBuilderService - Expenses: [BPCategory(name=Expenses, type=EXPENSE, budgetCategoryId=null, range=DateRange(startDate=2026-02-01, endDate=2026-02-28), actual=3544.59, budgeted=0, lastAmount=null, isGroupHeader=false, columnIndex=0, isActive=true, isOverBudget=false)]
2026-04-13 12:27:46 INFO  c.a.b.w.b.BPCategoryRowBuilderService - Columns: [BPColumn(columnIndex=0, dateRange=DateRange(startDate=2026-02-01, endDate=2026-02-28), period=MONTHLY, columnType=ACTUAL, isHeader=false)]
2026-04-13 12:27:46 INFO  c.a.b.w.b.BPCategoryRowBuilderService - Total income: 1988.27
2026-04-13 12:27:46 INFO  c.a.b.w.b.BPCategoryRowBuilderService - Incomes: [BPCategory(name=Salary, type=INCOME, budgetCategoryId=null, range=DateRange(startDate=2026-03-01, endDate=2026-03-31), actual=1988.27, budgeted=0, lastAmount=null, isGroupHeader=false, columnIndex=0, isActive=true, isOverBudget=false)]
2026-04-13 12:27:46 INFO  c.a.b.w.b.BPCategoryRowBuilderService - Expenses: [BPCategory(name=Expenses, type=EXPENSE, budgetCategoryId=null, range=DateRange(startDate=2026-03-01, endDate=2026-03-31), actual=2983.82, budgeted=0, lastAmount=null, isGroupHeader=false, columnIndex=0, isActive=true, isOverBudget=false)]
2026-04-13 12:27:46 INFO  c.a.b.w.b.BPCategoryRowBuilderService - Columns: [BPColumn(columnIndex=0, dateRange=DateRange(startDate=2026-03-01, endDate=2026-03-31), period=MONTHLY, columnType=ACTUAL, isHeader=false)]
2026-04-13 12:27:46 INFO  c.a.b.w.b.BPCategoryRowBuilderService - Total income: 2012.97
2026-04-13 12:27:46 INFO  c.a.b.w.b.BPCategoryRowBuilderService - Incomes: [BPCategory(name=Salary, type=INCOME, budgetCategoryId=null, range=DateRange(startDate=2026-04-01, endDate=2026-04-30), actual=2012.97, budgeted=0, lastAmount=null, isGroupHeader=false, columnIndex=0, isActive=true, isOverBudget=false)]
2026-04-13 12:27:46 INFO  c.a.b.w.b.BPCategoryRowBuilderService - Expenses: [BPCategory(name=Expenses, type=EXPENSE, budgetCategoryId=null, range=DateRange(startDate=2026-04-01, endDate=2026-04-30), actual=1930.72, budgeted=0, lastAmount=null, isGroupHeader=false, columnIndex=0, isActive=true, isOverBudget=false)]
2026-04-13 12:27:46 INFO  c.a.b.w.b.BPCategoryRowBuilderService - Columns: [BPColumn(columnIndex=0, dateRange=DateRange(startDate=2026-04-01, endDate=2026-04-30), period=MONTHLY, columnType=ACTUAL, isHeader=false)]
2026-04-13 12:29:06 INFO  c.a.b.w.budget.BudgetScheduleUtil - Retrieving Budget Schedule Ranges: [com.app.budgetbuddy.entities.BudgetScheduleRangeEntity@2cdb1e63, com.app.budgetbuddy.entities.BudgetScheduleRangeEntity@c4389a9, com.app.budgetbuddy.entities.BudgetScheduleRangeEntity@789fb644, com.app.budgetbuddy.entities.BudgetScheduleRangeEntity@5e477b09, com.app.budgetbuddy.entities.BudgetScheduleRangeEntity@55638cfd], size: 5
2026-04-13 12:29:06 INFO  c.a.b.w.budget.BudgetScheduleUtil - Retrieving Budget Schedule Ranges: [com.app.budgetbuddy.entities.BudgetScheduleRangeEntity@41fcd1ad, com.app.budgetbuddy.entities.BudgetScheduleRangeEntity@3b644866, com.app.budgetbuddy.entities.BudgetScheduleRangeEntity@136f26d4, com.app.budgetbuddy.entities.BudgetScheduleRangeEntity@2c3acb07, com.app.budgetbuddy.entities.BudgetScheduleRangeEntity@3eb5d208], size: 5
2026-04-13 12:29:06 INFO  c.a.b.w.budget.BudgetScheduleUtil - Retrieving Budget Schedule Ranges: [com.app.budgetbuddy.entities.BudgetScheduleRangeEntity@121fafab, com.app.budgetbuddy.entities.BudgetScheduleRangeEntity@2f2b2ece, com.app.budgetbuddy.entities.BudgetScheduleRangeEntity@64b4b0ad, com.app.budgetbuddy.entities.BudgetScheduleRangeEntity@7f5e3384, com.app.budgetbuddy.entities.BudgetScheduleRangeEntity@390367], size: 5
2026-04-13 12:29:06 INFO  c.a.b.w.budget.BudgetScheduleUtil - Retrieving Budget Schedule Ranges: [com.app.budgetbuddy.entities.BudgetScheduleRangeEntity@3dd35772, com.app.budgetbuddy.entities.BudgetScheduleRangeEntity@64003e75, com.app.budgetbuddy.entities.BudgetScheduleRangeEntity@4197c2b1, com.app.budgetbuddy.entities.BudgetScheduleRangeEntity@16591546], size: 4
2026-04-13 12:29:06 INFO  c.a.b.w.budget.BudgetScheduleUtil - Retrieving Budget Schedule Ranges: [com.app.budgetbuddy.entities.BudgetScheduleRangeEntity@6116fec2, com.app.budgetbuddy.entities.BudgetScheduleRangeEntity@3a2b90ce, com.app.budgetbuddy.entities.BudgetScheduleRangeEntity@15d23077, com.app.budgetbuddy.entities.BudgetScheduleRangeEntity@180bc513, com.app.budgetbuddy.entities.BudgetScheduleRangeEntity@7e409b3c], size: 5
2026-04-13 12:29:06 INFO  c.a.b.w.budget.BudgetScheduleUtil - Retrieving Budget Schedule Ranges: [com.app.budgetbuddy.entities.BudgetScheduleRangeEntity@41699039, com.app.budgetbuddy.entities.BudgetScheduleRangeEntity@5b6ab93b, com.app.budgetbuddy.entities.BudgetScheduleRangeEntity@4c37c3c2, com.app.budgetbuddy.entities.BudgetScheduleRangeEntity@e80093c, com.app.budgetbuddy.entities.BudgetScheduleRangeEntity@33326c4e], size: 5
2026-04-13 12:29:06 INFO  c.a.b.w.b.BPCategoryRowBuilderService - Total income: 4387.81
2026-04-13 12:29:06 INFO  c.a.b.w.b.BPCategoryRowBuilderService - Incomes: [BPCategory(name=Salary, type=INCOME, budgetCategoryId=null, range=DateRange(startDate=2025-11-01, endDate=2025-11-30), actual=4387.81, budgeted=0, lastAmount=null, isGroupHeader=false, columnIndex=0, isActive=true, isOverBudget=false)]
2026-04-13 12:29:06 INFO  c.a.b.w.b.BPCategoryRowBuilderService - Expenses: [BPCategory(name=Expenses, type=EXPENSE, budgetCategoryId=null, range=DateRange(startDate=2025-11-01, endDate=2025-11-30), actual=2721.88, budgeted=0, lastAmount=null, isGroupHeader=false, columnIndex=0, isActive=true, isOverBudget=false)]
2026-04-13 12:29:06 INFO  c.a.b.w.b.BPCategoryRowBuilderService - Columns: [BPColumn(columnIndex=0, dateRange=DateRange(startDate=2025-11-01, endDate=2025-11-30), period=MONTHLY, columnType=ACTUAL, isHeader=false)]
2026-04-13 12:29:06 INFO  c.a.b.w.b.BPCategoryRowBuilderService - Total income: 5896.54
2026-04-13 12:29:06 INFO  c.a.b.w.b.BPCategoryRowBuilderService - Incomes: [BPCategory(name=Salary, type=INCOME, budgetCategoryId=null, range=DateRange(startDate=2025-12-01, endDate=2025-12-31), actual=5896.54, budgeted=0, lastAmount=null, isGroupHeader=false, columnIndex=0, isActive=true, isOverBudget=false)]
2026-04-13 12:29:06 INFO  c.a.b.w.b.BPCategoryRowBuilderService - Expenses: [BPCategory(name=Expenses, type=EXPENSE, budgetCategoryId=null, range=DateRange(startDate=2025-12-01, endDate=2025-12-31), actual=3090.88, budgeted=0, lastAmount=null, isGroupHeader=false, columnIndex=0, isActive=true, isOverBudget=false)]
2026-04-13 12:29:06 INFO  c.a.b.w.b.BPCategoryRowBuilderService - Columns: [BPColumn(columnIndex=0, dateRange=DateRange(startDate=2025-12-01, endDate=2025-12-31), period=MONTHLY, columnType=ACTUAL, isHeader=false)]
2026-04-13 12:29:06 INFO  c.a.b.w.b.BPCategoryRowBuilderService - Total income: 3909.06
2026-04-13 12:29:06 INFO  c.a.b.w.b.BPCategoryRowBuilderService - Incomes: [BPCategory(name=Salary, type=INCOME, budgetCategoryId=null, range=DateRange(startDate=2026-01-01, endDate=2026-01-31), actual=3909.06, budgeted=0, lastAmount=null, isGroupHeader=false, columnIndex=0, isActive=true, isOverBudget=false)]
2026-04-13 12:29:06 INFO  c.a.b.w.b.BPCategoryRowBuilderService - Expenses: [BPCategory(name=Expenses, type=EXPENSE, budgetCategoryId=null, range=DateRange(startDate=2026-01-01, endDate=2026-01-31), actual=2412.01, budgeted=0, lastAmount=null, isGroupHeader=false, columnIndex=0, isActive=true, isOverBudget=false)]
2026-04-13 12:29:06 INFO  c.a.b.w.b.BPCategoryRowBuilderService - Columns: [BPColumn(columnIndex=0, dateRange=DateRange(startDate=2026-01-01, endDate=2026-01-31), period=MONTHLY, columnType=ACTUAL, isHeader=false)]
2026-04-13 12:29:06 INFO  c.a.b.w.b.BPCategoryRowBuilderService - Total income: 3937.09
2026-04-13 12:29:06 INFO  c.a.b.w.b.BPCategoryRowBuilderService - Incomes: [BPCategory(name=Salary, type=INCOME, budgetCategoryId=null, range=DateRange(startDate=2026-02-01, endDate=2026-02-28), actual=3937.09, budgeted=0, lastAmount=null, isGroupHeader=false, columnIndex=0, isActive=true, isOverBudget=false)]
2026-04-13 12:29:06 INFO  c.a.b.w.b.BPCategoryRowBuilderService - Expenses: [BPCategory(name=Expenses, type=EXPENSE, budgetCategoryId=null, range=DateRange(startDate=2026-02-01, endDate=2026-02-28), actual=3544.59, budgeted=0, lastAmount=null, isGroupHeader=false, columnIndex=0, isActive=true, isOverBudget=false)]
2026-04-13 12:29:06 INFO  c.a.b.w.b.BPCategoryRowBuilderService - Columns: [BPColumn(columnIndex=0, dateRange=DateRange(startDate=2026-02-01, endDate=2026-02-28), period=MONTHLY, columnType=ACTUAL, isHeader=false)]
2026-04-13 12:29:06 INFO  c.a.b.w.b.BPCategoryRowBuilderService - Total income: 1988.27
2026-04-13 12:29:06 INFO  c.a.b.w.b.BPCategoryRowBuilderService - Incomes: [BPCategory(name=Salary, type=INCOME, budgetCategoryId=null, range=DateRange(startDate=2026-03-01, endDate=2026-03-31), actual=1988.27, budgeted=0, lastAmount=null, isGroupHeader=false, columnIndex=0, isActive=true, isOverBudget=false)]
2026-04-13 12:29:06 INFO  c.a.b.w.b.BPCategoryRowBuilderService - Expenses: [BPCategory(name=Expenses, type=EXPENSE, budgetCategoryId=null, range=DateRange(startDate=2026-03-01, endDate=2026-03-31), actual=2983.82, budgeted=0, lastAmount=null, isGroupHeader=false, columnIndex=0, isActive=true, isOverBudget=false)]
2026-04-13 12:29:06 INFO  c.a.b.w.b.BPCategoryRowBuilderService - Columns: [BPColumn(columnIndex=0, dateRange=DateRange(startDate=2026-03-01, endDate=2026-03-31), period=MONTHLY, columnType=ACTUAL, isHeader=false)]
2026-04-13 12:29:06 INFO  c.a.b.w.b.BPCategoryRowBuilderService - Total income: 2012.97
2026-04-13 12:29:06 INFO  c.a.b.w.b.BPCategoryRowBuilderService - Incomes: [BPCategory(name=Salary, type=INCOME, budgetCategoryId=null, range=DateRange(startDate=2026-04-01, endDate=2026-04-30), actual=2012.97, budgeted=0, lastAmount=null, isGroupHeader=false, columnIndex=0, isActive=true, isOverBudget=false)]
2026-04-13 12:29:06 INFO  c.a.b.w.b.BPCategoryRowBuilderService - Expenses: [BPCategory(name=Expenses, type=EXPENSE, budgetCategoryId=null, range=DateRange(startDate=2026-04-01, endDate=2026-04-30), actual=1930.72, budgeted=0, lastAmount=null, isGroupHeader=false, columnIndex=0, isActive=true, isOverBudget=false)]
2026-04-13 12:29:06 INFO  c.a.b.w.b.BPCategoryRowBuilderService - Columns: [BPColumn(columnIndex=0, dateRange=DateRange(startDate=2026-04-01, endDate=2026-04-30), period=MONTHLY, columnType=ACTUAL, isHeader=false)]
2026-04-13 12:32:28 INFO  org.quartz.core.QuartzScheduler - Scheduler quartzScheduler_$_NON_CLUSTERED paused.
